id,aggregated_rating,aggregated_rating_count,first_release_date,rating,rating_count,game_type,positive_reviews,negative_reviews,review_count,normalized,genre_2,genre_4,genre_5,genre_7,genre_8,genre_9,genre_10,genre_11,genre_12,genre_13,genre_14,genre_15,genre_16,genre_24,genre_25,genre_26,genre_30,genre_31,genre_32,genre_33,genre_34,genre_35,genre_36,theme_1,theme_17,theme_18,theme_19,theme_20,theme_21,theme_22,theme_23,theme_27,theme_28,theme_31,theme_32,theme_33,theme_34,theme_35,theme_38,theme_39,theme_40,theme_41,theme_42,theme_43,theme_44,game_mode_1,game_mode_2,game_mode_3,game_mode_4,game_mode_5,game_mode_6,perspective_1,perspective_2,perspective_3,perspective_4,perspective_5,perspective_6,perspective_7
305152,87.0,5,1745452800,91.54098967790729,791.0,0,0.000852163175577,0.000236141703458,0.000765540849142,0.8049958895551196,0,0,0,0,0,0,0,0,1,0,0,0,0,0,0,0,0,1,1,0,0,0,0,1,1,0,0,0,0,0,0,0,0,0,0,0,0,0,0,0,0,0,0,0,0,1,0,0,0,0,0,0,1,0,0,0,0,0
1335,85.0,2,1351555200,77.84215548593593,30.0,0,8.991293881e-05,9.4731264759e-05,9.0590471368e-05,-0.05319040866163901,0,0,1,0,0,1,0,1,0,0,0,1,0,0,0,0,0,0,1,0,0,0,0,1,0,1,1,0,1,0,1,0,0,0,0,0,0,0,0,0,0,0,0,0,0,0,1,0,0,0,0,1,0,0,0,0,0,0
72,92.44444444444444,9,1303084800,91.32830123643588,4309.0,0,0.003432488817344,0.000278260832045,0.002988954657321,1.0568710217783457,0,0,0,0,1,1,0,0,0,0,0,0,0,0,0,0,0,1,0,0,0,0,0,1,0,1,0,0,0,0,0,1,0,0,0,0,0,0,0,0,0,0,0,0,0,1,1,1,1,0,0,1,0,0,0,0,0,0
71,80.0,1,1191974400,86.39788545107413,3883.0,0,0.001404204711552,0.000133221970161,0.001225484509578,1.0377620910869716,0,0,0,0,1,1,0,0,0,0,0,0,0,0,0,0,0,1,0,0,0,0,0,1,0,1,0,0,0,0,0,1,0,0,0,0,0,0,0,0,0,0,0,0,0,1,0,0,0,0,0,1,0,0,0,0,0,0
836,84.22222222222223,7,1068508800,81.86327898827209,750.0,0,3.0840129989e-05,3.1233859033e-05,3.0895494497e-05,-0.012744095299515784,0,0,0,0,1,1,0,0,0,0,0,0,0,0,0,0,0,1,0,0,0,0,0,1,1,0,0,0,0,0,0,0,0,0,0,0,0,0,0,0,0,0,0,0,0,1,0,0,0,0,0,0,1,0,0,0,0,0
25081,81.0,11,1479772800,76.23631882368839,109.0,9,0.000112248766565,9.5270624963e-05,0.000109861372309,0.15454999194927502,0,0,0,0,0,0,0,0,1,0,0,0,0,0,1,0,0,1,0,0,0,0,0,1,1,0,0,0,0,0,0,0,0,0,0,0,0,0,1,0,0,0,0,0,0,1,0,0,0,0,0,0,1,0,0,0,0,0
1968,80.875,13,1377820800,84.60541266044137,643.0,11,7.2158202165e-05,5.1435350276e-05,6.9244242632e-05,0.2992822011202888,0,0,0,0,1,0,0,0,0,0,0,0,0,0,0,0,0,1,0,0,0,0,0,1,0,0,0,0,0,0,0,1,0,0,0,0,0,0,0,0,0,0,0,0,0,1,1,1,0,0,0,0,0,0,1,0,0,0
28552,84.33333333333333,18,1522022400,75.7315141061563,837.0,0,0.001126234372392,0.001622983883819,0.001196085181629,-0.4155611466807085,0,0,1,0,0,0,0,0,0,0,0,0,0,0,0,0,0,1,0,0,0,0,0,1,0,0,0,0,1,0,0,0,0,0,0,0,0,0,1,0,0,0,0,0,0,1,1,1,0,0,0,1,0,0,0,0,0,0
26196,78.0,18,1498780800,81.81478747936241,359.0,3,0.000133998920676,6.5311617319e-05,0.000124340403428,0.5524477296053767,0,0,0,0,1,0,0,0,0,0,0,0,0,0,0,0,0,1,0,0,0,0,0,1,1,1,0,0,0,1,0,0,0,0,0,0,0,0,0,0,0,0,0,0,0,1,0,0,0,0,0,0,1,0,0,0,0,0
141543,83.0,8,1629072000,73.43007872045511,131.0,0,0.000157730737665,8.6199567002e-05,0.00014767232786,0.48442692789458713,0,0,0,0,0,1,0,0,0,0,0,0,0,0,0,0,0,1,1,0,0,0,0,1,0,0,0,0,0,0,0,1,0,0,0,0,0,0,0,0,0,0,0,1,0,1,0,0,0,0,0,1,0,0,0,0,0,0
107262,82.58333333333333,12,1588204800,80.17320335729372,196.0,0,0.000133316971912,6.3644503964e-05,0.000123519924998,0.564093370600392,0,1,0,0,0,0,0,0,0,0,0,0,0,0,1,0,0,1,1,1,0,0,0,1,0,0,0,0,0,0,0,0,0,0,0,0,0,0,0,0,0,0,0,0,0,1,1,1,1,0,0,0,0,0,1,0,0,0
107141,70.0,3,1573603200,76.37045043639996,36.0,0,3.6552453754e-05,4.035394974e-05,3.7087003995e-05,-0.10250400596190534,0,0,0,0,0,1,0,0,0,0,0,0,0,0,0,0,0,1,1,0,0,0,0,1,0,0,0,0,0,0,0,0,0,0,0,0,0,0,0,0,0,0,0,1,0,1,0,0,0,0,0,0,1,0,0,0,0,0
36595,77.42857142857143,7,1604966400,89.7179882752237,13.0,0,4.0010335134e-05,2.0740851446e-05,3.7300742073e-05,0.5166074988822996,0,0,0,0,1,0,0,0,1,1,0,0,0,0,1,0,0,1,1,0,0,0,0,1,1,0,0,0,0,0,0,0,0,0,0,0,1,0,0,0,0,0,0,0,0,1,0,0,0,0,0,0,1,0,1,0,0,0
135999,88.6,10,1589414400,91.24537903162349,75.0,10,6.0396591716e-05,1.9809229277e-05,5.4689368969e-05,0.7421638435892569,0,0,0,1,0,1,0,0,0,0,0,0,0,0,0,0,0,0,1,1,0,0,0,0,0,0,0,0,0,0,0,0,0,0,0,0,0,0,0,0,0,0,0,0,0,1,1,1,0,0,0,0,0,0,1,0,0,1
194741,78.66666666666667,3,1669075200,72.01483202092736,11.0,0,3.4723226481e-05,4.8003058074e-05,3.6590580071e-05,-0.36293697788120477,0,0,0,0,0,0,0,0,0,0,0,1,0,0,0,0,0,1,1,0,0,0,0,1,1,0,0,0,0,0,0,0,0,0,0,0,0,0,0,0,0,0,0,0,0,1,1,1,0,0,0,0,0,1,0,0,0,0
885,85.25,4,1287532800,82.5378872848288,827.0,0,0.0002693376701,9.4289970048e-05,0.000244723205017,0.7153760440633876,0,0,0,0,1,0,0,0,0,0,0,0,0,0,0,0,0,1,1,0,0,0,0,1,0,0,0,0,0,0,0,1,0,0,0,0,0,0,0,0,0,0,0,0,0,1,0,0,0,0,0,0,0,0,1,0,0,0
5772,81.125,8,1375833600,73.53076517331245,229.0,0,6.1752466318e-05,2.4418307376e-05,5.6502695248e-05,0.6607687210052468,0,0,0,0,1,1,0,0,0,0,0,0,0,0,0,0,0,1,1,0,0,0,0,1,0,0,0,0,0,0,0,0,0,0,0,0,0,0,0,0,0,0,0,0,0,1,0,0,0,0,0,0,0,0,1,0,0,0
384,74.72727272727273,11,1323907200,71.86206817593381,171.0,0,2.7101446177e-05,0.000116207607391,3.9631176606e-05,-2.248430012038875,0,0,0,0,0,0,0,1,1,0,0,0,0,0,0,0,0,1,0,0,0,0,0,0,1,1,0,0,0,0,0,0,0,0,0,0,0,0,0,0,0,0,0,0,1,1,0,0,0,0,0,0,1,0,0,0,0,0
142941,70.0,1,1670889600,71.36737953422647,52.0,0,0.000278523921098,0.000141802700665,0.00025929876301,0.5273412950429167,0,0,0,0,0,1,0,0,1,1,0,0,0,0,0,0,0,0,1,0,0,0,0,0,1,0,0,0,0,1,0,0,0,0,0,1,0,0,0,0,0,0,0,0,0,1,0,0,0,0,0,0,0,0,1,1,0,0
4840,82.33333333333333,3,1219363200,72.20771105688445,229.0,0,0.000152331308039,0.000160189980315,0.000153436361201,-0.051221725424827357,0,0,1,0,0,0,0,0,1,0,0,0,0,0,0,0,0,0,0,0,0,0,0,1,0,0,1,0,1,0,1,0,0,0,0,0,0,0,1,0,0,0,0,0,0,1,1,0,0,0,0,1,0,0,0,0,0,0
527,70.83333333333333,6,1321920000,69.9841489775139,174.0,0,0.000196489496244,0.000158081572249,0.000191088736886,0.2010144300754696,0,0,1,0,0,1,0,0,0,0,0,0,0,0,0,0,0,0,1,0,0,0,0,1,0,1,0,0,0,0,0,1,0,0,0,0,0,0,0,1,0,0,0,0,0,1,1,1,1,0,0,1,1,0,0,0,0,0
135478,87.0,1,1684195200,98.15402263615627,29.0,0,4.3837271139e-05,8.188468538e-06,3.8824487729e-05,0.9182218930642402,0,0,1,0,0,0,0,0,0,0,0,0,0,0,0,0,0,0,1,0,0,0,0,1,0,0,1,0,0,0,0,0,0,0,0,0,0,0,0,0,0,0,0,0,0,1,0,0,0,0,0,1,0,0,0,0,0,0
5590,50.0,1,1384214400,76.12378343770374,14.0,0,3.8622368826e-05,0.000124690272403,5.0724872353e-05,-1.6968024256677483,0,0,0,0,1,0,0,0,1,1,0,1,0,0,0,0,0,1,1,0,0,0,0,1,0,0,0,0,0,0,0,0,0,0,0,1,0,0,1,0,0,0,0,0,0,1,0,0,0,0,0,0,0,0,1,0,0,0
8214,81.0,1,1321920000,87.45004392941703,97.0,8,5.7002893749e-05,2.6428649951e-05,5.2703673273e-05,0.5801312807937519,0,0,1,0,1,0,0,0,0,0,0,0,0,0,0,0,0,1,1,0,0,0,0,1,0,1,0,0,0,0,0,1,0,0,0,0,0,0,0,0,0,0,0,0,0,1,0,0,0,0,0,0,0,0,1,1,0,0
16287,77.66666666666667,3,1501545600,74.97451363988489,238.0,0,0.001085269308988,0.000138566539446,0.000952147981159,0.9947544051568803,0,0,1,0,0,0,0,0,0,1,0,1,0,0,0,0,0,1,1,0,0,0,0,1,0,1,0,0,0,0,0,0,0,0,0,0,0,0,1,0,0,0,0,0,0,1,0,0,0,0,0,1,0,0,0,0,0,0
11059,75.33333333333333,9,1454544000,77.29245947679303,191.0,0,0.000645965938103,0.000391624540183,0.000610201529566,0.41694256316674017,0,1,0,0,0,0,0,0,0,0,0,0,0,0,0,0,0,1,0,0,0,0,0,1,0,0,0,0,0,0,0,0,0,0,0,0,0,0,0,0,0,0,0,0,0,1,1,0,0,0,0,0,0,0,1,0,0,0
142549,89.0,3,1689638400,78.13467442972133,96.0,0,6.4303756988e-05,2.402604541e-05,5.8640076032e-05,0.6868833609375432,0,0,0,0,1,1,0,0,0,0,0,0,0,0,0,0,0,1,1,0,0,0,0,0,0,1,0,0,0,0,0,0,0,0,0,0,0,0,0,0,0,0,0,0,0,1,0,0,0,0,0,1,0,0,0,0,0,0
2003,71.11764705882354,17,1382572800,75.35314405690069,795.0,0,0.000410709660354,0.000297677799355,0.000394815599507,0.28634677313450324,0,0,0,0,0,0,0,0,0,0,0,0,0,0,1,0,0,1,0,0,0,0,0,1,0,0,0,0,0,0,1,0,0,0,0,0,0,0,1,0,0,0,0,0,0,1,1,0,0,0,0,0,1,0,0,0,0,0
9630,84.66666666666667,21,1447027200,79.52744248589366,1698.0,0,0.002615907321398,0.003247585848247,0.002704731276456,-0.23386145903597533,0,0,1,0,0,0,0,0,1,0,0,0,0,0,0,0,0,0,0,0,0,0,0,1,0,1,0,0,1,0,1,0,0,0,0,1,0,0,1,0,0,0,0,0,0,1,0,0,0,0,0,1,1,0,0,0,0,0
2988,77.1,10,1335225600,70.48809608275381,244.0,0,9.1268813412e-05,0.000176763048374,0.000103290650092,-0.827748205548073,0,0,0,0,1,0,0,0,0,0,0,0,0,0,1,0,0,1,0,0,0,0,0,1,0,1,1,0,1,0,0,0,0,0,0,1,0,0,1,0,0,0,0,0,0,1,0,0,0,0,0,0,1,0,0,0,0,0
6005,75.0,1,1324252800,73.84756672465188,109.0,0,0.000115770831359,1.9711163785e-05,0.00010226332836,0.9393844374278061,0,0,0,0,0,0,0,1,0,0,0,1,0,1,0,0,0,0,1,0,0,0,0,1,1,0,0,0,0,0,0,0,0,0,0,0,0,0,0,0,0,0,0,0,0,1,0,0,0,0,0,0,0,1,0,0,0,0
109535,70.0,1,1570665600,75.17329509191954,51.0,0,0.000106873405719,0.000127877400876,0.000109826898426,-0.191256867295247,0,0,0,0,0,1,0,0,0,0,0,0,0,0,0,0,0,1,1,0,0,0,0,1,0,0,1,1,0,0,0,0,0,0,0,0,0,0,0,0,0,0,0,0,0,1,1,1,0,0,0,1,0,0,0,0,0,0
23193,80.0,9,1510099200,78.27793154919661,95.0,0,0.000402718825424,0.000448747688964,0.000409191208975,-0.11251043324309945,0,1,0,0,0,0,0,1,0,0,0,1,0,0,1,0,0,0,0,0,0,0,1,1,1,0,0,0,0,0,0,0,0,0,0,0,0,0,0,0,0,0,0,0,0,1,1,0,0,0,0,0,0,1,0,0,0,0
210515,81.0,3,1695600000,69.94754163264295,6.0,8,5.058455244e-05,1.1326564265e-05,4.5064260664e-05,0.871175342854895,0,0,0,0,0,0,0,0,1,0,0,0,0,0,0,0,0,0,0,0,0,0,0,0,1,0,0,0,0,0,0,0,0,0,0,0,0,0,1,0,0,0,0,0,0,1,0,0,0,0,0,0,0,1,0,0,0,0
26472,89.125,8,1571097600,92.93920333823169,1115.0,0,0.000834464599418,0.000377650207649,0.000770229297314,0.5933172065791947,0,0,0,0,0,0,0,0,1,0,0,0,0,0,0,0,0,1,1,0,0,0,0,0,0,0,0,1,0,0,0,0,0,1,0,0,0,0,0,0,0,0,0,1,0,1,0,0,0,0,0,0,0,1,0,1,0,0
110846,78.0,8,1570406400,73.96623278637244,78.0,0,9.5665377209e-05,7.1342645044e-05,9.2245217781e-05,0.2636868832958236,0,0,0,0,1,1,0,0,0,0,0,0,0,0,0,0,0,1,1,0,0,0,0,1,1,0,0,0,0,0,0,0,0,0,0,0,0,0,0,0,0,0,0,0,0,1,1,1,1,0,0,0,0,0,1,0,0,0
7360,74.16666666666667,18,1448928000,78.63012820366079,542.0,0,0.009409721596824,0.011068161694697,0.009642924408791,-0.17281307454965822,0,0,1,0,0,0,0,0,0,0,0,0,0,1,0,0,0,0,0,0,0,0,0,1,0,0,0,0,0,0,0,0,0,0,0,0,0,0,0,1,0,0,0,0,0,1,1,1,0,0,0,1,0,0,0,0,0,0
143615,86.0,9,1621555200,76.33576942211978,43.0,0,5.7732980073e-05,6.0016080779e-05,5.805402001e-05,-0.039328318289630085,0,1,0,0,0,0,0,0,0,0,1,0,0,0,0,0,0,0,0,0,0,0,0,1,0,1,0,0,0,0,0,0,0,0,0,0,0,0,0,0,0,0,0,0,0,0,1,0,0,0,0,0,1,0,0,0,0,0
125628,80.88888888888889,9,1598486400,74.4205134347496,135.0,0,9.1918670469e-05,0.000118953441152,9.572018525e-05,-0.28244893674595273,0,0,0,0,0,0,0,0,0,0,0,0,0,0,0,0,0,1,0,0,0,0,0,0,0,0,0,0,0,0,0,0,0,1,0,0,0,0,0,0,0,0,0,1,0,1,0,0,0,0,0,0,1,0,0,0,0,0
218793,81.5,8,1676505600,68.14302474204293,17.0,0,4.5802888165e-05,0.000317781225107,8.4047328257e-05,-3.236150059124956,0,0,0,0,0,0,0,0,0,0,0,0,0,0,0,0,0,1,0,0,0,0,0,1,0,0,0,0,0,0,0,0,0,0,0,0,0,0,0,0,0,0,0,0,0,1,1,1,0,0,0,0,0,0,0,0,0,0
1293,74.6,10,1337644800,72.26359679442089,107.0,0,3.1385689e-05,8.345373324e-05,3.8707276525e-05,-1.3452006086236121,0,0,1,0,0,0,0,0,0,0,0,0,0,0,0,0,0,1,0,0,0,0,0,1,0,1,0,0,0,0,0,0,0,0,0,0,0,0,0,0,0,0,0,0,0,1,1,1,0,0,0,0,1,0,0,0,0,0
509,80.8,10,1317600000,72.96902251963945,305.0,0,0.000109480856876,0.000191963199551,0.000121079174038,-0.6812677463038587,0,0,1,0,0,0,1,0,0,0,0,0,0,0,0,0,0,0,0,0,0,0,0,1,0,1,0,0,0,0,0,0,0,0,0,0,0,0,1,0,0,0,0,0,0,1,1,1,0,0,0,1,1,0,0,0,0,0
116753,77.5,2,1564444800,72.86036774024028,295.0,0,0.000151665405128,7.845239318e-06,0.000131442023453,1.0942437877273063,0,0,0,0,0,0,0,0,0,0,0,0,0,0,0,0,0,1,1,0,0,0,0,0,1,0,0,0,0,0,0,0,0,0,0,0,0,0,1,0,0,0,0,0,0,1,0,0,0,0,0,0,0,1,0,0,0,0
28540,85.93333333333334,15,1508976000,81.31254366964653,1065.0,0,0.000780638784616,0.000794085317174,0.000782529578989,-0.017190140012611477,0,0,0,0,0,0,0,0,1,0,0,0,0,0,0,0,0,1,0,0,0,0,0,1,0,0,0,0,0,1,1,0,0,0,0,0,0,0,1,0,0,0,0,0,0,1,0,0,0,0,0,0,1,0,0,0,0,0
1991,85.5,12,1334275200,81.28204288486629,448.0,0,0.000115730716725,5.57502319e-05,0.000107296515368,0.5590461387328006,0,0,0,0,1,1,0,0,0,0,0,0,0,0,0,0,0,1,1,0,0,0,0,0,1,0,0,0,0,0,0,0,0,0,0,0,0,0,1,0,0,0,0,0,0,1,0,0,0,0,0,0,0,0,1,0,0,0
52190,73.25,4,1506038400,69.43280992376447,36.0,0,4.9349021738e-05,5.0405662615e-05,4.9497602097e-05,-0.021347842776471806,0,0,1,0,0,0,0,0,0,0,0,0,0,0,1,0,0,1,0,0,0,0,0,1,0,0,0,0,0,0,0,1,0,0,0,0,0,0,0,0,0,0,0,0,0,1,1,1,0,0,0,0,1,0,0,0,0,0
76638,80.0,5,1552435200,80.55217476131929,187.0,0,0.000172019570004,2.3535717953e-05,0.000151140400552,0.9824975465227255,0,0,0,0,0,1,0,0,0,0,0,1,0,0,0,0,0,0,1,0,0,0,0,1,1,0,0,0,0,0,0,0,0,0,0,0,0,0,0,0,0,0,0,0,0,1,0,0,0,0,0,0,0,1,0,0,0,0
538,93.21428571428571,14,1364169600,85.62811802102102,2619.0,0,0.001058785628162,0.000427173280841,0.000969970978988,0.6514819869219486,0,0,1,0,0,0,0,0,0,0,0,0,0,0,0,0,0,1,0,0,0,0,0,1,1,1,1,0,0,1,0,0,0,1,0,0,0,0,0,0,0,0,0,0,0,1,0,0,0,0,0,1,0,0,0,0,0,0
152266,87.33333333333333,3,1651708800,71.26812314751635,6.0,0,8.1528980476e-05,0.000144401436189,9.0369838512e-05,-0.6957553271349407,0,0,0,0,0,0,0,0,1,0,0,1,0,1,0,0,0,0,0,0,0,0,0,0,1,1,0,0,0,0,0,0,0,0,0,0,0,0,0,0,0,0,0,0,0,1,0,0,0,0,0,0,1,1,0,0,0,0
11567,59.66666666666666,3,1508198400,69.45012938277613,98.0,0,0.00011362068702,0.000238103013288,0.000131124863724,-0.949404132199684,0,0,0,0,0,0,0,0,1,0,0,0,0,0,0,0,0,1,0,0,0,0,0,1,1,1,0,0,0,0,0,0,0,0,0,0,0,0,1,0,0,0,0,0,0,1,0,0,0,0,0,0,1,0,0,0,0,0
11208,85.72,24,1487808000,89.95964103555085,1485.0,0,0.00097901366862,0.000889552073119,0.000966433958529,0.09261348601562117,0,0,0,0,0,0,0,0,1,0,0,0,0,0,1,0,0,0,0,0,0,0,0,1,1,1,0,0,0,0,0,0,0,1,0,0,0,0,1,0,0,0,0,0,0,1,0,0,0,0,0,0,1,0,1,1,0,0
19560,96.23076923076923,26,1524182400,92.12252820398092,3372.0,0,0.001217126108252,0.000309445658332,0.001089491933487,0.8335764474567612,0,0,0,0,0,0,0,0,1,0,0,0,0,0,1,0,0,1,0,0,0,0,0,1,1,0,0,0,0,1,0,0,0,0,0,0,0,0,0,0,0,0,0,0,0,1,0,0,0,0,0,0,1,0,0,0,0,0
112875,94.61538461538461,13,1667952000,91.05201871766928,1028.0,0,0.000217637930857,0.000208928529576,0.000216413251791,0.040248661252731334,0,0,0,0,0,0,0,0,1,0,0,0,0,0,1,0,0,1,0,0,0,0,0,1,1,0,0,0,0,0,0,0,0,0,0,0,0,0,1,0,0,0,0,0,0,1,0,0,0,0,0,0,1,0,0,0,0,0
15537,79.0,7,1457913600,75.79868485512138,82.0,0,3.7763915676e-05,1.6524035313e-05,3.4777253792e-05,0.6107512059534806,1,0,0,0,0,1,0,0,0,0,0,0,0,0,0,0,0,1,1,0,0,0,0,0,1,1,0,0,0,0,0,1,0,0,0,0,0,0,0,0,0,0,0,0,0,1,0,0,0,0,0,0,0,0,1,0,0,0
148372,87.0,2,1666656000,66.36582154707136,42.0,0,0.000281147418108,0.000861750506288,0.000362789361627,-1.6006764848909942,0,0,0,0,0,0,0,0,0,1,0,1,0,0,0,0,0,0,0,0,0,0,0,0,0,0,0,0,0,1,0,0,0,0,0,0,0,0,0,0,0,0,0,0,0,1,1,0,0,0,0,0,0,1,0,0,0,0
40,72.625,6,1282608000,81.56627274066155,1218.0,0,0.000416197342173,0.000153031199438,0.000379192035452,0.6941496925725014,0,0,1,0,0,0,1,0,0,0,0,0,0,0,0,0,0,1,0,0,0,0,0,1,1,0,0,0,0,1,1,0,0,0,0,1,0,0,1,0,0,0,0,0,0,1,0,0,0,0,0,0,1,0,0,0,0,0
232571,86.0,2,1682985600,76.06780404849415,15.0,0,0.000119549629804,0.000164259698211,0.000125836569977,-0.3553250174969326,0,0,0,0,0,0,0,0,0,0,0,1,1,0,0,0,0,0,0,0,0,0,0,0,1,0,0,0,0,0,0,0,0,0,0,0,0,0,0,0,0,1,0,0,0,1,1,1,0,0,0,0,0,1,0,0,0,0
168670,91.27272727272727,11,1643328000,87.50538500790032,80.0,3,0.000214533058249,0.000144597567172,0.000204699026138,0.3416853026410058,0,0,1,0,0,0,0,0,0,0,0,0,0,0,0,0,0,1,0,0,0,0,0,1,0,0,0,0,0,1,0,0,0,0,0,0,0,0,0,0,0,0,0,0,0,1,0,0,0,0,0,0,1,0,0,0,0,0
7876,86.0,2,1376870400,71.69794232839925,64.0,0,4.729515252e-05,1.966213104e-05,4.340951425e-05,0.6365798309682922,0,0,0,0,0,0,1,0,0,0,0,0,0,0,0,0,0,0,1,1,0,0,0,1,0,0,0,0,0,0,0,0,0,0,0,0,0,0,0,0,0,0,0,0,0,1,1,1,0,0,0,0,1,0,0,0,0,1
139684,84.0,1,1638403200,54.73275850647894,14.0,0,4.3757041873e-05,4.77088616e-05,4.4312730001e-05,-0.08918221206918338,0,1,0,0,0,0,0,0,0,0,0,0,0,0,1,0,0,0,1,1,0,0,0,1,0,0,0,0,0,0,0,0,0,0,0,0,0,1,0,0,1,0,0,0,0,1,1,1,0,0,0,0,0,1,0,0,0,0
105,89.75,8,1289865600,78.45071637009441,384.0,0,0.000132298060229,0.000170977184377,0.000137736954602,-0.28083812344342307,0,0,0,0,0,0,1,0,0,0,0,0,0,0,0,0,0,0,0,0,0,0,0,1,0,0,0,0,0,0,0,0,0,0,0,0,0,0,0,0,0,0,0,0,0,1,1,0,0,0,0,1,1,0,0,0,0,0
19521,76.84210526315789,19,1480982400,69.60689733678404,58.0,0,3.5565633778e-05,0.000165387451363,5.3820627102e-05,-2.412185031836167,0,0,1,0,0,0,0,0,0,0,0,0,0,0,1,0,0,1,0,0,0,0,0,1,0,0,1,0,1,0,0,1,0,0,0,1,0,0,1,0,0,0,0,0,0,1,1,1,0,0,0,0,1,0,0,0,0,0
125166,69.11111111111111,9,1637280000,58.03888958068477,134.0,0,0.001116679066768,0.007776005080577,0.002053085244006,-3.2468986752885867,0,0,1,0,0,0,0,0,0,0,0,0,0,0,0,0,0,0,0,0,0,0,0,1,0,0,0,0,0,0,0,0,0,0,0,0,0,0,0,1,0,0,0,0,0,0,1,1,0,0,1,1,0,0,0,0,0,0
317317,84.4,5,1740096000,76.1197931915006,24.0,0,4.8402316395e-05,3.0057073135e-05,4.5822686103e-05,0.40036202874956933,0,0,0,0,0,0,0,0,1,0,0,0,0,0,1,0,0,1,0,0,0,0,0,1,0,0,0,0,0,0,0,0,0,0,0,0,0,0,0,0,0,0,0,0,0,1,0,0,0,0,0,0,1,0,0,0,0,0
115425,83.2,5,1683504000,87.33242598672251,57.0,0,0.000131214965133,0.000254185753889,0.000148506595843,-0.8281108244285752,0,0,0,0,0,0,0,0,1,0,0,1,1,1,0,0,0,1,1,0,0,0,0,0,1,0,1,0,0,1,0,0,0,0,0,0,0,0,0,0,0,0,0,1,0,1,0,0,0,0,0,0,0,0,1,0,0,0
26869,87.5,2,1697673600,61.01035498811087,32.0,0,6.8900893951e-05,3.8882967368e-05,6.4679900441e-05,0.4641147736176488,1,0,0,0,0,0,0,0,1,0,0,0,1,0,0,0,0,1,1,0,0,0,0,0,0,0,1,0,1,0,0,0,0,0,0,0,0,0,0,0,0,0,0,1,0,1,0,0,0,0,0,0,0,0,0,1,0,0
121618,70.75,8,1571356800,64.61419016506532,33.0,0,9.8369103485e-05,0.000244869532199,0.000118969372361,-1.2314862234346953,0,0,1,0,0,0,0,0,0,0,0,1,0,1,0,0,0,0,0,0,0,0,0,1,0,0,0,0,0,0,0,1,0,0,0,0,0,0,0,1,0,0,0,0,0,1,1,1,1,0,0,0,1,0,0,0,0,0
144465,85.375,8,1655337600,78.045729662092,161.0,0,0.000104121541883,3.7755214216e-05,9.4789390392e-05,0.7001782874086602,0,0,0,0,0,0,0,0,0,0,0,0,0,0,1,0,0,0,1,1,0,0,0,1,0,1,0,0,0,0,0,0,0,0,0,0,0,0,0,0,0,0,0,0,0,1,1,1,0,0,0,0,0,0,1,0,0,0
17207,76.83333333333333,6,1519948800,54.0462442993574,24.0,0,5.9794872219e-05,2.7948665069e-05,5.5316793651e-05,0.575721871333347,0,0,0,0,0,0,0,0,1,1,0,1,1,0,0,0,0,1,1,0,0,0,0,1,0,0,0,0,0,0,0,1,0,0,0,0,0,0,0,1,0,0,0,0,0,1,1,1,0,0,0,0,0,1,1,0,0,0
103244,85.4,5,1666828800,80.78428004262358,149.0,0,0.000203140502425,4.104040818e-05,0.000180346674752,0.8989060160665429,0,0,0,0,0,0,0,0,0,0,0,0,0,0,0,0,0,1,1,0,0,0,0,1,0,1,1,0,1,0,0,0,0,0,0,0,0,0,0,0,0,0,0,1,0,1,0,0,0,0,0,1,0,1,0,0,0,0
4756,87.5,14,1398729600,82.46953020093814,362.0,0,9.7253916682e-05,5.3837954817e-05,9.1148948282e-05,0.4763405537082651,0,0,0,0,1,0,0,0,1,0,0,0,0,0,0,0,0,1,0,0,0,0,0,0,1,0,0,0,0,0,0,0,0,0,0,0,0,0,0,0,0,0,0,0,0,1,1,1,0,0,0,0,0,0,1,0,0,0
122345,43.66666666666666,3,1607990400,64.53842024320525,13.0,0,3.3495718706e-05,2.966481117e-05,3.2957032737e-05,0.11624137081445622,0,0,0,0,0,0,0,0,1,1,0,0,0,0,0,0,0,1,1,0,0,0,0,0,1,0,0,0,0,0,0,0,0,0,0,1,0,1,1,0,0,0,0,0,0,1,0,0,0,0,0,0,1,0,0,0,0,0
514,75.8,5,1308614400,68.55354241516116,223.0,0,7.2767944589e-05,0.00018083276627,8.7963561436e-05,-1.2285720670057465,0,0,1,0,0,0,0,0,0,0,0,0,0,0,0,0,0,1,0,0,0,0,0,1,0,1,1,0,0,0,0,0,0,0,0,0,0,0,0,0,0,0,0,0,0,1,1,1,0,0,0,1,0,0,0,0,0,0
623,87.85714285714286,7,1194220800,84.33507322773542,1797.0,0,0.000188041354496,8.0021441039e-05,0.000172852052453,0.6249810018849542,0,0,1,0,0,0,0,0,0,1,0,0,0,0,0,0,0,0,0,0,0,0,0,1,0,0,0,0,0,0,1,0,0,0,0,0,0,0,0,1,0,0,0,0,0,1,1,1,1,0,0,1,0,0,0,0,0,0
250616,87.71428571428571,7,1707350400,82.7279231116423,292.0,0,0.006224852387176,0.011853764346859,0.007016366110824,-0.8050657722739785,0,0,1,0,0,0,0,0,0,0,0,0,0,1,0,0,0,0,0,0,0,0,0,1,0,1,0,0,0,0,0,0,0,0,0,0,0,0,0,0,0,0,0,0,0,1,1,1,0,0,0,1,1,0,0,0,0,0
1267,82.0,13,1344816000,81.19910789836007,650.0,0,0.000129441898346,4.6581108448e-05,0.000117790365541,0.7035012543086371,0,0,1,0,0,0,0,0,0,0,0,0,0,0,1,0,0,1,0,0,0,0,0,1,0,0,0,0,0,0,0,0,0,0,0,1,0,0,1,0,0,0,0,0,0,1,0,0,0,0,0,0,1,0,0,0,0,0
26848,90.0,1,1575849600,85.0778040050789,118.0,3,0.000123857941408,3.3048070625e-05,0.000111088642566,0.8174995441887828,0,0,0,0,1,0,0,0,0,0,0,0,0,0,0,0,0,1,1,0,0,0,0,1,1,0,0,0,0,0,0,1,0,0,0,0,0,0,0,0,0,0,0,0,0,1,1,1,0,0,0,0,0,0,1,0,0,0
55080,80.3076923076923,13,1535414400,71.23361776455668,209.0,0,7.7685998617e-05,4.2266226823e-05,7.2705420547e-05,0.4871859500517181,0,0,0,0,0,1,0,0,0,0,0,0,0,0,0,0,0,1,1,0,0,0,0,0,0,0,0,0,0,0,0,1,0,0,0,0,0,1,0,0,0,0,0,0,0,1,0,0,0,0,0,0,0,1,0,0,0,0
103341,80.45454545454545,11,1533600000,79.8618732253937,294.0,0,0.000529448974568,0.000333863965708,0.000501946640234,0.3897507736726559,0,0,0,0,0,0,0,0,0,1,0,1,0,1,0,0,0,0,1,1,0,0,0,1,0,0,0,0,0,0,0,1,0,0,0,0,0,1,0,0,1,0,0,0,0,1,1,1,1,0,0,0,0,1,0,0,0,0
7323,87.04,25,1447113600,81.33746610842996,1304.0,0,0.001027576443548,0.000397165240451,0.00093893069418,0.6717291456427359,0,0,1,0,0,0,0,0,0,0,0,0,0,0,0,0,0,1,0,0,0,0,0,1,0,0,0,0,1,0,1,0,0,0,0,0,0,0,1,0,0,0,0,0,0,1,0,1,0,0,0,1,1,0,0,0,0,1
56,63.25,3,1020211200,85.49694137180302,829.0,0,0.000201953109283,5.942768783e-05,0.000181911789068,0.7835577084777035,0,0,0,0,0,0,0,0,1,0,0,0,0,0,0,0,0,1,0,0,0,0,0,1,1,0,0,0,0,0,0,0,0,0,0,1,0,0,1,0,0,0,0,0,0,1,0,0,0,0,0,1,1,0,0,0,0,0
78536,89.66666666666667,3,1540166400,77.33507356319693,30.0,0,5.0167360255e-05,4.3639143704e-05,4.9249390135e-05,0.13255752583183575,0,0,0,0,0,0,0,0,0,1,0,1,0,0,0,0,0,1,1,0,0,0,0,0,0,0,0,0,0,0,1,0,0,0,0,0,0,0,0,0,0,0,0,0,0,1,0,0,0,0,0,0,0,0,1,0,0,0
152,73.33333333333333,3,1017100800,84.14996952109647,317.0,0,3.4346148929e-05,2.0250523988e-05,3.2364081939e-05,0.43554002434915007,0,0,1,0,0,0,0,0,0,0,0,0,0,0,0,0,0,1,0,0,0,0,0,1,0,1,0,0,0,0,0,0,0,0,0,0,0,0,0,0,0,0,0,0,0,1,1,0,0,0,0,1,1,0,0,0,0,0
21713,84.0,1,1377561600,80.05734631504446,24.0,3,6.0404614643e-05,8.7768614865e-05,6.4252424285e-05,-0.42589644855860903,0,0,0,0,0,0,0,0,1,0,0,0,0,0,1,0,0,1,0,0,0,0,0,1,1,0,1,0,0,0,0,0,0,0,0,0,0,0,0,0,0,0,0,0,0,1,0,0,0,0,0,0,1,0,0,0,0,0
134588,83.7,10,1632182400,79.0566059726298,208.0,0,0.000112569683631,5.9280589593e-05,0.000105076397263,0.5071728293899623,0,0,0,0,0,0,0,0,1,0,0,0,0,0,0,0,0,1,1,0,0,0,0,1,1,0,0,0,0,0,0,0,0,0,0,0,0,0,0,0,0,0,0,0,0,1,0,0,0,0,0,0,1,0,0,0,0,0
124954,91.33333333333333,3,1598918400,83.23294025904617,188.0,0,0.000916691574511,0.000620264233544,0.000875009219178,0.33891872667223094,0,0,0,0,0,0,0,0,1,1,0,1,0,0,0,0,0,0,0,0,0,0,0,0,0,0,0,0,0,1,0,0,0,0,0,1,0,0,0,1,0,0,0,0,0,1,1,0,0,0,0,0,0,1,0,1,0,0
20509,75.0,2,1070841600,77.96611383292291,52.0,10,4.1269934616e-05,1.2405284671e-05,3.7211109976e-05,0.7757142155425706,0,0,0,0,0,1,0,0,0,0,0,0,0,0,0,0,0,0,0,1,0,0,0,0,0,0,0,0,0,0,0,0,0,0,0,0,0,0,0,0,0,0,0,0,0,1,0,0,0,0,0,0,0,0,1,0,0,0
112916,79.91666666666667,12,1555891200,82.6602634272591,314.0,0,0.000751226735569,0.000620068102561,0.00073278376493,0.17905238745578525,0,1,0,0,0,0,0,0,0,0,0,0,0,0,0,0,0,0,0,0,0,0,0,1,1,0,0,0,0,0,0,0,0,0,0,0,0,0,0,0,0,0,0,0,0,1,1,0,0,0,0,0,0,0,1,0,0,0
255788,73.33333333333333,3,1694131200,47.2575319649613,24.0,0,0.000108847045672,0.001465833933739,0.000299660785948,-4.529088420759646,0,0,0,0,0,0,0,0,0,1,1,0,0,0,0,0,0,0,0,0,0,0,0,0,0,0,0,0,0,0,0,0,0,0,1,0,0,0,0,0,0,0,0,0,0,1,1,1,0,0,0,0,1,0,0,0,0,0
386,85.33333333333333,9,1377561600,81.56817278630072,232.0,0,0.000563642687891,0.000479638318777,0.000551830349827,0.15227061195419989,0,0,0,0,0,0,0,0,1,0,0,0,0,0,0,0,0,0,0,0,0,0,0,1,1,0,0,0,0,0,0,0,0,1,0,0,0,0,1,0,0,0,0,0,0,1,1,1,0,1,0,0,1,0,0,0,0,0
78547,69.53846153846153,5,1520899200,77.6750267908753,73.0,0,3.5854459137e-05,4.2609456043e-05,3.6804318149e-05,-0.18354153945788193,0,0,0,0,0,0,0,0,1,0,0,0,0,0,0,0,0,1,0,0,0,0,0,1,0,0,0,1,0,1,0,0,0,0,0,0,0,0,0,0,0,0,0,1,0,1,0,0,0,0,0,0,1,0,0,0,0,0
1164,84.64285714285714,14,1362355200,81.72040946910326,2325.0,0,0.001911374018851,0.000475176338915,0.00170942199301,0.8408835678572315,0,0,1,0,1,1,0,0,0,0,0,0,0,0,0,0,0,1,0,0,0,0,0,1,0,0,0,0,1,0,0,0,0,0,0,1,0,0,0,0,0,0,0,0,0,1,1,0,0,0,0,0,1,0,0,0,0,0
79864,90.16666666666667,6,1698883200,87.42339480377314,52.0,0,9.1116377806e-05,2.6477682697e-05,8.2027158677e-05,0.7880480950406681,0,0,0,0,0,1,0,0,0,0,0,0,0,0,0,0,0,1,1,0,0,0,0,1,0,1,0,0,0,0,0,0,0,0,0,0,0,0,0,0,0,0,0,0,0,1,0,0,0,0,0,1,1,0,0,0,0,0
46800,72.85714285714286,14,1590105600,72.9194945786943,102.0,0,0.00012416281262,9.5908050657e-05,0.000120189747841,0.23509875345380987,0,0,0,0,0,0,0,0,1,0,0,0,0,0,0,0,0,1,1,0,0,0,0,1,0,0,0,0,0,0,0,0,0,0,0,0,0,0,1,0,0,0,0,0,0,1,0,0,0,0,0,0,1,0,0,0,0,0
2738,75.75,4,1222128000,73.42716712914724,276.0,0,8.8918095908e-05,6.3546438472e-05,8.5350441058e-05,0.2972772002951076,0,0,0,0,1,0,0,0,0,0,0,0,0,0,1,0,0,1,0,0,0,0,0,1,0,0,0,0,0,0,0,1,0,0,0,0,0,1,0,0,0,0,0,0,0,1,1,1,1,0,0,0,1,0,0,0,0,0
37088,75.25,4,1510876800,74.37152034078467,25.0,11,6.911751297e-05,0.000139400096124,7.9000351696e-05,-0.8896841315631852,0,0,0,0,0,0,0,0,1,0,0,0,0,0,0,0,0,1,0,0,0,0,0,1,1,0,0,0,0,0,1,0,0,0,0,1,0,0,1,0,0,0,0,0,0,1,0,0,0,0,0,1,0,0,0,0,0,1
36044,93.0,1,1513209600,79.85480698321518,88.0,0,0.000147244772552,2.0103425751e-05,0.000129366695659,0.9828617010270472,1,0,0,0,0,1,0,0,1,0,0,0,0,0,0,0,0,1,1,1,0,0,0,0,0,1,0,0,0,0,0,0,0,1,0,0,0,0,0,0,0,0,0,0,0,1,0,0,0,0,0,0,0,1,0,0,0,0
3277,77.5,4,1518048000,69.73264672697805,262.0,0,0.008593637522329,0.007680930586597,0.00846529654445,0.10827319170976599,0,0,1,0,0,0,0,0,1,0,0,0,0,0,0,0,0,1,1,0,0,0,0,1,0,0,0,0,1,0,0,0,0,0,0,1,0,0,1,0,0,0,0,0,0,0,1,1,0,1,0,1,0,0,0,0,0,0
20150,84.75,8,1555545600,79.72889576649642,334.0,0,0.000558973344588,6.8498745791e-05,0.000490004886949,1.0012038033242259,0,0,0,0,1,0,0,0,0,0,0,1,0,0,0,0,0,1,1,1,0,0,0,1,0,0,0,0,0,0,0,0,0,0,0,0,0,0,0,0,0,0,0,0,0,1,0,0,0,0,0,0,0,0,1,0,0,0
3772,77.76923076923077,13,1528934400,72.61239685777096,131.0,0,0.000273028216352,0.000224864171939,0.000266255592724,0.18091810056936738,0,0,0,0,0,0,1,0,0,0,1,0,0,0,0,0,0,0,1,0,0,0,0,1,0,0,0,0,0,0,0,0,0,0,0,0,0,0,0,0,0,0,0,0,0,1,1,0,0,0,0,1,1,1,1,0,0,0
7504,86.0,4,1525046400,70.0088592620566,376.0,0,0.004812191510949,0.001372230422132,0.004328478773902,0.796446236406333,0,0,0,0,0,1,0,0,0,1,0,0,0,0,0,0,0,1,1,0,0,0,0,1,0,0,1,0,1,0,0,0,0,0,0,0,0,0,1,0,0,0,0,0,0,1,1,1,0,0,0,1,0,0,0,0,0,1
18094,66.25,4,1519776000,74.2015765538365,46.0,0,0.000912439423394,0.004426872415913,0.001406624083652,-2.5002445197513175,0,0,1,0,0,0,0,0,0,0,0,0,0,0,0,0,0,1,0,0,0,0,0,1,0,0,0,0,1,0,0,0,0,0,0,0,0,0,0,0,0,0,0,0,0,0,1,0,0,0,1,1,1,0,0,0,0,0
18866,67.11111111111111,9,1465862400,70.29930982854464,403.0,0,0.005056232893365,0.008188125308477,0.005496626320249,-0.5713490038395279,0,0,0,0,0,0,0,0,0,0,0,1,0,0,0,0,0,0,0,0,0,0,0,1,0,0,1,0,1,0,1,0,0,0,0,0,0,0,0,0,0,0,0,0,0,1,1,1,0,0,0,1,1,0,0,0,0,0
10031,69.77272727272727,22,1491868800,66.95561352873588,106.0,0,3.1586262166e-05,6.472322437e-05,3.6245841234e-05,-0.914244548084138,0,0,0,0,1,0,0,0,0,0,0,0,0,0,0,0,0,1,1,0,0,0,0,1,1,0,0,0,0,0,0,0,0,0,0,0,0,0,1,0,0,0,0,0,0,1,1,1,1,0,0,0,1,0,0,0,0,0
2001,82.93333333333334,15,1367280000,78.44069902147535,389.0,4,0.000124884876017,0.000106302992753,0.000122271970411,0.1519810239429931,0,0,1,0,0,0,0,0,0,0,0,0,0,0,0,0,0,1,0,0,0,0,0,1,0,1,0,0,0,0,1,1,0,0,0,1,0,0,1,0,0,0,0,0,0,1,0,0,0,0,0,1,0,0,0,0,0,0
27789,75.0625,16,1513728000,71.38903125663501,600.0,0,0.012198514964303,0.050870836274072,0.017636452750726,-2.2120292263907344,0,0,1,0,0,0,0,0,0,0,0,0,0,0,0,0,0,0,0,0,0,0,0,1,0,0,0,0,0,0,0,0,0,0,0,0,0,0,0,1,0,0,0,0,0,1,1,1,0,0,1,1,1,0,0,0,0,0
260735,81.0,4,1692230400,84.75599227432168,54.0,11,7.7172531312e-05,3.8588770893e-05,7.1747046583e-05,0.5377941863187422,0,0,1,0,0,0,0,0,1,0,0,0,0,0,0,0,0,1,0,0,0,0,0,1,0,0,0,0,0,0,0,0,0,0,0,1,0,0,1,0,0,0,0,0,0,1,0,0,0,0,0,0,1,0,0,0,0,0
2956,90.0,2,1203033600,74.93175836691363,140.0,0,8.4160500412e-05,2.3045390495e-05,7.5566752887e-05,0.8087871542464729,0,0,0,1,0,1,0,0,0,0,0,0,0,0,0,0,0,0,1,0,0,0,0,1,0,0,0,0,0,0,0,0,0,0,0,0,0,0,0,0,1,0,0,0,0,1,0,1,0,0,0,0,1,0,0,0,0,0
7685,75.58333333333333,12,1415664000,71.9413168111315,91.0,0,6.2514644348e-05,4.6532075702e-05,6.0267243338e-05,0.2652029422384702,0,0,0,0,1,1,0,0,0,0,0,0,0,0,0,0,0,1,0,0,0,0,0,1,0,1,0,0,0,0,0,1,0,0,0,0,0,0,1,0,0,0,0,0,0,1,1,1,1,0,0,0,1,0,0,0,0,0
185252,78.83333333333333,6,1725840000,80.02132941629144,148.0,0,0.001081001112018,0.001365365837729,0.001120987273559,-0.253815620640913,0,0,1,0,0,0,0,0,1,0,0,0,0,0,0,0,0,1,0,0,0,0,0,1,0,1,0,0,0,0,0,0,0,0,0,0,0,0,0,0,0,0,0,0,0,1,1,1,0,0,0,0,1,0,0,0,0,0
279634,83.14285714285714,7,1728604800,95.91970872736613,72.0,0,0.000467102811679,0.000341218877568,0.000449401546825,0.2801775363252521,0,1,0,0,0,0,0,0,0,0,0,0,0,0,0,0,0,0,0,0,0,0,0,1,0,0,0,0,0,0,0,0,0,0,0,0,0,0,0,0,0,0,0,0,0,1,1,0,1,0,0,0,1,0,0,0,0,0
20022,80.33333333333333,8,1434585600,78.5264550381375,65.0,10,0.000130155938817,0.000106499123736,0.000126829417825,0.18653649638269781,0,0,0,0,0,0,0,0,0,0,0,0,0,0,1,0,0,1,0,0,0,0,0,1,1,0,1,0,0,0,0,0,0,0,0,0,0,0,0,0,0,0,0,0,0,1,0,0,0,0,0,0,1,0,0,0,0,0
114009,77.75,12,1579219200,71.70679070985385,94.0,0,0.0004089767082,0.000181617290201,0.00037700639123,0.6031788281930404,0,0,0,0,0,0,0,0,1,0,0,0,0,0,1,0,0,1,0,0,0,0,0,1,1,1,0,0,0,0,0,0,0,0,0,0,0,0,0,0,0,0,0,0,0,1,1,0,0,0,0,0,1,1,0,0,0,0
3212,67.26666666666667,15,1409616000,72.72887018565126,642.0,0,0.001195929536079,0.001062196370851,0.00117712454564,0.11367689220857811,0,0,0,0,0,0,0,0,1,1,0,0,0,0,0,0,0,0,0,0,0,0,0,1,1,0,0,0,0,0,0,1,0,0,0,1,0,0,0,0,0,0,0,0,1,1,0,0,0,0,0,1,1,1,0,0,0,0
1942,91.73076923076923,26,1431993600,93.79374331794523,5246.0,0,0.00644235392828,0.001586503520992,0.005759544841039,0.8455218078782731,0,0,0,0,0,0,0,0,1,0,0,0,0,0,0,0,0,1,0,0,0,0,0,1,1,0,0,0,0,0,0,0,0,0,0,0,0,0,1,0,0,0,0,0,0,1,0,0,0,0,0,0,1,0,0,0,0,0
15894,83.83333333333333,6,1465171200,80.57368784229206,204.0,0,0.002448340475677,0.001813329002761,0.00235904785588,0.26949864048446076,0,0,0,0,0,0,0,1,0,1,0,1,0,0,0,0,0,0,0,0,0,0,0,0,0,0,0,0,0,1,0,0,0,0,0,0,0,0,0,1,0,0,0,0,0,1,1,1,0,0,0,0,0,1,0,0,0,0
14394,80.25,4,1490313600,79.00022554838056,65.0,0,0.000172131890977,0.000140920111242,0.000167743022901,0.1860846245711468,0,0,0,0,0,0,0,0,1,1,0,1,1,1,0,0,0,1,1,0,0,0,0,1,1,0,0,0,0,1,0,0,0,0,0,0,0,0,1,0,0,0,0,0,0,1,0,0,0,0,0,0,0,1,0,0,0,0
125764,82.71428571428571,7,1623369600,80.68997250117431,66.0,0,0.000420216828418,0.000343474383872,0.000409425631383,0.1874776461278695,0,1,0,0,0,0,0,0,0,0,0,0,0,0,0,0,0,0,0,0,0,0,0,1,0,0,0,0,0,0,0,0,0,0,0,0,0,0,0,0,0,0,0,0,0,1,1,0,0,0,0,0,0,0,1,0,0,0
280,86.0,6,1091491200,79.06256487037639,419.0,0,5.600002792e-05,4.1530735637e-05,5.3965417413e-05,0.26812880162586755,0,0,1,0,0,0,0,0,0,0,0,0,0,0,0,0,0,0,0,0,0,0,0,1,0,1,1,0,1,0,0,0,0,0,0,0,0,0,0,0,0,0,0,0,0,1,1,1,0,0,0,1,0,0,0,0,0,0
11162,76.72727272727273,22,1486944000,71.20619140409396,262.0,0,0.000838139099817,0.002245111361701,0.001035981571337,-1.3588088569594547,0,1,0,0,0,0,0,0,0,0,0,0,0,0,1,0,0,0,0,0,0,0,0,1,0,0,0,0,0,1,0,0,0,0,0,0,0,0,0,0,0,0,0,0,0,1,1,1,0,0,0,0,1,0,0,0,0,0
3042,72.05882352941177,17,1422230400,79.53234411153822,1015.0,0,0.00349548483729,0.001076023605148,0.003155270461441,0.7680090454695007,0,0,1,0,0,0,0,0,1,0,0,0,0,0,0,0,0,1,0,0,0,0,0,1,0,0,1,0,1,0,1,0,0,0,0,0,0,0,1,0,0,0,0,0,0,1,1,1,0,0,0,1,0,0,0,0,0,0
2955,81.95238095238095,21,1418688000,79.06102561331407,181.0,0,0.000620878246512,0.001109905232451,0.000689643146972,-0.7093459795348749,0,0,1,0,0,0,0,0,1,1,0,1,0,0,0,0,0,1,0,0,0,0,0,1,0,1,0,0,0,0,0,0,0,0,0,1,0,0,1,0,0,0,0,0,0,1,1,1,0,1,0,1,1,0,0,0,0,1
6748,80.76923076923077,13,1479427200,73.9644231288701,167.0,0,0.000893152307761,0.000762017901463,0.000874712743779,0.1499826672718667,0,0,1,0,0,0,0,0,0,0,0,0,0,0,0,0,0,0,0,0,0,0,0,1,0,1,1,0,1,0,0,0,0,0,0,0,0,0,0,0,0,0,0,0,0,1,1,1,0,0,0,1,0,0,0,0,0,0
10919,85.20689655172414,29,1454544000,82.42438792432094,407.0,0,0.000691471977983,0.000760694017328,0.000701205687537,-0.09875320064324764,0,0,0,0,0,0,0,0,1,1,0,1,1,1,0,0,0,0,0,0,0,0,0,0,0,1,0,0,0,0,0,0,0,0,0,0,0,0,0,0,0,0,0,0,0,1,1,0,0,0,0,0,0,1,0,0,0,0
11182,82.46153846153847,13,1459814400,76.74284872000888,331.0,0,0.000655224395441,0.000190884479145,0.000589930886,0.7873411582361396,0,0,1,0,0,0,0,0,0,0,0,0,0,0,0,0,0,1,1,1,0,0,0,1,1,0,0,0,0,0,0,0,0,0,0,0,0,0,0,0,0,0,0,0,0,1,1,1,0,0,0,0,0,1,0,0,0,0
19562,85.17857142857143,27,1485216000,84.13445195234671,1025.0,0,0.000747849083455,0.000227119678243,0.000674626323269,0.7721386141990518,0,0,1,0,0,1,0,0,0,0,0,0,0,0,0,0,0,1,0,0,0,0,0,1,0,0,1,0,1,0,0,0,0,0,0,0,0,0,0,0,0,0,0,0,0,1,0,0,0,0,0,1,0,0,0,0,0,1
133512,70.0,1,1724716800,85.79913645258753,26.0,0,0.000107258506198,0.000128661924808,0.000110268164136,-0.19411403838874777,0,0,0,0,0,1,0,0,1,0,0,1,0,0,0,0,0,1,1,1,0,0,0,0,1,0,0,0,0,0,0,0,0,0,0,0,0,0,0,0,0,0,0,0,0,1,0,0,0,0,0,0,0,0,1,0,0,0
127165,78.0,4,1709596800,70.25645249086521,43.0,0,0.000501697671334,0.000216871834385,0.000461646670286,0.6171203967849247,0,0,0,0,0,0,0,0,0,0,0,0,0,0,0,0,0,1,1,0,0,0,0,1,0,0,1,0,1,0,0,0,0,0,0,0,0,0,0,0,0,0,0,0,0,1,1,1,0,0,0,1,0,0,0,0,0,0
847,78.4,15,1236211200,73.69314627451773,779.0,0,0.00034343742051,0.000309396625586,0.000338650748319,0.10053590236567998,0,0,1,0,0,0,0,0,0,0,0,0,0,0,0,0,0,1,0,0,0,0,0,1,0,0,1,0,1,0,0,0,0,0,0,0,0,0,0,0,0,0,0,0,0,1,1,1,1,0,0,0,1,0,0,0,0,0
26765,85.44444444444444,9,1531440000,79.94546009610352,152.0,0,0.000104859651133,0.000103851355466,0.000104717868874,0.009629191944105038,0,0,0,0,0,0,0,0,1,0,0,0,0,0,0,0,0,1,0,0,0,0,0,0,1,0,0,0,0,0,0,0,0,0,0,0,0,0,0,0,0,0,0,0,0,1,0,0,0,0,0,0,0,1,1,0,0,0
222341,86.6,5,1728345600,91.07343363753623,267.0,8,0.000329164634025,9.909517913e-05,0.000296813243162,0.77524706979174,0,0,0,0,0,1,0,0,0,0,0,0,0,0,0,0,0,1,0,0,0,0,0,1,0,0,1,0,1,0,0,0,0,1,0,0,0,0,0,0,0,0,0,1,0,1,0,0,0,0,0,0,1,0,0,0,0,0
1985,95.73684210526316,19,1441065600,84.65701817354692,1140.0,0,0.000735501799362,0.000404373054074,0.000688939879746,0.48080072852861677,0,0,1,0,0,0,0,0,0,0,0,0,0,1,0,0,0,1,0,0,0,0,0,1,1,0,0,0,0,1,1,0,0,0,0,0,0,0,1,0,0,0,0,0,0,1,1,0,0,0,0,0,1,0,0,0,0,0
113739,67.0,5,1636588800,62.95368062386714,45.0,0,0.000523375619104,0.000304199154538,0.000492555954336,0.44508737848421703,0,0,1,0,0,0,0,0,0,0,0,0,0,0,1,0,0,1,1,0,0,0,0,1,0,1,0,0,0,0,0,0,0,0,0,0,0,0,0,0,0,0,0,0,0,1,0,0,0,0,0,1,0,0,0,0,0,0
24654,76.0,7,1632787200,66.46683899166031,99.0,0,0.001578895916126,0.004416869735783,0.001977959756829,-1.4362170840482558,0,0,0,0,0,0,0,0,1,0,0,0,0,0,0,0,0,1,0,0,0,0,0,1,0,0,0,0,0,0,0,0,0,0,0,1,0,0,0,0,0,0,0,0,0,0,1,1,0,1,0,0,1,0,0,0,0,0
312,84.33333333333333,2,780883200,85.30245388009293,523.0,0,6.9727255394e-05,2.0446654971e-05,6.2797626396e-05,0.7847772374134123,0,0,1,0,0,1,0,0,0,0,0,0,0,0,0,0,0,0,0,0,0,0,0,1,0,1,1,0,0,0,0,0,0,0,0,0,0,0,0,0,0,0,0,0,0,1,1,1,0,0,0,1,0,0,0,0,0,0
115991,82.5,2,1634169600,64.9477849117624,17.0,0,0.000130332443203,8.6297632493e-05,0.000124140454903,0.3547396691801932,0,0,1,0,0,0,0,0,1,1,0,1,0,0,0,0,0,1,1,0,0,0,0,1,0,0,0,0,1,0,0,0,0,0,0,0,0,0,0,0,0,0,0,0,0,1,1,1,0,0,0,0,0,1,0,0,0,0
12595,82.72727272727273,22,1453334400,80.24647208929841,265.0,8,0.000163900368248,7.0999415824e-05,0.000150837030376,0.615949269673163,0,1,0,0,0,0,0,0,1,0,0,0,0,0,1,0,0,1,0,0,0,0,0,1,0,0,0,0,0,0,0,0,0,0,0,0,0,0,1,0,0,0,0,0,0,1,1,0,0,0,0,0,1,0,0,0,0,0
9728,62.0,1,1436400000,59.05717357066634,72.0,0,0.000594522932513,0.000895681166336,0.000636870525932,-0.4730225544784234,0,0,0,0,1,0,0,0,1,0,0,0,0,0,1,0,0,1,0,0,0,0,0,1,1,0,0,0,0,0,0,0,0,0,0,1,0,0,1,0,0,1,0,0,0,1,1,1,0,1,0,0,1,0,0,0,0,0
281275,80.0,1,1703721600,77.74211664373996,142.0,0,0.000736063404226,0.000186128302809,0.000658733862922,0.835111481189205,0,0,0,0,0,0,0,0,0,1,0,1,0,0,0,0,0,0,1,0,0,0,0,1,0,0,1,0,0,0,0,0,0,0,0,0,0,0,0,0,0,0,0,0,0,1,1,0,0,0,0,1,0,0,0,0,0,0
18,73.8,2,995846400,85.80913478279017,1732.0,0,0.000104875696987,7.7520771007e-05,0.000101029163327,0.2707763469329369,0,0,1,0,0,0,0,0,0,0,0,0,0,0,0,0,0,0,0,0,0,0,0,1,0,0,0,1,0,0,0,0,0,0,0,0,0,0,0,0,0,0,0,0,0,1,0,0,0,0,0,0,1,0,0,0,0,0
11119,67.77777777777777,9,1434240000,63.37898057841727,394.0,0,0.000528285650205,0.000421730646064,0.000513302337497,0.2076404907643452,0,0,0,0,0,0,0,0,1,1,0,1,0,0,0,0,0,0,0,0,0,0,0,0,0,1,0,0,1,0,0,0,0,0,0,0,0,0,0,0,0,0,0,0,0,1,0,0,0,0,0,0,0,0,1,0,0,0
102058,77.75,12,1617235200,74.13905136512187,84.0,0,0.000323059186855,0.000990510496587,0.000416913358905,-1.6012689938822684,0,0,1,0,0,0,0,0,1,0,0,0,0,0,0,0,0,1,0,0,0,0,0,1,0,1,0,0,0,0,0,0,0,0,0,0,0,0,0,0,0,0,0,0,0,1,1,1,0,0,0,0,1,0,0,0,0,0
122120,76.4,10,1604016000,70.12423669916151,185.0,0,5.23495963e-05,0.0001161095419,6.13152494e-05,-1.0399028126355123,0,0,0,0,0,0,0,0,0,0,0,0,0,0,0,0,0,1,0,0,0,0,0,0,0,0,1,0,1,0,0,0,0,0,0,0,0,0,0,0,0,0,0,1,0,1,1,1,0,0,0,0,1,0,0,0,0,0
960,89.33333333333333,12,1337040000,81.93825170970538,1129.0,0,0.000396493034355,0.000375394701345,0.00039352627626,0.05362407896250494,0,0,1,0,0,0,0,0,0,0,0,0,0,0,0,0,0,0,0,0,0,0,0,1,0,0,0,1,0,0,0,0,0,0,0,1,0,0,0,0,0,0,0,0,0,1,1,0,0,0,0,0,1,0,0,0,0,0
7498,84.82352941176471,17,1496275200,78.21141295896123,268.0,10,0.000619586555324,0.000763930178547,0.00063988354336,-0.2256501223578892,0,1,0,0,0,0,0,0,0,0,0,0,0,0,0,0,0,0,0,0,0,0,0,1,0,0,0,0,0,0,0,0,0,0,0,0,0,0,0,0,0,0,0,0,0,1,1,0,0,0,0,0,0,0,1,0,0,0
186725,91.4,5,1643673600,81.3245790184361,356.0,0,0.001977482934332,0.000189021234807,0.001725997036253,1.0370844550200975,0,0,0,0,0,0,0,0,1,0,0,0,0,0,0,0,0,1,1,1,0,0,0,1,1,0,0,0,1,0,0,0,0,0,0,0,0,0,0,0,0,0,0,0,0,1,1,1,1,0,0,0,0,1,0,0,0,0
3043,77.5,4,1292371200,70.22231089821742,69.0,0,0.000134929580165,6.0898670203e-05,0.000124519667623,0.594568877606183,0,0,0,0,0,0,0,0,1,0,0,1,0,0,0,0,0,1,1,0,0,0,0,1,0,0,0,0,0,1,0,0,0,0,0,0,0,0,0,0,0,0,0,0,0,1,1,1,1,0,0,0,1,1,0,0,0,0
117023,75.0,1,1556841600,77.55296318627754,39.0,0,8.8902050054e-05,5.9918015288e-05,8.4826438027e-05,0.3417008273483042,0,0,0,0,1,0,0,0,0,0,0,0,0,0,0,0,0,1,1,0,0,0,0,1,1,0,1,0,0,0,0,0,0,0,0,0,0,0,0,0,0,0,0,0,0,1,0,0,0,0,0,0,0,0,1,0,0,0
11177,64.6,5,1513036800,72.94290619877499,152.0,0,0.000411311379852,0.00044144180985,0.000415548193114,-0.07252273114593122,0,1,0,0,0,0,0,0,0,0,0,0,0,0,0,0,0,0,1,0,0,0,0,1,0,0,0,0,0,0,0,1,0,0,0,0,0,1,0,0,1,0,0,0,0,1,1,1,0,0,0,0,0,1,0,0,0,1
12070,68.9,10,1440460800,68.65384039055965,71.0,0,8.3478551648e-05,5.57502319e-05,7.957951294e-05,0.34844926805928367,0,1,0,0,0,1,0,0,0,1,0,1,0,0,0,0,0,0,1,1,0,0,0,1,0,0,1,0,0,0,1,0,0,0,0,0,0,0,0,0,1,0,0,0,0,1,1,1,0,0,0,0,1,1,0,0,0,0
138137,65.0,1,1677110400,51.3577923897639,6.0,0,1.9014336127e-05,0.000122140569625,3.3515509652e-05,-3.0770220331806835,0,0,0,0,0,0,0,0,1,0,1,1,1,0,0,0,0,0,0,0,0,1,0,0,1,0,0,0,0,0,0,0,0,0,0,0,0,0,0,0,0,0,0,0,0,1,1,0,0,0,0,0,0,1,0,0,0,0
28311,86.5,2,1486684800,70.24884357843231,63.0,0,0.000209013284723,0.000158768030689,0.000201948010226,0.24882803881829368,0,0,0,0,0,1,0,0,0,0,0,0,0,0,0,0,0,1,1,0,0,0,0,1,1,0,1,0,1,0,0,0,0,0,0,0,0,0,0,0,0,0,0,0,0,1,0,0,0,0,0,1,0,0,0,0,0,0
2114,79.81818181818181,22,1457308800,73.48483051487383,397.0,0,0.000526721179511,0.001350656014008,0.000642579401059,-1.2826423109318863,0,0,1,0,0,0,0,0,1,0,0,1,0,1,0,0,0,1,0,0,0,0,0,1,0,1,0,0,1,0,0,0,0,0,0,1,0,0,1,1,0,0,0,0,0,1,1,1,0,1,0,0,1,0,0,0,0,0
11205,62.8,5,1446422400,74.28349785150678,56.0,0,3.3487695779e-05,8.9190564491e-05,4.1320396903e-05,-1.3480998178009345,0,0,0,0,0,0,0,1,0,1,0,1,0,0,0,0,0,0,0,0,0,0,0,0,0,1,0,0,0,0,0,0,0,0,0,0,0,0,0,0,0,1,0,0,0,1,1,0,0,0,0,0,0,1,0,0,0,0
103168,65.375,8,1559606400,71.16438674203378,33.0,0,2.8120357859e-05,0.000125867058301,4.1865084264e-05,-2.33485130229879,0,0,0,0,0,0,0,0,1,0,0,0,0,0,1,0,0,1,0,0,0,0,0,1,1,0,0,0,0,0,0,0,0,0,0,0,0,0,0,0,0,0,0,0,0,1,1,1,1,0,0,0,0,1,0,0,0,0
36597,82.625,8,1502150400,70.37932468047725,88.0,0,7.4011498218e-05,2.4565405613e-05,6.7058598411e-05,0.7373812106277723,0,0,0,0,0,0,0,0,1,0,0,0,0,0,0,0,0,1,1,0,0,0,0,1,1,0,0,0,0,0,0,0,0,0,0,0,0,0,0,0,0,0,0,0,0,1,0,0,0,0,0,0,1,0,0,0,0,0
5025,82.71428571428571,7,1320105600,81.64570500351991,454.0,0,0.00061973899093,0.00014783372839,0.000553381674589,0.853002265955864,1,0,0,0,0,1,0,0,1,0,0,0,0,0,0,0,0,1,1,0,0,0,0,0,0,1,0,0,0,0,0,0,0,1,0,0,0,0,0,0,0,0,0,0,1,1,0,0,0,0,0,0,0,1,0,0,0,0
144800,72.5,2,1616112000,78.93192496504771,21.0,0,5.778914056e-05,3.8981032859e-05,5.5144424233e-05,0.34107938452485304,0,0,0,0,0,1,0,0,1,1,0,0,0,0,0,0,0,1,1,0,0,0,0,0,0,0,1,0,0,0,0,1,0,0,0,0,0,0,0,0,0,0,0,0,0,1,0,0,0,0,0,0,0,1,0,0,0,0
188555,90.0,1,1701734400,76.4488426212454,18.0,0,3.4642997215e-05,2.333958697e-05,3.3053559612e-05,0.3419782070563842,0,0,1,0,0,0,0,0,1,0,0,0,0,0,0,0,0,0,0,0,0,0,0,1,0,0,1,0,1,0,1,0,0,0,0,1,0,0,1,0,0,0,0,0,0,1,0,0,0,0,0,1,0,0,0,0,0,0
5082,86.55555555555556,9,1404086400,85.33348225807892,242.0,0,8.6631561816e-05,4.839532004e-05,8.1254943684e-05,0.4705903845740888,0,0,0,0,0,1,0,0,1,0,0,0,1,0,0,0,0,1,1,0,0,0,0,0,1,0,0,0,0,1,0,0,0,0,0,0,0,0,1,0,0,0,0,0,0,1,1,1,0,0,0,0,0,1,0,0,0,0
138569,82.0,3,1630022400,82.421252071531,39.0,0,4.447910527e-05,2.6722846425e-05,4.1982295468e-05,0.42295523312152544,0,0,1,0,0,1,0,0,0,0,0,0,0,0,0,0,0,1,1,0,0,0,0,1,0,0,1,1,1,0,0,0,0,0,0,0,0,0,0,0,0,0,0,1,0,1,0,0,0,0,0,0,1,0,0,0,0,0
126835,75.0,1,1582156800,76.8897211274688,34.0,0,4.898799004e-05,4.5208191567e-05,4.8456490811e-05,0.07800585611716127,1,0,0,0,0,1,0,0,1,1,0,1,0,0,0,0,0,1,1,0,1,0,0,0,0,0,0,0,0,0,0,1,0,0,0,0,0,0,0,0,0,0,0,0,0,1,0,0,0,0,0,1,0,0,0,0,0,0
8862,86.33333333333333,6,1404172800,80.6428264754916,127.0,10,5.0014924649e-05,2.4467340122e-05,4.6422531678e-05,0.550340030815156,0,1,0,0,1,0,0,0,0,0,0,0,0,0,1,0,0,1,1,0,0,0,0,1,1,0,0,0,0,0,0,1,0,0,0,0,0,0,0,0,0,0,0,0,0,1,1,1,0,0,0,0,0,0,1,0,0,0
1281,72.5,8,1335830400,65.82892516082947,71.0,0,0.000181462554655,0.000201671683207,0.000184304276591,-0.10966099747137369,0,0,0,0,1,0,0,0,0,0,0,1,0,0,0,0,0,0,1,0,0,0,1,1,0,1,0,0,0,0,1,1,0,0,0,0,0,0,0,1,0,0,0,0,0,1,1,1,0,0,0,0,0,0,1,0,0,0
262538,90.0,3,1722470400,79.16318248279171,60.0,0,4.803326177e-05,1.0247843859e-05,4.2720036578e-05,0.8845082548906431,0,0,0,0,1,1,0,0,0,0,0,0,0,0,0,0,0,1,1,0,0,0,0,0,0,0,0,0,0,0,0,1,0,0,0,0,0,0,0,0,0,0,0,0,0,1,0,0,0,0,0,0,0,1,1,0,0,0
134438,78.33333333333333,6,1599523200,69.49403384318335,22.0,9,4.3869362846e-05,8.1884685377e-05,4.9214916251e-05,-0.7724539810227138,0,1,0,0,0,0,0,0,1,0,0,0,0,0,0,0,0,1,0,0,0,0,0,1,1,0,0,0,0,0,0,0,0,0,0,0,0,0,0,0,0,0,0,0,0,1,0,0,0,0,0,0,1,0,0,0,0,0
2130,82.0,7,1344988800,75.7269902128503,168.0,0,0.000142471131203,4.3148816247e-05,0.000128504848569,0.7729567998791605,0,0,0,0,1,0,0,0,1,0,0,0,0,0,1,0,0,1,1,0,0,0,0,1,1,0,0,0,0,0,0,0,0,0,0,0,0,0,0,0,0,0,0,0,0,1,0,0,0,0,0,0,0,0,1,0,0,0
139346,79.83333333333333,6,1604620800,76.7879105691515,67.0,9,7.4581126009e-05,0.000108803662785,7.9393353969e-05,-0.4310675084009619,0,0,0,0,0,0,1,0,0,0,0,0,0,0,0,0,0,0,0,0,0,0,0,1,0,0,0,0,0,0,0,0,0,0,0,0,0,0,0,0,0,0,0,0,0,1,1,0,0,0,0,1,1,0,0,0,0,0
5508,81.92857142857143,14,1389657600,84.85359620501556,264.0,0,0.000110812662697,8.3895027952e-05,0.000107027619076,0.25151522024768436,0,0,0,0,0,0,0,0,1,1,0,1,0,1,0,0,0,0,1,0,0,0,0,0,1,0,0,0,0,1,0,0,0,0,0,0,0,0,0,0,0,0,0,0,0,1,1,0,0,0,0,0,0,0,1,0,0,0
20331,76.0,3,1524096000,69.3591943074811,81.0,0,0.000293486679274,0.000240554650575,0.00028604360192,0.18507527669511814,0,0,0,0,0,0,0,0,1,0,0,1,1,0,0,0,0,1,1,0,0,1,0,1,1,0,0,0,0,0,0,0,0,0,0,0,0,0,0,0,0,0,0,0,0,1,1,1,0,0,0,0,0,1,1,0,0,0
9174,77.72222222222223,18,1493337600,80.88722883572353,704.0,0,0.000838171191524,0.000280663436586,0.000759776815802,0.7340570378867605,0,0,0,0,1,1,0,0,0,0,0,0,0,0,0,0,0,1,1,0,0,0,0,1,1,0,1,1,1,0,0,0,0,0,0,0,0,0,0,0,0,0,0,0,0,1,0,0,0,0,0,0,1,0,1,0,0,0
68447,79.5,8,1573516800,80.33481837362237,272.0,0,0.000228829913514,7.9874342802e-05,0.000207884412984,0.7166052077111367,0,0,0,0,0,1,0,0,0,0,0,0,0,0,0,0,0,1,1,0,0,0,0,1,0,0,0,0,0,0,0,1,0,0,0,0,0,0,0,0,0,0,0,1,0,1,1,1,0,0,0,1,0,0,0,0,0,0
204623,84.83333333333333,6,1668470400,87.66977224524312,95.0,0,5.9201175648e-05,1.7995017685e-05,5.3406940499e-05,0.7715712211859568,0,0,0,0,0,1,0,0,1,0,0,0,0,0,0,0,0,1,0,0,0,0,0,0,0,0,0,0,0,1,0,0,0,0,0,0,0,0,0,0,0,0,0,1,0,1,0,0,0,0,0,0,0,0,1,0,0,0
102060,84.0,3,1556150400,61.00846337096846,28.0,0,0.000137665398148,0.000458112943399,0.000182725372721,-1.753871487772946,0,0,0,0,0,0,0,1,0,1,0,1,1,1,0,0,0,0,0,0,0,0,0,0,1,0,0,0,0,1,0,0,0,0,0,0,0,0,0,0,0,1,0,0,0,1,1,0,0,0,0,0,0,1,0,0,0,0
432,88.0,4,1300147200,83.20331984897348,201.0,0,0.000653539580848,0.000380935401613,0.000615207137467,0.4432458728954903,0,0,0,0,0,0,0,1,0,1,0,1,1,1,0,0,0,0,0,0,0,0,0,0,0,0,0,0,0,1,0,0,0,0,0,0,0,0,0,1,0,0,0,0,0,1,1,1,0,0,0,0,0,1,0,0,0,0
24311,50.0,1,1464652800,69.89565049253416,17.0,9,6.6927253998e-05,0.000164651960177,8.0668887663e-05,-1.2114788071201352,0,0,1,0,0,0,0,0,1,0,0,0,0,0,0,0,0,0,0,0,0,0,0,1,0,0,1,0,1,0,0,0,0,0,0,0,0,0,1,0,0,0,0,0,0,1,1,1,0,0,0,1,0,0,0,0,0,0
27441,84.66666666666667,9,1546387200,72.66818605689043,46.0,0,3.4137552836e-05,4.2462357806e-05,3.53081516e-05,-0.23577988534163646,0,0,0,0,0,0,0,0,0,0,0,1,1,1,0,0,0,0,1,0,0,0,0,0,1,0,0,0,0,0,0,0,0,0,0,0,0,0,0,1,0,0,0,0,0,1,1,1,0,0,0,0,0,1,1,0,0,0
20228,74.16666666666667,6,1412899200,82.22770128928877,252.0,9,0.000518634069462,0.000215008590047,0.000475939542433,0.6381014820040729,0,0,1,0,0,0,1,0,0,0,0,0,0,0,1,0,0,1,0,0,0,0,0,1,0,0,0,0,0,0,0,0,0,0,0,1,0,0,1,0,0,0,0,0,0,1,0,0,0,0,0,0,1,0,0,0,0,0
119244,74.63636363636364,11,1575504000,70.09967109094264,88.0,0,8.1713507788e-05,0.000107283647668,8.5309072397e-05,-0.2997480787031685,0,0,0,0,0,0,0,0,1,0,0,0,0,0,1,0,0,1,0,0,0,0,0,1,1,0,0,0,0,0,0,0,0,0,0,0,0,0,0,0,0,0,0,0,0,1,1,1,0,0,0,0,1,1,0,0,0,0
145796,70.0,1,1670976000,83.68112013345063,26.0,0,3.763554885e-05,2.353571795e-06,3.2674346892e-05,1.0798242907887579,0,0,0,0,1,0,0,0,0,0,0,0,0,0,0,0,0,1,1,0,0,0,0,1,0,0,0,0,0,0,0,1,0,0,0,0,0,1,1,0,0,0,0,0,0,1,0,0,0,0,0,0,1,0,0,0,0,0
2605,89.28571428571429,7,1364947200,77.15389553348693,203.0,0,0.000558532083623,9.7918393232e-05,0.000493762540263,0.9330950818639236,0,0,0,0,1,1,0,0,0,0,0,0,0,0,0,0,0,1,1,0,0,0,0,1,0,0,0,0,0,0,0,1,0,0,0,0,0,0,0,0,0,0,0,0,0,1,1,1,0,0,0,0,0,0,1,0,0,0
20043,80.0,2,1438214400,79.47446818266621,34.0,0,3.2420646536e-05,3.6970690284e-05,3.3060454388e-05,-0.13763026083797664,0,0,0,0,0,1,0,0,0,1,0,1,1,0,0,0,0,0,0,0,0,1,0,0,1,0,0,0,0,0,0,0,0,0,0,0,0,0,0,0,0,0,0,0,0,1,1,0,0,0,0,0,0,0,0,0,0,0
88461,76.5,4,1542240000,79.96741539927658,20.0,0,9.9227556635e-05,5.5946362883e-05,9.3141538755e-05,0.46470361063130505,0,0,0,0,0,0,0,0,1,0,0,1,1,1,0,0,0,0,0,0,0,0,0,1,0,1,0,0,0,0,0,0,0,0,0,0,0,0,0,0,0,0,0,0,0,1,0,0,0,0,0,0,0,0,0,0,0,0
6250,85.0,9,1323216000,76.61226932456385,275.0,0,0.000165930168687,4.8885647498e-05,0.000149471864585,0.7831123852472364,0,0,0,0,1,1,0,0,0,0,0,0,0,0,0,0,0,1,0,0,0,0,0,1,1,0,0,0,0,0,0,0,0,0,0,0,0,0,0,0,0,0,0,0,0,1,1,1,0,0,0,0,0,0,1,0,0,0
135671,75.0,1,1726099200,49.60575237599697,11.0,0,2.5841846695e-05,0.000278947290485,6.1432460605e-05,-4.120186879424837,0,0,0,0,0,0,1,0,0,1,0,0,0,0,0,0,0,0,0,0,0,0,0,0,0,0,0,0,0,0,0,0,0,0,0,0,0,0,1,0,0,0,0,0,0,1,1,1,0,1,0,0,1,0,0,0,0,0
11667,84.0,11,1501286400,84.80577245797903,130.0,0,6.1086563407e-05,6.2320619829e-05,6.1260091187e-05,-0.02014515807773465,0,0,0,0,0,0,0,0,1,0,0,0,1,0,0,0,0,1,0,0,0,0,0,0,1,0,0,0,0,0,0,0,0,0,0,0,0,0,1,0,0,0,0,0,0,1,0,0,0,0,0,0,1,0,0,0,0,0
39755,65.0,1,1507852800,53.00179436420608,7.0,0,8.7233281314e-05,0.000205839466594,0.000103911179997,-1.1414782069748652,0,0,0,0,0,0,0,0,0,1,0,0,0,0,0,0,0,0,1,0,0,0,0,0,0,0,0,0,0,0,0,0,0,0,0,0,0,1,0,0,0,0,0,0,0,1,0,0,0,0,0,1,0,0,0,0,0,0
1121,81.0952380952381,20,1401062400,73.06037104918917,1120.0,0,0.000286980085772,0.000488022918298,0.00031524987612,-0.6378258500845096,0,0,1,0,0,0,0,0,0,0,0,0,0,0,0,0,0,1,0,0,0,0,0,1,0,1,0,0,0,0,1,0,0,0,0,1,0,0,1,0,0,0,0,0,0,1,1,1,0,0,0,0,1,0,0,0,0,0
6836,80.7,10,1340064000,73.40223133843088,151.0,0,5.5815500607e-05,2.0887949683e-05,5.0904136548e-05,0.6861611307743744,0,0,0,0,1,0,0,0,0,0,0,0,0,0,1,0,0,1,0,0,0,0,0,1,0,0,0,0,0,0,0,1,0,0,0,0,0,1,1,0,0,0,0,0,0,1,1,1,1,0,0,0,1,0,0,0,0,0
12597,88.53846153846153,13,1477958400,78.65846372714024,126.0,0,3.9456753196e-05,4.6875304922e-05,4.0499918473e-05,-0.18317819467468452,0,0,0,0,1,1,0,0,0,0,0,0,0,0,0,0,0,1,1,0,0,0,0,1,1,1,0,0,0,0,0,0,0,0,0,0,0,0,0,0,0,0,0,0,0,1,0,0,0,0,0,0,0,0,1,0,0,0
6968,71.33333333333333,3,1350259200,77.94665654131451,84.0,3,7.8897460539e-05,7.5265264703e-05,7.8386716567e-05,0.046338695523600704,0,0,1,0,0,0,0,0,0,0,0,0,0,0,0,0,0,0,0,0,0,0,0,1,0,0,1,0,1,0,0,0,0,0,0,0,0,0,0,0,0,0,0,0,0,1,1,0,0,0,0,1,0,0,0,0,0,0
152242,85.5,6,1666051200,83.67577820316328,264.0,0,0.000150606378812,9.012218666e-05,0.000142101348267,0.4256714677977653,0,0,0,0,0,0,0,0,1,0,0,0,0,0,0,0,0,1,0,0,0,0,0,1,0,0,0,0,0,1,1,0,0,1,0,0,0,0,0,0,0,0,0,1,0,1,0,0,0,0,0,0,1,0,0,0,0,0
36832,72.91666666666667,12,1535328000,69.92089486186333,38.0,0,7.247911923e-05,8.3061471275e-05,7.3967164688e-05,-0.1430735307768329,0,0,1,0,0,1,0,0,0,0,0,0,0,0,0,0,0,1,0,0,0,0,0,1,0,0,0,0,0,0,0,0,0,0,0,0,0,0,0,0,0,0,0,1,0,1,1,1,0,0,0,0,0,1,0,0,0,0
119234,72.77777777777777,9,1580774400,65.29084124902352,35.0,0,6.3974816996e-05,6.3693536709e-05,6.3935264555e-05,0.0043995951330894545,0,0,1,0,0,0,0,0,0,0,0,0,0,0,0,0,0,0,0,1,0,0,0,1,1,0,1,0,0,0,0,0,0,0,0,0,0,0,0,0,0,0,0,0,0,1,1,1,0,0,0,0,1,0,0,0,0,0
118193,95.0,2,1631836800,85.38344624237807,67.0,0,6.6742726685e-05,3.236161218e-06,5.7812702825e-05,1.098519842337274,0,0,0,0,0,1,0,0,0,0,0,0,0,0,0,0,0,1,1,0,0,0,0,0,1,0,0,0,0,0,0,0,0,0,0,0,0,1,0,0,0,0,0,0,0,1,0,0,0,0,0,1,0,1,0,0,0,0
120436,76.375,8,1585180800,83.18729802174119,29.0,0,0.000146931878413,8.1688554394e-05,0.000137757638932,0.47364210293393205,0,0,0,0,0,0,0,0,0,0,0,0,0,0,1,0,0,1,0,0,0,0,0,1,0,0,0,0,0,0,0,0,0,0,0,0,0,0,0,0,0,0,0,0,0,1,1,1,1,0,0,0,1,0,0,0,0,0
136627,63.16666666666666,6,1706832000,47.01259379299331,43.0,0,7.517482258e-05,0.000263354877341,0.000101635903678,-1.851605689660573,0,0,1,0,0,0,0,0,0,0,0,0,0,0,0,0,0,1,0,0,0,0,0,1,0,1,0,0,0,0,0,0,0,0,0,0,0,0,0,0,0,0,0,0,0,1,1,1,0,0,0,0,1,0,0,0,0,0
7533,72.8,5,1295913600,67.98552044118892,97.0,0,4.8707187608e-05,8.2276947343e-05,5.3427624829e-05,-0.6283389278622266,0,0,0,0,0,0,0,0,1,0,0,0,0,0,0,0,0,1,0,0,0,0,0,1,1,0,0,0,0,1,0,0,0,0,0,1,0,0,1,0,0,0,0,0,0,0,1,1,0,1,0,1,1,0,0,0,0,0
90558,95.0,2,1725926400,72.5211648758585,199.0,0,0.001809001474975,0.000322880630663,0.001600029465518,0.929551285234113,0,0,0,0,0,0,0,0,0,1,0,1,0,0,0,0,0,1,1,0,0,0,0,0,0,1,0,0,0,0,0,0,0,0,0,1,0,0,1,0,0,0,0,0,0,1,1,1,0,0,0,1,0,0,0,0,0,0
20048,75.64285714285714,14,1445904000,73.11266143194078,88.0,9,0.000114110085545,0.000190590282671,0.000124864406459,-0.6125442311613667,0,1,0,0,0,1,0,0,1,0,0,0,0,0,1,0,0,1,0,0,0,0,0,1,1,0,0,0,0,0,0,0,0,0,0,0,0,0,1,0,0,0,0,0,0,1,1,0,0,0,0,0,1,0,0,0,0,0
15120,70.0,1,1303430400,72.81963106322762,36.0,0,4.5169076961e-05,4.0255884248e-05,4.4478204642e-05,0.11046538448959674,1,0,0,1,0,1,0,0,0,0,0,0,0,0,0,0,0,1,1,0,0,0,0,0,1,0,0,0,0,0,0,0,0,0,0,0,0,1,0,0,0,0,0,0,0,1,0,0,0,0,0,0,0,0,1,0,0,0
132139,78.0,9,1587686400,68.1499281584652,43.0,0,0.000130789750021,0.000314152801922,0.00015657348461,-1.171190683270458,0,0,0,0,0,0,0,0,0,0,0,1,1,1,0,0,0,0,0,0,0,0,0,1,0,1,0,0,0,0,0,0,0,0,0,0,0,0,0,0,0,0,0,0,0,1,0,0,0,0,0,0,1,0,0,0,0,0
8874,75.0,8,1312070400,68.05665773088272,49.0,0,5.6160486453e-05,2.172150636e-05,5.1317823152e-05,0.6711092099557417,0,0,0,0,0,0,0,0,0,1,0,0,0,0,0,0,0,1,1,0,1,0,0,0,0,0,0,0,0,0,0,0,0,1,0,0,0,0,0,0,0,0,0,1,1,1,0,0,0,0,0,0,0,0,0,1,0,0
559,85.27272727272727,10,1257811200,81.64460726381883,1519.0,0,0.00043440136271,0.000194807098804,0.000400710633605,0.5980431877472137,0,0,1,0,0,0,0,0,0,0,0,0,0,0,0,0,0,0,0,0,0,0,0,1,0,0,0,0,0,0,1,0,0,0,0,0,0,0,0,1,0,0,0,0,0,1,1,1,1,0,0,1,0,0,0,0,0,0
18063,81.66666666666667,5,1475539200,73.35460746663321,12.0,0,3.5357037685e-05,4.2805587026e-05,3.6404421099e-05,-0.2046093495068763,0,1,0,0,0,0,0,0,0,0,0,1,1,1,0,0,0,0,0,0,0,0,0,1,0,1,0,0,0,0,0,0,0,0,0,0,0,0,0,0,0,0,0,0,0,0,1,1,0,0,0,0,0,1,0,0,0,0
8758,84.6,5,1302220800,68.57135972114949,34.0,0,3.243669239e-05,2.9272549204e-05,3.1991763996e-05,0.09890651229443906,0,0,0,0,0,0,0,1,0,0,0,1,0,0,0,0,0,0,1,0,0,0,0,1,1,1,0,0,0,1,0,0,0,0,0,0,0,0,0,0,0,0,0,0,0,1,0,0,0,0,0,0,0,1,0,0,0,0
79824,77.0,1,1361491200,77.61861520436591,109.0,0,0.00012230149364,0.000151560217066,0.000126415731222,-0.23146306623113824,0,0,0,0,0,0,0,0,1,0,0,0,0,0,0,0,0,1,0,0,0,0,0,0,1,0,0,0,0,0,0,0,0,0,0,1,0,0,1,0,0,0,0,0,0,0,1,0,0,1,0,0,0,1,0,1,0,0
86295,0.0,0,1551916800,73.1666796480579,27.0,0,7.6193734263e-05,7.64420506e-05,7.6228651453e-05,-0.0032576438984050706,0,0,0,0,0,1,0,0,1,0,0,0,0,0,0,0,0,1,1,0,0,0,0,0,0,0,0,0,0,0,0,0,0,0,0,0,0,0,0,0,0,0,0,1,0,0,1,1,0,0,0,1,0,0,0,0,0,0
14593,91.25,8,1487894400,91.92425697089558,2111.0,0,0.003238382130311,0.000603347936266,0.002867854798953,0.9201340455995861,0,0,0,0,1,0,0,0,0,0,0,0,0,0,0,0,0,1,1,0,0,0,0,1,1,0,0,0,0,0,0,0,0,0,0,0,0,0,0,0,0,0,0,0,0,1,0,0,0,0,0,0,0,0,1,0,0,0
93746,78.0,5,1538006400,70.09881808974784,8.0,0,3.756334251e-05,3.5499707912e-05,3.7273162966e-05,0.05536619091698434,0,0,0,0,0,0,0,0,1,0,0,0,0,1,1,0,0,0,0,0,0,0,0,1,0,0,0,0,0,1,0,0,0,0,0,0,0,0,0,1,0,0,0,0,0,1,1,1,1,0,0,0,1,0,0,0,0,0
9241,68.9090909090909,11,1423785600,57.06255188137344,93.0,0,0.000116180000617,7.6932378058e-05,0.000110661166409,0.35468444248752995,0,0,0,0,0,1,0,0,1,1,0,1,0,1,0,0,0,1,1,0,0,0,0,1,0,0,0,0,0,0,1,1,0,0,0,1,0,0,0,0,0,0,0,0,0,1,0,0,0,0,0,0,0,1,0,0,0,0
8499,71.66666666666667,3,1407456000,65.75101951098634,175.0,0,0.000391767530566,0.000167005531972,0.000360162451695,0.6241696504537876,1,0,0,0,0,0,0,0,0,1,0,1,0,0,0,0,0,0,1,0,0,0,0,1,0,0,1,0,1,0,0,0,0,0,0,0,0,0,0,0,0,0,0,0,0,1,0,0,0,0,0,1,0,0,0,0,0,0
1881,72.8,5,1378944000,76.38825964984386,131.0,0,0.002054896153444,0.001330552588257,0.001953042033751,0.3712417138768998,0,0,1,0,0,0,0,0,0,1,0,1,0,1,0,0,0,0,0,0,0,0,0,1,0,0,0,0,0,0,0,0,0,0,0,1,0,0,1,1,0,0,0,0,0,1,1,1,0,0,0,1,1,1,0,0,0,0
7342,92.48717948717949,39,1467158400,85.67996290839295,1594.0,0,0.000529144103356,0.000102576504077,0.000469161976914,0.9094250538203922,0,0,0,0,1,1,0,0,0,0,0,0,0,0,0,0,0,1,1,0,0,0,0,1,0,1,1,0,0,0,1,0,0,1,0,0,0,0,0,0,0,0,0,0,0,1,0,0,0,0,0,0,0,0,1,0,0,0
19441,81.33333333333333,21,1479168000,76.666794959721,721.0,0,0.000547267894626,0.000694597876078,0.000567984811689,-0.25946436428462044,0,0,1,0,0,0,0,0,0,0,0,0,0,0,0,0,0,1,0,0,0,0,0,1,0,1,0,0,0,0,1,0,0,0,0,1,0,0,1,0,0,0,0,0,0,1,1,1,0,0,0,0,1,0,0,0,0,0
8258,71.78947368421052,19,1455494400,72.91490506123544,165.0,0,0.000236909000637,0.000692440435266,0.000300963898749,-1.5138027595438976,0,1,0,0,0,0,0,0,0,0,0,0,0,0,0,0,0,0,0,1,0,0,0,1,0,0,0,0,0,0,0,0,0,0,0,0,0,0,0,0,0,0,0,0,0,1,1,0,0,0,0,0,0,0,1,0,0,0
241,70.0,2,973728000,83.12371670511658,741.0,0,0.001956133926554,0.000315133456837,0.001725383401124,0.9519134931899598,0,0,1,0,0,0,0,0,0,0,0,0,0,0,0,0,0,0,0,0,0,0,0,1,0,0,0,0,0,0,0,0,0,0,0,0,0,0,0,1,0,0,0,0,0,0,1,0,0,0,0,1,0,0,0,0,0,0
233585,86.16666666666667,6,1674604800,85.19300325491824,174.0,0,0.000260271763001,4.403140567e-05,0.000229864961178,0.9408359077927133,0,0,0,1,1,0,0,0,0,0,0,0,0,0,1,0,0,1,0,0,0,0,0,1,0,0,0,0,0,0,0,0,0,0,0,0,0,0,0,0,0,0,0,0,0,1,0,0,0,0,0,0,1,0,0,0,0,0
153700,92.2,10,1629417600,86.8196444826104,255.0,10,0.000490088496491,0.000197552932565,0.000448953386338,0.6517407716115037,0,0,0,0,0,0,0,0,1,0,0,0,0,0,0,0,0,1,0,0,0,0,0,1,0,0,0,0,0,1,1,0,0,1,0,0,0,0,1,0,0,0,0,0,0,1,1,1,0,0,0,0,1,0,0,0,0,0
120300,75.6,5,1571270400,72.4575207018833,9.0,8,4.0058472694e-05,1.6524035313e-05,3.6749159935e-05,0.6404192600696271,0,0,0,0,0,0,0,0,1,1,0,1,0,0,0,0,0,0,0,0,0,0,0,0,1,0,0,0,0,0,0,0,1,0,0,0,0,0,0,0,0,0,0,0,0,1,0,0,0,0,0,0,0,1,0,0,0,0
279635,75.33333333333333,3,1725321600,62.16347047446631,33.0,0,2.3298578951e-05,8.3306635003e-05,3.1736657257e-05,-1.8908421195266625,0,0,0,0,0,0,0,0,0,0,0,0,0,0,0,0,0,1,0,0,0,0,0,0,0,0,1,1,0,0,0,0,0,1,0,0,0,0,0,0,0,0,0,1,0,1,1,1,0,0,0,0,1,0,0,0,0,0
14761,62.09090909090909,11,1490659200,75.51204635257425,80.0,0,0.000319208182069,0.000122091536879,0.000291490475531,0.6763355552104887,0,0,0,0,1,0,0,0,0,0,0,0,0,0,0,0,0,1,1,0,0,0,0,1,0,1,1,0,1,0,0,0,0,0,0,0,0,0,1,0,0,0,0,1,0,1,1,1,0,0,0,0,0,0,1,0,0,0
6044,85.6,10,1431388800,76.31879747720211,71.0,0,4.1125521937e-05,2.3584750698e-05,3.8659013088e-05,0.45373921603582734,0,0,0,0,0,0,0,0,0,0,0,1,1,1,0,0,0,1,1,0,0,0,0,1,0,1,0,0,0,0,1,0,0,0,0,0,0,0,0,0,0,0,0,0,0,1,0,0,0,0,0,0,0,1,0,0,0,0
18857,76.16666666666667,12,1506384000,77.4630117406196,120.0,0,8.3286001409e-05,5.9378655085e-05,7.9924251777e-05,0.2991370099574416,0,0,1,0,0,0,0,0,0,0,0,1,0,0,0,0,0,1,1,0,0,0,0,1,0,1,0,0,0,0,0,0,0,0,0,0,0,0,0,0,0,0,0,0,0,1,0,0,0,0,0,0,0,1,0,0,0,0
145838,91.66666666666667,6,1626393600,78.81173777031395,35.0,0,0.000241185220534,0.000246340514571,0.000241910136114,-0.021313358975473224,0,0,0,0,0,0,1,0,0,1,1,0,0,0,0,0,0,0,0,0,0,0,0,1,0,0,0,0,0,0,0,0,0,0,0,0,0,0,0,0,0,0,0,0,0,1,1,1,1,0,0,1,1,0,0,0,0,0
116667,85.66666666666667,6,1561680000,81.18843378628227,47.0,0,0.000160177730289,0.000110961103598,0.000153257097006,0.32116227538496095,0,0,0,0,0,0,1,0,0,1,1,0,0,0,0,0,0,0,0,0,0,0,0,0,0,0,0,0,0,0,0,0,0,0,0,0,0,0,0,0,0,0,0,0,0,1,1,0,0,0,0,1,1,0,0,0,0,0
2668,82.5,4,1151625600,81.72375001496673,294.0,0,0.000143794914098,3.6137133606e-05,0.000128656533657,0.8368382290554651,0,0,0,0,0,0,1,0,0,0,1,0,0,0,0,0,0,0,0,1,0,0,0,1,0,0,0,0,0,0,0,0,0,0,0,0,0,0,0,0,0,0,0,0,0,1,1,0,1,0,0,1,1,0,0,0,0,0
1314,82.0,4,1188864000,72.3646771585117,196.0,0,3.2276233857e-05,4.6188846482e-05,3.4232566431e-05,-0.40642149293429153,0,0,1,0,0,0,0,0,0,0,0,0,0,0,0,0,0,0,0,0,0,0,0,1,0,0,0,0,0,1,0,0,0,0,0,0,0,0,0,1,0,0,0,0,0,1,1,0,0,0,0,1,0,0,0,0,0,0
136868,90.0,1,1597881600,83.4963934684942,17.0,0,5.335246213e-05,7.4137511551e-05,5.6275167616e-05,-0.36935712743528365,0,0,0,0,0,0,1,0,0,1,0,0,0,0,0,0,0,0,0,0,0,0,0,0,0,0,0,0,0,1,0,0,0,0,1,0,0,0,0,0,0,0,0,0,0,1,0,0,0,0,0,1,1,0,0,0,0,0
119295,85.44444444444444,9,1597622400,91.80968658492196,109.0,0,0.000415539462189,0.000680182248832,0.000452752408313,-0.5846521986248169,0,0,0,0,0,0,0,0,0,1,0,0,0,0,0,0,0,0,0,0,0,0,0,0,0,0,0,0,0,0,0,0,0,0,1,0,0,0,0,0,0,0,0,0,0,1,1,0,0,0,0,1,1,0,0,0,0,1
132002,80.0,2,1590624000,79.28258740835044,15.0,0,5.9265359061e-05,1.7995017685e-05,5.3462098713e-05,0.7719757652474455,0,0,0,0,0,1,0,0,0,1,0,0,0,0,0,0,0,0,1,0,0,0,0,0,0,0,0,0,0,0,0,0,0,0,0,1,0,0,0,0,0,0,0,0,0,1,0,0,0,0,0,0,0,1,1,0,0,0
26809,80.0,4,1487116800,76.36617328672148,59.0,0,7.1821239246e-05,1.5151118432e-05,6.3852527235e-05,0.8875440411526664,1,0,0,0,0,1,0,0,0,0,0,0,0,0,0,0,0,1,1,0,0,0,0,0,0,0,0,0,0,0,0,1,0,0,0,0,0,0,0,0,1,0,0,0,0,1,0,0,0,0,0,0,0,1,0,0,0,0
24054,94.0,1,1733356800,82.15513761531204,21.0,0,7.9523248817e-05,2.4418307376e-05,7.177462569e-05,0.7677771699378556,0,0,0,0,0,0,0,0,1,1,0,1,1,0,0,0,0,1,1,0,0,0,0,0,1,1,0,0,0,0,0,0,0,0,0,0,0,0,0,0,0,0,0,0,0,1,0,0,0,0,0,0,0,1,0,0,0,0
138858,79.0,5,1624233600,85.75627809195285,70.0,0,0.000298091839163,0.000116599869357,0.000272571208203,0.6659423224555994,0,0,0,0,1,0,0,0,1,0,0,0,0,0,0,0,0,1,1,0,0,0,0,1,1,0,0,0,0,0,0,0,0,0,0,0,0,0,0,0,0,0,0,0,0,1,0,0,0,0,0,0,0,0,1,0,0,0
84486,63.0,6,1532995200,73.91121921510856,29.0,0,3.7306608858e-05,7.3892347822e-05,4.2451140285e-05,-0.8618500060551308,0,0,0,0,0,0,0,0,0,1,0,1,1,1,0,0,0,1,1,0,1,0,0,1,0,0,0,1,0,0,0,0,0,1,0,0,0,0,0,0,0,0,0,0,0,1,0,0,0,0,0,0,0,0,1,1,0,0
537,81.71428571428571,7,1321228800,76.92783485222299,1216.0,0,0.000122606364852,0.000135575541956,0.000124430035526,-0.10423515439840501,0,0,0,0,0,0,0,0,0,0,0,0,0,0,0,0,0,1,0,0,0,0,0,1,1,0,0,0,0,1,1,0,0,0,0,1,0,0,1,0,0,0,0,0,0,1,1,0,0,0,0,0,1,0,0,0,0,0
11260,73.33333333333333,6,1421884800,70.15662704436765,46.0,0,0.000103584005798,0.000139645259852,0.000108654786383,-0.3319063460797017,0,0,0,0,0,0,0,0,1,1,0,1,1,0,0,1,0,1,1,0,0,1,0,0,1,0,0,0,0,0,0,0,0,0,0,0,0,0,0,0,0,0,0,0,0,1,1,1,0,0,0,0,0,1,1,0,0,0
28545,85.25,4,1453939200,79.88940575761325,30.0,0,9.1092309026e-05,2.471250385e-05,8.1758262385e-05,0.8119365156660795,0,0,0,0,1,0,0,0,1,0,0,0,0,0,0,0,0,1,1,1,0,0,0,1,1,0,0,0,0,0,0,0,0,0,0,0,0,0,0,0,0,0,0,0,0,1,0,0,0,0,0,0,0,0,1,0,0,0
544,76.63636363636364,11,1328572800,76.95634549911935,243.0,0,0.000145383453572,8.0953063208e-05,0.000136323525373,0.4726607661949788,0,0,1,0,0,0,0,0,0,0,0,0,0,0,0,0,0,0,0,0,0,0,0,1,0,0,1,0,1,0,0,0,0,0,0,0,0,0,1,0,0,0,0,0,0,1,1,1,0,0,0,1,0,0,0,0,0,0
231098,83.0,2,1715558400,69.69802932644502,12.0,0,4.285847409e-05,4.2266226823e-05,4.2775194791e-05,0.013845873444868878,0,0,0,0,0,0,0,0,0,1,0,1,0,0,0,0,0,0,1,0,0,0,0,0,0,0,0,0,0,0,0,0,0,0,0,1,0,0,0,0,0,0,0,0,0,1,0,0,0,0,0,0,0,1,0,0,0,0
164290,82.2,5,1726790400,79.96387357469489,36.0,0,0.000132193762183,0.00025256767328,0.000149120230972,-0.8072874162143181,0,0,0,0,0,0,0,0,0,1,0,1,0,0,0,0,0,0,1,0,0,0,0,0,0,0,0,0,1,0,0,0,0,0,0,0,0,0,0,0,0,0,0,0,0,1,0,0,0,0,0,0,0,1,0,0,0,0
11613,85.6,5,1447891200,71.86471597727932,28.0,0,8.314158873e-05,3.2557743168e-05,7.6028702928e-05,0.6653509332866523,0,1,0,0,0,0,0,0,0,0,0,0,0,0,0,0,0,0,0,1,0,0,0,1,1,1,0,0,0,0,0,0,0,0,0,0,0,0,0,0,0,0,0,0,0,1,1,0,0,0,0,0,0,0,1,0,0,0
15444,85.0,7,1453248000,79.39166519869704,30.0,0,5.4467648932e-05,8.4826650121e-05,5.8736602906e-05,-0.5168819998180301,0,0,0,0,0,0,0,1,0,0,0,1,0,0,0,0,0,0,0,0,0,0,0,0,0,1,0,0,0,0,0,0,0,0,0,0,0,0,0,0,0,0,0,0,0,1,1,0,0,0,0,0,0,1,0,0,0,0
17026,79.0,19,1467676800,78.33137192644679,190.0,0,8.907855444e-05,5.3985053054e-05,8.4143855131e-05,0.41708307471657446,0,0,1,0,0,0,0,0,0,0,0,0,0,0,1,0,0,1,1,0,0,0,0,1,0,1,0,0,0,0,0,0,0,0,0,0,0,0,0,0,0,0,0,0,0,1,0,0,0,0,0,0,1,1,0,0,0,0
191403,75.0,1,1661299200,,,0,2.9548438801e-05,0.000105910730787,4.0286180394e-05,-1.895534136057751,0,1,1,0,0,0,0,0,1,0,0,0,0,0,0,0,0,0,0,0,0,0,0,1,0,1,0,0,0,0,0,0,0,0,0,0,0,0,0,0,0,0,0,0,0,1,1,1,0,0,0,0,1,0,0,0,0,0
47823,50.0,1,1572566400,59.56217516454484,6.0,0,3.1939270938e-05,9.242672571e-05,4.0444760259e-05,-1.4955875019829792,0,0,1,0,0,0,0,0,1,0,0,0,0,0,0,0,0,1,1,0,0,0,0,1,1,0,0,0,0,0,0,0,0,0,0,1,0,0,0,0,0,0,0,0,0,1,1,1,0,1,0,1,0,0,0,0,0,0
9327,80.0,3,1427328000,67.8623483260932,39.0,0,3.7579388363e-05,2.9762876661e-05,3.6480263643e-05,0.21427077259725033,1,0,0,0,0,1,0,0,0,1,0,0,0,0,0,0,0,1,1,0,0,0,0,1,0,0,0,0,0,0,0,0,0,0,0,0,0,0,0,0,0,0,0,0,0,1,0,0,0,0,0,1,0,0,0,1,0,0
338,86.5,2,1149120000,84.09174497894878,877.0,4,0.000244522758014,6.5900010267e-05,0.000219405584889,0.8142105522752334,0,0,1,0,0,0,0,0,0,0,0,0,0,0,0,0,0,0,0,0,0,0,0,1,0,1,1,0,0,0,0,0,0,0,0,0,0,0,0,0,0,0,0,0,0,1,0,0,0,0,0,1,0,0,0,0,0,0
28028,87.875,8,1506556800,83.96494410303072,100.0,0,0.000920839427582,0.000464634298582,0.000856689797424,0.532748861516353,0,0,0,0,0,0,0,1,0,0,0,1,0,0,0,0,0,0,0,0,0,0,0,1,1,0,0,0,0,0,0,0,0,0,0,0,0,0,0,0,0,0,0,0,0,1,1,1,0,0,0,0,0,1,0,0,0,0
2974,80.8,5,1366329600,68.4272000143182,52.0,0,0.000108839022745,0.000143518846766,0.000113715552498,-0.30498726901859424,0,0,0,0,0,1,0,0,1,1,0,0,0,0,0,0,0,0,1,0,0,0,0,1,0,0,0,0,0,0,0,1,0,0,0,0,0,0,0,0,0,0,0,0,0,1,0,0,0,0,0,1,0,0,0,0,0,0
112613,85.0,3,1663891200,71.33555754149837,31.0,0,5.6328967912e-05,2.6232518968e-05,5.2096932921e-05,0.5777160231135603,0,0,1,0,0,0,0,0,0,0,0,0,0,0,0,0,0,1,1,0,0,0,0,1,0,1,1,0,0,0,0,0,0,0,0,0,0,0,0,0,0,0,0,0,0,1,1,1,0,0,0,1,0,0,0,0,0,0
14314,60.0,1,1533859200,70.28250615004508,18.0,0,0.00017143389636,0.00010012486679,0.000161406723093,0.4418327993221464,0,0,0,0,0,0,0,0,0,1,0,1,0,0,0,0,0,1,1,0,0,0,0,1,0,0,0,0,0,0,0,0,0,0,0,1,0,0,0,0,0,0,0,0,0,1,1,1,0,0,0,0,1,0,0,0,0,0
44102,76.42857142857143,7,1525219200,70.1496059105139,13.0,0,7.965963857e-05,0.000206820121509,9.7540406305e-05,-1.3037333890442664,0,0,0,0,0,0,0,1,0,0,0,1,1,0,0,0,0,0,0,0,0,0,0,1,0,0,0,0,0,1,0,0,0,0,0,0,0,0,0,0,0,0,0,0,0,1,1,1,0,0,0,0,0,1,0,0,0,0
18829,82.83333333333333,12,1479340800,80.6996790013359,116.0,0,0.000514518308098,0.000301404288031,0.000484551118561,0.43992396271772755,0,0,0,0,0,0,0,0,0,1,0,1,0,0,0,0,0,0,0,0,0,0,0,1,0,0,0,0,0,0,0,0,0,0,0,1,0,0,0,0,0,0,0,0,0,1,0,0,0,0,0,0,0,1,0,0,0,0
11364,62.0,4,1504137600,60.95182692064384,18.0,0,0.000128792041289,0.00024991990501,0.000145824527698,-0.8307017833378492,0,0,0,0,0,0,0,0,1,0,0,0,0,0,0,0,0,1,1,0,0,0,0,1,0,1,0,0,0,0,0,0,0,0,0,0,0,0,0,0,0,0,0,0,0,1,1,1,0,0,0,0,0,1,0,0,0,0
6057,70.625,8,1380153600,76.68917700947331,214.0,0,0.000193119867057,0.000101988111128,0.000180305306091,0.5054758144816132,0,0,1,0,0,1,0,0,0,0,0,0,0,0,0,0,0,1,0,0,0,0,0,1,1,1,0,0,0,0,0,1,0,0,0,0,0,0,0,0,0,0,0,0,0,1,0,0,0,0,0,1,0,0,0,0,0,0
19130,87.4,20,1476921600,79.89723965372563,609.0,0,0.002439394912478,0.002248984948614,0.00241262027102,0.07901764209393733,0,0,0,0,0,0,0,0,0,1,0,1,1,0,0,0,0,0,0,0,0,0,0,0,1,0,0,0,0,1,0,0,0,0,0,0,0,0,0,0,0,1,0,0,0,1,1,0,0,0,0,0,0,1,0,0,0,0
15734,92.0,3,1451865600,75.4865010253642,146.0,0,0.000131086598307,4.1334604654e-05,0.00011846605366,0.7576626979395561,0,0,0,0,0,1,0,0,0,1,0,0,0,0,0,0,0,1,1,0,0,0,0,0,0,0,1,0,0,0,0,0,0,0,0,0,0,0,0,0,0,0,0,0,0,1,0,0,0,0,0,0,0,0,1,1,0,0
38045,71.25,4,1500508800,66.00473928506099,21.0,0,4.4751884776e-05,2.4957667579e-05,4.1968505915e-05,0.47165444967343045,0,0,0,0,0,0,0,0,0,1,0,0,0,0,0,0,0,1,1,0,1,0,0,0,0,0,0,0,0,0,0,0,0,0,0,0,0,0,0,0,0,0,0,0,1,1,0,0,0,0,0,0,0,0,0,0,0,0
1042,60.0,1,1158883200,64.16410073139994,178.0,0,2.6202878393e-05,8.208081636e-05,3.4060197013e-05,-1.6405920831009384,0,0,1,0,0,0,1,0,0,0,0,0,0,0,0,0,0,1,0,0,0,0,0,1,0,0,0,0,0,0,0,0,0,0,0,1,0,0,1,0,0,0,0,0,0,1,0,0,0,0,0,0,1,0,0,0,0,0
114795,88.0,11,1549238400,75.38116707816313,643.0,0,0.005359740208008,0.016030079432067,0.006860158049381,-1.5607362905605218,0,0,1,0,0,0,0,0,0,0,0,0,0,1,0,0,0,0,0,0,0,0,0,1,0,1,0,0,0,0,0,0,0,0,0,0,0,0,0,0,0,0,0,0,0,0,1,1,0,0,1,1,0,0,0,0,0,0
142076,93.0,1,1623715200,77.70305113269283,31.0,0,0.000161549650744,3.2116448456e-05,0.000143349302854,0.9029864573381651,0,0,1,0,0,0,0,0,0,1,0,0,0,1,0,0,0,0,1,0,0,0,0,1,0,1,0,0,0,0,1,1,0,0,0,0,0,0,0,0,0,0,0,0,0,1,0,0,0,0,0,1,0,0,0,0,0,0
27827,80.0,1,1207612800,70.35815664584484,83.0,10,0.000142984598508,0.000199808438869,0.00015097492591,-0.37640773392063054,0,0,0,0,1,0,0,0,0,0,0,0,0,0,0,0,0,1,0,0,0,0,0,1,1,1,0,0,0,1,1,0,0,0,0,1,0,0,1,0,0,0,0,0,0,1,0,0,0,0,0,0,1,0,0,0,0,0
20757,85.0,1,1467849600,63.30294062016711,17.0,0,0.000271527929071,0.000711857402577,0.000333445191893,-1.3207654301431195,0,0,1,0,0,0,0,0,0,0,0,0,0,0,0,0,0,0,0,0,0,0,0,1,0,0,0,0,0,0,0,0,0,0,0,0,0,0,0,0,0,0,0,0,0,1,1,1,0,1,0,1,0,0,0,0,0,0
114,85.0,7,1324339200,75.8472285398854,225.0,0,0.000488307406778,0.000347544101768,0.000468513867902,0.3005167762620873,0,0,0,0,0,0,0,0,1,0,0,0,0,0,0,0,0,0,0,0,0,0,0,0,1,1,0,0,0,0,0,0,0,0,0,0,0,0,0,0,0,0,0,0,0,0,1,1,0,1,0,0,1,0,0,0,0,0
7687,73.0625,16,1462233600,61.98198375220063,32.0,0,4.8771371021e-05,0.000178920489186,6.7072387964e-05,-1.9404927537713563,0,0,1,0,0,0,0,1,1,0,0,1,0,0,1,0,0,0,0,0,0,0,0,1,1,1,0,0,0,0,0,1,0,0,0,0,0,0,0,0,0,0,0,0,0,1,1,1,1,0,0,1,0,0,0,0,0,0
76742,66.6,10,1552521600,46.49206493933167,22.0,0,3.6183399129e-05,6.4527093387e-05,4.016896919e-05,-0.7056258623070633,0,0,0,0,0,0,0,0,0,0,0,0,0,0,0,0,0,1,0,0,0,0,0,1,1,0,0,0,0,0,0,0,0,0,0,0,0,0,1,0,0,0,0,0,0,1,0,0,0,0,0,0,1,0,0,0,0,0
7205,84.72222222222223,18,1456358400,76.63626332809645,538.0,0,0.000283931373651,0.000166024877058,0.000267351862223,0.4410751291238431,0,0,1,0,0,1,0,0,0,0,0,0,0,1,0,0,0,0,1,0,0,0,0,1,0,0,0,0,0,0,0,0,0,0,0,0,0,0,0,0,0,0,0,0,0,1,0,0,0,0,0,1,0,0,0,0,0,0
5572,75.0,1,1395273600,79.95691701069703,20.0,0,0.000325088987294,0.000190296086196,0.000306134981292,0.4403728443172689,0,0,0,0,0,0,0,1,0,1,0,1,0,1,0,0,0,0,0,0,0,0,0,1,0,0,0,0,0,1,0,0,0,0,0,0,0,0,0,1,0,0,0,0,0,1,1,1,0,0,0,0,1,1,0,0,0,0
7706,82.0,5,1415923200,80.5134456429191,389.0,0,0.000758038200283,0.000355781603051,0.000701474583829,0.5736453984349792,0,0,0,0,0,0,0,0,0,1,0,1,0,0,0,0,0,1,1,0,0,0,0,1,0,0,1,0,1,0,1,0,0,1,0,0,0,0,0,1,0,0,0,0,0,1,0,0,0,0,0,0,0,0,1,0,0,0
5606,70.93333333333334,15,1415664000,71.5011273867041,942.0,0,0.000465851235124,0.000795752430529,0.000512240541881,-0.6442006354379555,0,0,0,0,0,0,0,0,1,0,0,0,0,0,0,0,0,1,0,0,0,0,0,1,1,0,0,0,0,1,1,0,0,0,0,0,0,0,1,0,0,0,0,0,0,1,1,1,0,0,0,0,1,0,0,0,0,0
873,84.5,10,1321315200,78.14557851617786,724.0,0,0.000526656996098,0.000144940796392,0.000472981683219,0.8072330885592146,0,0,1,0,0,0,1,0,0,0,0,0,0,0,0,0,0,1,0,0,0,0,0,1,0,0,0,0,0,0,0,1,0,0,0,1,0,0,1,0,0,0,0,0,0,1,1,1,0,0,0,0,1,0,1,0,0,0
40470,67.0,2,1501200000,65.96744980502895,34.0,0,0.000377599042127,0.000218489914994,0.000355225791562,0.4479893889271086,0,0,0,0,0,0,1,0,0,1,0,0,0,0,0,0,0,0,0,0,0,0,0,0,0,0,0,0,0,0,0,0,0,0,0,0,0,0,0,0,0,0,0,0,0,1,0,0,0,0,0,1,0,0,0,0,0,0
104971,86.0,2,1568678400,83.83258748737666,117.0,0,6.1471663886e-05,3.4420987506e-05,5.7667912514e-05,0.4690902647803629,0,0,0,0,0,1,0,0,0,0,0,0,0,0,0,0,0,1,0,0,1,0,0,1,0,1,0,1,0,0,0,0,0,0,0,0,0,0,0,0,0,0,0,1,0,1,0,0,0,0,0,1,1,0,0,0,0,0
15183,40.0,1,1449532800,72.2732286510141,18.0,0,6.6847024732e-05,9.2132529236e-05,7.0402565122e-05,-0.3591686543228436,0,0,1,0,0,0,0,0,0,0,0,0,0,0,0,0,0,0,1,0,0,0,0,1,0,0,0,0,0,0,0,0,0,0,0,0,0,0,0,0,0,0,0,0,0,1,1,0,0,0,0,0,1,0,0,0,0,0
4843,73.72727272727273,11,1518480000,78.5390976075231,437.0,0,0.001094696247786,0.001263083530126,0.001118374153181,-0.150648532346464,0,0,0,0,0,0,0,0,1,0,0,0,0,0,0,0,0,1,0,0,0,0,0,1,0,0,0,0,0,1,1,0,0,0,0,0,0,0,1,0,0,0,0,0,0,1,0,0,0,0,0,1,0,0,0,0,0,0
14741,87.11111111111111,9,1629763200,87.62965703501746,192.0,0,9.9749046866e-05,2.5006700325e-05,8.923909513e-05,0.8375889664972581,0,0,0,0,1,0,0,0,0,0,0,0,0,0,0,0,0,1,0,0,0,0,0,1,0,0,0,0,0,0,0,1,0,0,0,0,0,0,0,0,0,0,0,0,0,1,0,0,0,0,0,0,1,0,0,0,0,0
208417,90.0,1,1727308800,88.90089607141815,11.0,0,0.000103832716524,0.000157444146554,0.000111371328412,-0.4814023153637994,0,0,0,0,0,0,0,0,1,0,0,0,0,0,1,0,0,1,0,0,0,0,0,1,0,0,0,0,0,0,0,0,0,0,0,0,0,0,0,0,0,0,0,0,0,1,1,1,0,0,0,0,0,1,0,0,0,0
116100,90.0,1,1594598400,71.91062402835445,38.0,0,0.000160113546876,0.000156071229674,0.000159545133377,0.02533853320296504,0,0,1,0,1,0,0,0,1,0,0,0,0,0,0,0,0,1,1,0,0,0,0,1,0,0,0,0,0,0,0,0,0,0,0,0,0,0,0,0,0,0,0,0,0,1,0,0,0,0,0,0,0,1,0,0,0,0
11347,60.2,15,1468281600,69.88020343381503,16.0,0,2.4149009175e-05,7.9580146327e-05,3.1943500559e-05,-1.735314586990345,0,0,0,0,0,1,0,0,0,0,0,0,0,0,0,0,0,1,1,0,0,0,0,1,1,0,0,0,0,0,0,0,0,0,0,0,0,0,0,0,0,0,0,0,0,1,1,1,0,0,0,0,1,0,0,0,0,0
3020,72.5,8,1374710400,75.2201449951713,182.0,0,9.4935290885e-05,7.5951723143e-05,9.2265902111e-05,0.20575795675520245,0,0,0,0,0,0,0,0,1,0,0,1,1,0,0,0,0,1,1,0,0,0,0,1,1,1,0,0,0,1,0,0,0,0,0,0,0,0,0,0,0,0,0,0,0,1,0,0,0,0,0,0,0,1,0,0,0,0
36278,80.0,1,1356912000,84.88754463975881,26.0,0,3.8798873212e-05,1.3091743111e-05,3.5184045619e-05,0.7306602150630643,0,0,0,0,0,0,0,0,0,0,0,0,0,0,0,0,0,1,1,0,1,0,0,0,0,0,1,1,0,0,0,0,0,1,0,0,0,0,0,0,0,0,0,1,0,1,0,0,0,0,0,0,0,0,0,1,0,0
18822,86.05555555555556,18,1500940800,81.54467080698241,130.0,0,6.561149403e-05,4.2168161332e-05,6.2314992025e-05,0.376218665270047,0,0,0,0,0,0,0,0,1,0,0,0,0,0,0,0,0,1,1,0,1,0,0,1,1,0,0,0,0,0,0,0,0,0,0,0,0,0,0,0,0,0,0,0,0,1,1,0,0,0,0,1,0,1,0,0,0,0
15389,79.5,4,1453248000,72.52022031504245,30.0,0,4.4783976483e-05,3.1822251982e-05,4.2961353763e-05,0.3017130930540104,0,0,0,0,0,0,0,0,1,1,0,0,0,0,0,0,0,1,1,0,0,0,0,1,0,1,0,0,0,0,0,1,0,0,0,0,0,0,0,0,0,1,0,0,0,1,1,1,0,0,0,0,0,1,0,0,0,0
3022,85.25,12,1400544000,82.78772385791122,473.0,0,0.000230947966146,8.8553138797e-05,0.000210925009519,0.6751681294742967,0,0,0,0,0,0,0,0,1,0,0,1,1,0,0,0,0,1,1,0,0,0,0,1,0,1,0,0,0,0,0,0,0,0,0,0,0,0,0,0,0,0,0,0,0,1,0,0,0,0,0,0,0,1,1,0,0,0
1978,78.33333333333333,6,1291680000,74.91242463806653,57.0,0,5.5863638167e-05,1.4513692737e-05,5.0049184234e-05,0.8262068766906314,0,0,0,0,0,1,0,0,0,0,0,1,0,0,0,0,0,1,0,0,0,0,0,0,0,0,0,0,0,0,0,0,0,0,0,0,0,0,0,0,0,0,0,0,0,1,0,0,0,0,0,0,0,0,0,0,0,0
9683,79.44444444444444,9,1414368000,77.10704106726116,55.0,0,9.4261365047e-05,9.7330000283e-05,9.4692863518e-05,-0.03240772755860941,0,0,0,0,1,0,0,1,1,0,0,1,0,0,0,0,0,1,1,0,0,0,0,1,0,1,0,0,0,0,0,0,0,0,0,0,0,0,0,0,0,0,0,0,0,1,1,1,0,0,0,0,0,1,0,0,0,0
25343,89.0909090909091,11,1490313600,83.25519464685621,72.0,3,4.6516928636e-05,2.000536026e-05,4.2788984345e-05,0.6196018900503583,0,0,0,0,0,1,0,0,0,0,0,0,0,0,0,0,0,1,0,0,1,0,0,0,0,1,1,1,1,0,0,0,0,0,0,0,0,0,0,0,0,0,0,1,0,1,0,0,0,0,0,1,0,0,0,1,0,0
76410,64.5,2,1531353600,77.36273982563867,10.0,0,9.7839590327e-05,0.000136311033143,0.000103249281432,-0.3726266015863441,0,0,0,0,0,0,0,0,0,0,0,1,1,0,0,0,0,0,0,0,0,0,0,0,1,1,0,0,0,0,0,0,0,0,0,0,0,0,0,0,0,1,0,0,0,1,1,1,0,0,0,0,0,1,0,0,0,0
145099,87.0,11,1626739200,81.81440862407136,177.0,0,0.00013995193224,6.0016080779e-05,0.000128711691871,0.6210857345431555,0,0,0,0,0,0,0,0,1,0,0,0,0,0,1,0,0,1,1,0,0,0,0,1,1,0,0,0,0,0,0,0,0,0,0,0,0,0,0,0,0,0,0,0,0,1,0,0,0,0,0,0,1,1,0,0,0,0
8716,59.25,4,1463702400,62.20702993028239,27.0,8,4.987051197e-05,2.6918977408e-05,4.6643164533e-05,0.49207788651865314,0,0,1,0,0,0,0,0,0,0,0,0,0,0,0,0,0,0,1,0,0,0,0,1,0,0,0,0,0,0,0,0,0,0,0,0,0,0,0,0,0,0,0,0,0,1,1,1,0,0,0,0,0,1,0,0,0,0
11563,67.375,8,1465516800,73.61060787054788,106.0,0,8.8131849097e-05,0.000137438786294,9.5065181461e-05,-0.5186891781883651,0,0,0,0,0,1,0,0,0,0,0,0,0,0,0,0,0,1,0,0,0,0,0,1,0,0,0,1,0,0,0,0,0,0,0,0,0,0,1,0,0,0,0,1,0,1,0,0,0,0,0,1,1,0,0,0,0,0
9265,51.0,1,1301875200,61.66970591381209,30.0,0,0.000159407529332,0.000185785073589,0.00016311662772,-0.1617229087879064,0,0,0,0,0,0,0,0,1,0,0,0,0,0,1,0,0,1,1,0,0,0,0,1,0,1,0,0,0,0,0,0,0,0,0,0,0,0,1,0,0,0,0,0,0,1,1,1,0,1,0,0,1,0,0,0,0,0
127743,66.66666666666667,3,1630454400,69.06215486160956,68.0,0,3.3945002597e-05,3.1282891779e-05,3.3570667866e-05,0.07930004588515323,0,0,0,0,0,0,0,0,1,1,0,0,0,0,0,0,0,1,1,0,0,0,0,0,0,0,0,0,0,0,0,1,0,1,0,0,0,0,1,0,0,0,0,0,0,1,0,0,0,0,0,0,1,0,0,0,0,0
90099,85.26666666666667,15,1552608000,74.92279191578258,290.0,0,0.000136622417686,0.000261785829478,0.000154222365747,-0.8116401433500272,0,0,1,0,0,0,0,0,1,0,0,0,0,1,0,0,0,1,0,0,0,0,0,1,0,1,0,0,0,0,0,0,0,0,0,0,0,0,1,0,0,0,0,0,0,1,1,1,0,1,0,0,1,0,0,0,0,0
101211,68.63636363636364,11,1557705600,69.8502417484953,203.0,0,8.2796602884e-05,0.000298413290541,0.000113115706923,-1.9062682637957236,0,0,1,0,0,0,1,0,1,0,0,0,0,0,0,0,0,1,0,0,0,0,0,1,0,1,0,0,1,0,1,0,0,0,0,0,0,0,1,0,0,0,0,0,0,1,0,0,0,0,0,1,0,0,0,0,0,0
251833,91.2,5,1708387200,86.08100203079943,346.0,0,0.001207643008968,0.000149157612525,0.001058803282292,1.0002289180884851,0,0,0,0,0,0,0,0,0,0,0,1,1,0,0,0,0,0,1,0,0,1,0,0,0,0,0,0,0,0,0,0,0,0,0,0,0,0,0,0,0,0,0,0,0,1,0,0,0,0,0,0,0,1,0,0,0,0
5335,52.09090909090909,11,1396310400,53.99390977949147,302.0,0,0.000499419160169,0.000310426313246,0.000472843787684,0.3997885356076333,0,0,0,0,0,0,0,0,0,1,0,0,0,0,0,0,0,1,1,1,0,0,0,1,0,0,0,0,0,0,0,1,0,0,0,1,0,0,1,0,0,0,0,0,0,1,1,1,1,0,0,0,1,0,0,0,0,0
210585,90.0,1,1750118400,79.24609234913112,22.0,0,0.000159832744444,9.345641337e-05,0.000150499186316,0.4410743165165907,0,0,0,0,0,0,0,0,1,0,0,0,0,0,1,0,0,0,1,1,0,0,0,1,1,0,0,0,1,0,0,0,0,0,0,0,0,0,0,0,0,0,0,0,0,1,0,0,0,0,0,0,0,1,0,0,0,0
134799,80.0,1,1651104000,78.66797513981447,59.0,0,0.000213722742658,4.6973370414e-05,0.000190275153233,0.8764425256718764,0,0,0,0,0,1,0,0,0,1,0,1,1,0,0,0,0,0,1,0,0,1,0,0,0,0,0,0,0,0,0,0,0,0,1,1,0,0,0,0,0,0,0,0,0,1,0,0,0,0,0,0,0,1,0,0,0,0
119308,76.71428571428571,7,1648080000,76.34267304303484,184.0,0,0.000123496909709,0.000160288045807,0.00012867032321,-0.2859517415750968,0,0,0,0,0,0,0,0,0,0,0,0,0,0,0,0,0,1,0,0,0,0,0,1,1,0,1,0,0,0,0,0,0,0,0,0,0,0,0,0,0,0,0,1,0,1,0,0,0,0,0,1,0,0,0,0,0,0
8263,72.15789473684211,19,1445558400,74.63067428750713,809.0,0,0.000190777172479,0.000289293199835,0.000204630078371,-0.48148399036839834,0,0,0,0,0,0,0,0,0,0,0,0,0,0,0,0,0,1,0,0,0,0,0,1,1,1,0,0,0,1,1,0,0,0,0,0,0,0,1,0,0,0,0,0,0,1,0,0,0,0,0,0,1,0,0,0,0,0
468,80.0,2,1204588800,66.82209857421923,74.0,2,0.000134496342127,4.1530735637e-05,0.000121423912874,0.7656749671385684,0,0,0,0,0,0,0,1,0,0,0,1,0,0,0,0,0,0,0,0,0,0,0,0,0,1,0,0,0,0,0,0,0,0,0,0,0,0,0,0,0,0,0,0,0,1,1,0,0,0,0,0,0,1,0,0,0,0
7420,86.5,2,1382486400,67.04831041617838,55.0,0,0.000112890600696,0.0001448427309,0.000117383573714,-0.27221871411738996,0,0,0,0,0,0,0,0,1,0,0,0,0,1,0,0,0,1,0,1,0,0,0,1,0,0,1,0,1,0,0,0,0,0,0,0,0,0,0,0,0,0,0,0,0,1,1,1,0,0,0,0,1,1,0,0,0,0
191761,90.0,4,1712016000,85.97149914157299,18.0,0,4.722294618e-05,6.227158708e-06,4.1458292437e-05,0.9888645880941553,0,0,1,0,0,0,0,0,1,0,0,0,0,0,0,0,0,1,1,0,0,0,0,1,0,0,0,0,0,0,0,0,0,0,0,0,0,0,0,0,0,0,0,0,0,1,0,0,0,0,0,0,0,1,0,0,0,0
145439,100.0,1,1634601600,86.66408012262818,44.0,0,0.000130621268562,5.035662987e-05,0.000119334795527,0.6726405942574804,1,0,0,0,0,1,0,0,0,1,0,0,0,0,0,0,0,1,1,0,0,0,0,0,0,0,0,0,0,0,0,0,0,0,0,0,0,0,0,0,0,0,0,1,0,1,1,1,0,0,0,1,0,0,0,0,0,1
134602,76.28571428571429,7,1605139200,74.1641092818399,61.0,0,5.764472788e-05,9.561385418e-06,5.0883452218e-05,0.9449941715598692,0,0,0,0,0,1,0,0,0,0,0,0,0,0,0,0,0,1,1,0,0,0,0,1,1,0,0,0,0,0,0,1,0,0,0,0,0,0,0,0,0,0,0,1,0,1,0,0,0,0,0,1,0,0,0,0,0,1
26878,85.0,2,1527724800,69.24185840789566,55.0,0,8.2571960938e-05,0.000132927773687,8.9652781733e-05,-0.561701143134543,0,0,0,0,0,0,0,0,1,1,0,0,0,0,0,0,0,1,1,0,0,1,0,0,0,0,1,0,0,0,0,0,0,0,0,0,0,0,0,0,0,0,0,0,0,1,0,0,0,0,0,0,0,1,0,1,0,0
11550,80.14285714285714,7,1495065600,82.23240936194483,55.0,0,0.00014863273886,0.000179655980372,0.00015299509549,-0.202788295624918,0,0,0,0,0,0,0,0,0,0,0,1,1,0,0,0,0,0,0,0,0,0,0,0,0,1,0,0,0,0,0,0,0,0,0,0,0,0,0,0,0,1,0,0,0,1,1,1,0,0,0,0,0,1,0,0,0,0
24051,64.45454545454545,11,1474329600,69.21712121442101,93.0,9,4.0940994624e-05,8.5611174053e-05,4.7222325778e-05,-0.9459770013359541,0,0,0,0,0,0,0,0,0,0,0,0,0,0,0,0,0,1,1,0,0,0,0,0,1,0,0,0,0,0,0,0,0,1,0,0,0,0,0,0,0,0,0,0,0,1,0,0,0,0,0,1,0,0,0,0,0,0
20546,80.0,1,1281312000,83.96457316607929,28.0,0,0.001095723182395,0.000164308730957,0.000964751633009,0.9659104365860653,0,0,0,0,0,1,0,1,0,1,0,1,0,1,0,0,0,0,0,0,0,0,0,1,0,0,0,0,1,0,0,1,0,0,0,0,0,1,0,0,0,0,0,0,0,1,0,0,0,0,0,0,0,0,1,0,0,0
8187,76.47368421052632,19,1448841600,75.60671044834338,409.0,0,0.00082260671385,0.000962463766027,0.000842272819296,-0.1661171292765778,0,0,0,0,0,0,0,0,0,0,0,0,0,0,0,0,0,1,0,0,0,0,0,1,0,0,0,0,0,0,0,0,0,0,0,0,0,0,1,0,0,0,0,0,0,1,0,0,0,0,0,0,1,0,0,0,0,0
6804,76.42857142857143,7,1427328000,72.22640875183865,56.0,0,6.568370037e-05,0.000106155894516,7.137472864e-05,-0.5670583867141171,0,0,0,0,0,0,0,0,0,0,0,0,0,0,1,0,0,1,0,0,0,0,0,1,0,0,0,0,0,0,0,0,0,0,0,0,0,0,0,0,0,0,0,0,0,1,1,1,1,0,0,0,1,0,0,0,0,0
23596,80.77777777777777,9,1476144000,79.56956863889508,34.0,9,3.8526093706e-05,4.3246881738e-05,3.9189910895e-05,-0.12046162972085972,0,0,1,0,0,1,0,0,0,0,0,0,0,0,0,0,0,1,0,0,0,0,0,1,0,1,0,0,0,0,0,1,0,0,0,0,0,0,0,0,0,0,0,0,0,1,1,1,0,0,0,1,0,0,0,0,0,0
279051,90.0,1,1743120000,48.88566208683311,25.0,0,0.000132763389974,0.000211380166862,0.000143818147671,-0.5466794788094083,0,0,0,0,0,0,0,0,0,1,0,0,0,0,0,0,0,1,0,0,0,0,0,0,0,0,0,0,0,0,0,0,0,0,0,1,0,0,0,0,0,0,0,0,0,1,1,0,0,0,0,0,1,0,0,0,0,0
7725,72.88,12,1424736000,72.17697455959475,229.0,0,0.000179817854694,0.000307729512231,0.000197804249415,-0.6467217374400054,0,0,1,0,0,0,0,0,0,0,0,0,0,0,0,0,0,1,0,0,0,0,0,1,0,0,1,0,1,0,0,0,0,0,0,0,0,0,0,0,0,0,0,0,0,1,1,1,1,0,0,0,1,0,0,0,0,0
125048,77.5,2,1655942400,80.0,4.0,0,4.1374232662e-05,3.0743531576e-05,3.9879388568e-05,0.26657663116859476,0,0,0,0,0,0,0,0,1,0,0,1,1,1,0,0,0,1,1,0,0,0,0,0,1,0,0,0,0,0,0,0,0,0,0,0,0,0,0,0,0,0,0,0,0,1,1,0,0,0,0,0,0,1,1,0,0,0
25252,60.0,1,1475539200,69.77112235574766,26.0,0,0.000194523879218,0.000144597567172,0.00018750345299,0.2662937230300212,0,0,0,0,0,0,0,0,0,0,0,0,0,0,0,0,0,0,1,0,1,0,0,0,0,0,0,0,0,0,0,1,0,0,0,0,0,0,0,0,0,0,1,0,1,1,0,0,0,0,0,0,0,0,0,1,0,0
35934,87.0,1,1534377600,53.7901758641601,5.0,0,4.5778819385e-05,1.1816891722e-05,4.1003237174e-05,0.8282912831639754,0,0,0,0,0,0,0,0,0,1,0,1,0,0,0,0,0,0,1,0,0,0,0,1,0,0,0,0,0,0,0,0,0,0,0,0,0,0,0,0,0,0,0,0,0,1,1,1,0,0,0,0,0,0,1,0,0,0
44074,77.14285714285714,7,1617062400,67.94782927081856,7.0,0,6.9823530514e-05,0.000193090952703,8.7156872559e-05,-1.4143783535719079,0,0,0,0,0,0,0,1,0,1,0,1,0,0,0,0,0,0,0,0,0,0,0,0,0,0,0,0,0,0,0,0,0,0,0,0,0,0,0,0,0,0,0,0,0,1,0,0,0,0,0,0,0,1,0,0,0,0
981,89.375,8,1321315200,83.11699574431367,393.0,0,3.8822941992e-05,1.5151118432e-05,3.5494310572e-05,0.6669306512384406,0,0,0,0,1,0,0,0,0,0,0,0,0,0,0,0,0,1,0,0,0,0,0,1,1,0,0,0,0,0,0,1,0,0,0,0,0,1,0,0,0,0,0,0,0,1,1,1,0,0,0,0,0,0,1,0,0,0
155706,70.33333333333333,3,1663804800,38.69012092874006,13.0,0,3.0158181225e-05,4.6286911974e-05,3.242613493e-05,-0.49740717722309674,0,0,0,0,0,1,0,0,1,1,0,0,0,0,1,0,0,1,0,0,0,0,0,1,1,0,0,0,0,0,0,0,0,0,0,0,0,0,0,0,0,0,0,0,0,1,0,0,0,0,0,0,0,1,0,0,0,0
6415,78.07692307692308,13,1403568000,61.71556849217381,57.0,0,5.4267075766e-05,9.3848675336e-05,5.9832872405e-05,-0.6615557988033762,0,0,0,0,0,0,1,0,0,1,1,0,0,0,0,0,0,0,0,0,0,0,0,0,0,0,0,0,0,0,0,0,0,0,1,0,0,0,0,0,0,0,0,0,0,1,1,0,1,0,0,1,1,0,0,0,0,0
378,84.76470588235294,17,1361232000,79.86758371233955,526.0,0,0.000641777970399,0.000161808060925,0.000574286637615,0.8360071173395551,0,0,1,0,0,0,0,0,0,0,0,1,0,0,1,0,0,1,0,0,0,0,0,1,1,1,0,0,0,1,1,0,0,0,0,0,0,0,0,0,0,0,0,0,0,1,0,0,0,0,0,0,1,0,0,0,0,0
21709,78.5,4,1382400000,80.8246791390151,38.0,0,0.000100286582951,7.0607153858e-05,9.6113187523e-05,0.3088114766281978,0,1,0,0,0,0,0,0,0,0,0,0,0,0,0,0,0,1,0,0,0,0,0,1,0,0,0,0,0,0,0,0,0,0,0,0,0,0,0,0,0,0,0,0,0,1,1,0,0,0,0,0,1,0,0,0,0,0
1853,82.0,5,1205798400,77.3451040885641,147.0,0,3.8999446378e-05,4.2707521535e-05,3.9520860178e-05,-0.0938276245247688,0,0,1,0,0,0,0,0,0,0,0,1,0,1,0,0,0,0,0,0,0,0,0,1,0,0,0,0,0,0,0,0,0,0,0,0,0,0,0,1,0,0,0,0,0,1,1,1,1,0,0,1,0,0,0,0,0,0
103338,70.8,10,1568246400,70.03607378413253,66.0,0,4.4262486251e-05,4.207009584e-05,4.3954201611e-05,0.04988006863224251,0,0,1,0,0,0,0,0,0,0,0,0,0,0,1,0,0,1,0,0,0,0,0,1,0,1,0,0,0,0,0,0,0,0,0,0,0,0,0,0,0,0,0,0,0,1,1,1,0,0,0,0,1,0,0,0,0,0
5328,79.21052631578948,19,1395100800,75.17606429697844,486.0,4,0.000114591461143,0.000131064529349,0.00011690783412,-0.14091468913616112,0,0,1,0,0,0,0,0,0,0,0,0,0,1,0,0,0,1,0,0,0,0,0,1,0,1,0,0,0,0,1,0,0,0,0,0,0,0,1,0,0,0,0,0,0,1,0,0,0,0,0,1,1,0,0,0,0,0
7116,82.42857142857143,7,1405900800,77.67690926789554,46.0,0,3.6207467909e-05,1.1522695248e-05,3.2736399882e-05,0.7540589922248294,0,0,0,0,1,1,0,0,0,0,0,0,0,0,0,0,0,1,1,0,0,0,0,1,1,1,0,0,0,0,0,0,0,0,0,0,0,0,0,0,0,0,0,0,0,1,0,0,0,0,0,0,0,0,1,1,0,0
13210,78.5,4,1473292800,54.73173706756174,26.0,0,6.0589141956e-05,0.00016484809116,7.5249593158e-05,-1.3855606057250227,0,0,0,0,0,0,0,0,1,0,0,0,0,0,0,0,0,1,0,0,0,0,0,1,0,0,1,0,1,0,0,0,0,0,0,0,0,0,0,0,0,0,0,0,0,1,1,1,0,0,0,0,0,1,0,0,0,0
2939,82.375,16,1411603200,74.99419979485327,378.0,0,6.2618942395e-05,5.0307597124e-05,6.0887773244e-05,0.20220348711158398,0,0,0,0,0,1,0,0,0,0,0,0,0,0,0,0,0,1,1,0,0,0,0,0,0,0,1,1,0,0,0,0,0,0,0,0,0,0,0,0,0,0,0,1,0,1,0,0,0,0,0,1,0,0,0,0,0,0
14760,67.0909090909091,11,1534118400,70.33368820890544,38.0,0,3.4490561608e-05,4.7757894346e-05,3.6356157662e-05,-0.364933336314209,0,0,0,0,0,0,0,0,1,0,0,0,0,0,0,0,0,1,1,0,0,0,0,1,1,0,1,0,0,0,0,0,0,0,0,0,0,0,0,0,0,0,0,0,0,1,0,0,0,0,0,0,0,0,1,0,0,0
232,70.0,1,942192000,79.75103202012926,391.0,4,0.000195462561635,5.874122939e-05,0.000176237387824,0.7758477431186831,0,0,1,0,1,1,0,0,0,0,0,0,0,0,0,0,0,0,0,0,0,0,0,1,0,1,0,1,0,0,0,0,0,0,0,0,0,0,0,1,0,0,0,0,0,1,1,0,0,0,0,1,0,0,0,0,0,0
107155,66.66666666666667,3,1574380800,70.36736232874529,31.0,0,7.1307771941e-05,0.00016220032289,8.4088696917e-05,-1.0809582708036065,0,0,1,0,0,0,0,0,0,0,0,0,0,0,0,0,0,0,0,0,0,0,0,1,0,0,0,0,0,0,0,0,0,0,0,0,0,0,0,0,0,0,0,0,0,1,1,0,0,0,0,0,0,0,0,0,0,0
41051,84.16666666666667,6,1506384000,78.92040104150024,15.0,0,3.6528384974e-05,3.0645466084e-05,3.5701153873e-05,0.164785259428845,0,0,0,0,0,0,0,0,0,1,0,0,0,0,0,0,1,0,0,1,0,0,0,0,1,1,0,0,0,0,0,0,0,0,0,0,0,0,0,0,0,0,0,0,0,1,1,0,0,0,0,0,0,1,0,0,0,0
203259,66.8,5,1701907200,88.04393862284479,28.0,0,0.000211484346127,0.000217950554791,0.000212393596962,-0.030447694388404205,0,0,0,0,0,0,0,0,1,0,0,1,1,0,0,0,0,1,0,0,0,0,0,1,0,1,0,0,0,0,0,0,0,0,0,0,0,0,0,1,0,0,0,0,0,1,1,1,0,0,0,0,0,1,0,0,0,0
8259,78.1875,16,1501632000,70.62853578992654,122.0,0,3.1602308019e-05,3.0400302356e-05,3.1433287082e-05,0.03824049808280798,0,0,0,0,0,0,0,0,0,0,0,0,0,0,0,0,0,1,1,0,0,0,0,0,0,1,0,0,0,0,0,0,0,1,0,0,0,0,0,0,0,0,0,1,0,1,0,0,0,0,0,1,0,0,0,0,0,0
13620,85.57142857142857,6,1440460800,87.5755610779934,35.0,0,8.0181128801e-05,2.9321581949e-05,7.3029475053e-05,0.6964503567290995,0,1,0,0,0,0,0,0,0,0,0,0,0,0,0,0,0,0,0,1,0,0,0,1,0,0,0,0,0,0,0,0,0,0,0,0,0,0,0,0,0,0,0,0,0,1,1,0,0,0,0,0,0,0,1,0,0,0
54572,82.5,6,1543363200,65.44701602177278,27.0,0,9.3178269951e-05,0.000644486409937,0.000170700882116,-3.229949290277495,0,0,0,0,0,0,0,0,0,0,0,1,1,0,0,0,0,0,0,0,0,1,0,0,1,0,0,0,0,0,0,0,0,0,0,0,0,0,0,1,0,0,0,0,0,1,1,0,0,0,0,0,0,1,0,0,0,0
6705,79.6,10,1507161600,82.68865399157175,235.0,0,0.000405775560473,5.4426347766e-05,0.000356370324498,0.9860860740879861,0,0,0,0,1,0,0,0,0,0,0,0,0,0,0,0,0,1,1,0,0,0,0,1,1,0,0,0,0,0,0,0,0,0,0,0,0,0,0,0,0,0,0,0,0,1,1,1,1,0,0,1,1,0,0,0,0,0
87672,80.0,1,1518480000,74.70713589415078,123.0,0,0.000106712947186,4.5894650008e-05,9.816093621e-05,0.6196078039592521,0,0,0,0,0,1,0,0,0,0,0,0,0,0,0,0,0,1,1,0,0,0,0,0,0,0,0,0,0,0,0,0,0,1,0,0,0,0,0,0,0,0,0,0,1,1,0,0,0,0,0,0,0,0,1,1,0,0
135881,70.0,2,1600128000,73.75766739061746,48.0,4,0.000235817882614,0.000419180943286,0.000261601618436,-0.7010164721439136,0,0,0,0,0,0,0,0,0,1,1,0,0,0,0,0,0,0,0,0,0,0,0,1,0,0,0,0,0,0,0,0,0,0,1,0,0,0,0,0,0,0,0,0,0,1,1,1,0,0,0,0,1,1,0,0,0,0
109458,84.85714285714286,7,1544054400,84.4410172350928,92.0,9,4.5048733062e-05,1.9907294768e-05,4.1513450651e-05,0.605634071609336,0,0,0,0,0,1,0,0,0,0,0,0,0,0,0,0,0,1,0,0,0,0,0,1,1,0,0,0,0,0,0,1,0,0,0,0,0,0,0,0,0,0,0,0,0,1,1,0,1,0,0,0,1,0,0,0,0,0
105447,88.0,1,1551052800,74.35665083087791,54.0,0,0.000109657361262,1.6622100804e-05,9.6575137563e-05,0.9633923924937561,0,0,0,0,1,0,0,0,0,0,0,0,0,0,1,0,0,1,1,0,0,0,0,1,1,0,0,0,0,0,0,0,0,0,0,0,0,0,0,0,0,0,0,0,0,1,0,0,0,0,0,0,0,0,1,0,0,0
217594,75.14285714285714,7,1711065600,74.80461812228702,28.0,0,2.9612622214e-05,0.000125621894572,4.3113038851e-05,-2.226967630388844,0,0,0,0,0,0,0,0,1,0,0,0,0,0,0,0,0,1,0,0,0,0,0,1,0,0,0,0,0,1,0,0,0,0,0,0,0,0,0,0,0,0,0,0,0,1,1,1,0,0,0,0,1,0,0,0,0,0
34366,65.0,1,1474502400,58.69021783131879,28.0,0,3.5332968905e-05,6.7812287351e-05,3.9900072898e-05,-0.8140327584941838,1,0,0,0,0,1,0,0,0,0,0,0,0,0,0,0,0,1,1,0,0,0,0,0,0,1,0,0,0,0,0,0,0,0,0,0,0,0,0,0,0,0,0,0,0,1,0,0,0,0,0,0,1,0,0,0,0,0
19121,94.0,2,1375920000,89.73739056926023,28.0,0,4.4438990637e-05,2.0152458497e-05,4.1023921504e-05,0.5920211771714688,0,0,0,0,1,0,0,0,0,0,0,0,0,0,1,0,0,1,1,0,0,0,0,1,1,0,0,0,0,0,0,1,0,0,0,0,0,0,0,0,0,0,0,0,0,1,1,1,0,0,0,0,0,0,1,0,0,0
2853,86.66666666666667,3,1217980800,84.82977734112667,599.0,0,7.3177113848e-05,3.138095727e-05,6.7299915596e-05,0.6210641221608639,0,0,0,0,1,1,0,0,0,0,0,1,0,0,0,0,0,1,1,0,0,0,0,0,1,0,0,0,0,0,0,0,0,0,0,0,0,0,0,0,0,0,0,0,0,1,0,0,0,0,0,0,0,0,1,0,0,0
109,89.375,7,1305590400,82.09625152881827,1024.0,0,0.000234381778746,0.000235945572475,0.000234601672787,-0.006666521758183886,0,0,0,0,0,0,0,0,0,0,0,1,0,0,0,0,0,1,0,0,0,0,0,1,0,0,0,1,0,1,0,0,0,0,0,1,0,0,1,0,0,0,0,1,0,1,0,0,0,0,0,0,1,0,0,0,0,0
89326,82.0,3,1537228800,70.77540320739408,46.0,0,0.000101249334147,0.000132388413484,0.000105627979401,-0.29481510546409095,0,0,0,0,0,0,0,0,1,1,0,0,0,0,0,0,0,1,1,0,0,0,0,1,0,1,0,0,1,0,0,0,0,0,0,0,0,0,1,0,0,0,0,0,0,1,0,0,0,0,0,1,0,0,0,0,0,0
36662,54.125,16,1510272000,60.29943400044072,223.0,0,0.000199514139586,0.000205251073646,0.000200320842919,-0.02864159600641598,0,0,0,0,0,0,1,0,0,0,1,0,0,0,0,0,0,0,0,0,0,0,0,1,0,0,0,0,0,0,0,0,0,0,0,0,0,0,1,0,0,0,0,0,0,1,1,1,0,0,0,0,1,0,0,0,0,0
119390,89.57142857142857,7,1568937600,86.81946727936337,32.0,9,3.0960473889e-05,3.4764216726e-05,3.1495340072e-05,-0.12077350897234258,0,0,0,0,0,0,0,0,1,0,0,0,0,0,0,0,0,1,0,0,0,0,0,1,1,0,0,0,0,0,0,0,0,0,0,0,0,1,0,0,0,0,0,0,0,1,0,0,0,0,0,0,1,1,0,0,0,0
7868,53.57142857142857,7,1417564800,57.88510168667256,18.0,0,3.6528384974e-05,6.3889667692e-05,4.0375812492e-05,-0.6776788723871436,0,0,0,0,1,1,0,0,0,1,0,0,0,0,0,0,0,1,1,0,0,0,0,1,0,0,0,0,0,0,0,1,0,0,0,0,0,1,0,0,0,0,0,0,0,1,0,0,0,0,0,0,1,0,0,0,0,0
24417,81.0,3,1631750400,89.07832946901493,39.0,0,0.000107017818399,0.000122630897083,0.000109213263297,-0.14296735373301073,0,0,0,0,0,0,0,0,1,1,0,0,0,0,0,0,0,1,1,0,0,0,0,1,0,1,0,0,0,0,0,0,0,0,0,0,0,0,0,0,0,0,0,0,0,1,0,0,0,0,0,0,0,1,0,0,0,0
137989,50.0,1,1695168000,85.30489656093903,48.0,0,0.000402734871278,0.000678319004494,0.000441486343147,-0.6243567130334293,0,1,0,0,0,0,0,0,1,0,0,0,0,0,0,0,0,1,1,0,0,0,0,1,0,0,0,0,0,0,0,0,0,0,0,0,0,1,0,0,1,0,0,0,0,1,1,1,0,0,0,0,1,0,0,0,0,0
3211,72.35714285714286,14,1400803200,72.72938565552539,113.0,0,8.8990302247e-05,0.000148618252322,9.7374931663e-05,-0.61238403091303,0,0,0,0,0,0,0,0,1,1,0,1,0,0,0,0,0,0,0,0,0,0,0,0,0,0,0,0,0,1,0,1,0,0,0,1,0,0,0,0,0,0,0,0,0,1,1,1,0,0,0,0,0,1,0,0,0,0
152172,85.0,2,1631836800,66.62056027800523,24.0,0,5.4539855272e-05,1.5445314906e-05,4.9042546833e-05,0.7971751373191545,0,0,1,0,0,0,0,0,0,0,0,0,0,0,0,0,0,0,1,0,0,0,0,1,0,0,0,0,0,0,0,0,0,0,0,0,0,0,0,0,0,0,0,0,0,1,0,0,0,0,0,1,0,0,0,0,0,0
284716,83.1,10,1729814400,80.06153164164401,21.0,3,9.7566810821e-05,1.5935642364e-05,8.6088182167e-05,0.9482681605202963,0,0,0,0,1,0,0,0,0,0,0,0,0,0,0,0,0,1,0,0,0,0,0,1,0,0,0,0,0,0,0,0,0,0,0,0,0,0,0,0,0,0,0,0,0,1,0,0,0,0,0,0,1,0,1,0,0,0
1908,73.18181818181819,11,1371686400,65.02845288297215,83.0,0,0.00024026258397,0.000423544857656,0.000266034959869,-0.6890321950227591,0,0,0,0,0,0,0,0,1,0,0,0,0,0,0,0,0,1,0,0,0,0,0,1,1,0,0,0,0,0,0,0,0,0,0,0,0,0,0,0,0,0,0,0,0,1,1,1,0,1,0,0,1,0,0,0,0,0
132205,89.5,4,1594080000,86.38098168862103,47.0,0,0.000301108459578,0.000125818025555,0.000276459862274,0.634141469395542,0,0,0,0,0,0,1,0,0,1,1,0,0,0,0,0,0,0,0,0,0,0,0,0,0,0,0,0,0,0,0,0,0,0,0,0,0,0,0,0,0,0,0,0,0,1,1,0,1,0,0,0,1,0,0,0,0,0
36515,60.5,8,1518048000,69.2316904358536,29.0,0,0.000121483155123,0.000196670343142,0.000132055658582,-0.5693974280539301,0,0,1,0,0,0,0,0,1,0,0,0,0,0,0,0,0,0,0,0,0,0,0,1,1,1,0,0,0,0,0,0,0,0,0,0,0,0,0,1,0,0,0,0,0,1,1,1,0,0,0,0,1,0,0,0,0,0
152071,93.33333333333333,3,1684800000,76.84657844919644,111.0,0,3.930431759e-05,1.667113355e-05,3.6121735253e-05,0.626592068569027,0,0,0,0,1,1,0,0,0,0,0,0,0,0,0,0,0,1,1,0,0,0,0,1,0,1,0,0,0,0,0,0,0,0,0,0,0,0,0,0,0,0,0,0,0,1,0,0,0,0,0,0,0,0,1,0,0,0
12879,68.0,1,1304640000,40.81673156742306,8.0,0,3.1441849487e-05,3.4273889269e-05,3.1840078908e-05,-0.0889471686338764,0,0,0,0,1,1,0,0,0,1,0,1,0,0,0,0,0,1,1,0,0,0,0,1,0,1,0,0,0,0,0,1,0,0,0,0,0,0,0,0,0,0,0,0,0,1,0,0,0,0,0,0,0,0,1,0,0,0
114484,46.0,1,1559779200,75.49811523963382,5.0,0,5.3841860655e-05,9.414287181e-06,4.7594643721e-05,0.9334796365599423,0,0,1,0,1,0,0,0,1,0,0,0,0,0,0,0,0,1,1,0,0,0,0,1,1,0,0,0,0,0,0,1,0,0,0,0,0,0,0,0,0,0,0,0,0,1,0,0,0,0,0,0,0,0,1,0,0,0
119346,90.0,1,1716163200,79.43563295090249,20.0,0,8.0582275133e-05,8.0021441039e-05,8.0503413021e-05,0.006966868200732957,0,0,0,0,0,0,0,0,1,0,0,1,0,0,0,0,0,1,0,0,0,0,0,0,1,0,0,0,0,0,0,0,0,0,0,0,0,0,0,0,0,0,0,0,0,1,1,1,0,0,0,0,0,1,0,0,0,0
113119,82.66666666666667,3,1651017600,86.77911019666345,195.0,10,0.000231020172486,8.6297632493e-05,0.000210669902781,0.6870358883204049,0,0,0,0,0,0,0,0,0,1,0,0,0,0,0,0,0,1,0,0,0,0,0,0,0,0,0,0,0,0,0,1,0,0,0,0,0,0,0,0,0,0,0,1,0,1,0,0,0,0,0,1,0,0,0,0,0,0
7291,74.8,5,1566864000,74.693171755888,154.0,0,0.001453032243059,0.003290587566257,0.00171142147826,-1.0746197323431916,0,0,1,0,0,0,0,0,0,1,0,0,0,0,0,0,0,0,0,0,0,0,0,1,0,0,1,0,1,0,0,0,0,0,0,0,0,0,0,0,0,0,0,0,0,1,1,1,0,0,0,1,0,0,0,0,0,0
75994,87.0,1,1665964800,69.84901681740689,17.0,0,4.8675095901e-05,3.1184826287e-05,4.6215688376e-05,0.37845749761448955,0,0,0,0,0,0,0,0,1,1,0,1,0,0,0,0,0,0,1,0,0,0,0,0,1,0,0,0,0,0,0,0,1,0,0,0,0,0,0,0,0,0,0,0,0,1,0,0,0,0,0,0,0,1,1,0,0,0
217624,80.2,5,1699488000,76.89463047063401,49.0,0,8.0020670268e-05,1.7504690227e-05,7.1229938328e-05,0.8776956429666679,0,0,0,0,0,0,0,0,1,0,0,0,0,0,1,0,0,1,0,0,0,0,0,1,0,0,0,0,0,0,0,0,0,0,0,0,0,0,0,0,0,0,0,0,0,1,0,0,0,0,0,0,1,0,0,0,0,0
123269,82.5,2,1608508800,70.05981921389579,23.0,0,4.5754750606e-05,4.8003058074e-05,4.6070898065e-05,-0.04880215825622254,0,1,0,0,0,1,0,0,1,0,0,1,1,0,0,0,0,1,1,0,0,0,0,0,1,0,0,0,0,0,0,0,0,0,0,0,0,0,0,0,0,0,0,0,0,1,1,0,0,0,0,0,0,1,1,0,0,0
11200,47.5,2,1431993600,61.83069778560635,7.0,0,4.0058472694e-05,8.2325980089e-05,4.6001950298e-05,-0.918841034078315,0,0,0,0,0,0,0,1,0,0,0,1,0,1,0,0,0,0,0,0,0,0,0,1,0,0,0,0,0,0,0,0,0,0,0,0,0,0,0,0,0,0,0,0,0,1,1,0,0,0,0,0,1,1,0,0,0,0
112104,80.0,3,1591315200,87.96741416160486,25.0,3,0.000239813300079,0.00015048149666,0.0002272518408,0.393140724970437,0,0,0,0,0,0,0,1,0,0,0,1,0,0,0,0,0,0,0,0,0,0,0,1,0,0,0,0,0,0,0,0,0,0,0,0,0,0,0,0,0,0,0,0,0,1,1,0,0,0,0,0,0,1,0,0,0,0
115270,90.0,1,1587600000,71.40712531200192,17.0,0,4.7463633979e-05,3.3930660048e-05,4.5560684588e-05,0.29703860547349986,0,0,0,0,0,1,0,0,0,1,0,1,0,0,0,0,0,0,1,0,0,0,0,1,0,0,0,0,0,0,0,0,0,0,0,0,1,0,0,0,0,0,0,0,0,1,0,0,0,0,0,0,0,1,0,1,0,0
26948,82.91666666666667,12,1496707200,73.09171932038393,67.0,0,0.000104065381396,0.000155335738488,0.000111274801537,-0.4607800587400403,0,0,0,0,0,0,1,0,0,1,1,0,0,0,0,0,0,0,0,0,0,0,0,0,0,0,0,0,0,0,0,0,0,0,1,0,0,0,0,0,0,0,0,0,0,1,1,0,0,0,0,1,1,0,0,0,0,0
19819,70.0,2,1575936000,,,0,4.8065353477e-05,0.000181960519422,6.689312377e-05,-2.001695191996373,0,0,0,0,0,0,0,0,0,0,0,1,0,0,0,0,0,0,1,0,0,0,0,1,0,0,1,0,1,0,0,0,0,0,0,0,0,0,0,0,0,0,0,0,0,1,1,1,0,0,0,1,0,0,0,0,0,0
118218,53.38461538461539,13,1570147200,63.57417708984794,100.0,0,0.000191074020765,0.000428889426942,0.000224514614441,-1.059361335062523,0,0,1,0,0,0,0,0,0,0,0,0,0,1,0,0,0,1,0,0,0,0,0,1,0,0,0,0,0,0,1,0,0,0,0,0,0,0,1,1,0,0,0,0,0,1,1,1,0,0,0,0,1,0,0,0,0,0
152180,90.0,2,1667865600,69.96776121395158,57.0,0,9.9973688812e-05,5.2710201665e-05,9.3327697727e-05,0.5064487152268283,0,0,0,0,0,1,0,0,0,0,0,0,0,0,0,0,0,0,1,0,0,0,0,0,0,0,0,0,0,0,0,1,0,0,0,0,0,1,0,0,0,0,0,0,0,1,0,0,0,0,0,1,0,1,1,0,0,0
118,85.83333333333333,6,1102291200,86.67667720280163,801.0,0,0.000182553672677,7.6294952363e-05,0.000167612022144,0.6340095646208903,0,0,0,0,0,0,0,0,1,0,0,1,1,0,0,0,0,1,0,0,0,0,0,1,0,1,0,0,0,0,0,0,0,0,0,0,0,0,1,0,0,0,0,0,0,1,0,0,0,0,0,1,1,0,0,0,0,0
24920,86.88888888888889,9,1478217600,78.41204280925994,248.0,9,6.0508912689e-05,0.00033602140652,9.9250310932e-05,-2.776073579698498,0,0,1,0,0,0,0,0,0,0,0,0,0,0,0,0,0,0,0,0,0,0,0,1,0,0,0,0,0,0,0,0,0,0,0,0,0,0,0,0,0,0,0,0,0,1,1,1,0,0,0,1,0,0,0,0,0,0
10239,68.875,8,1503792000,68.01168709034604,248.0,0,0.004911451159291,0.005785520767476,0.005034359120058,-0.17405749887537295,0,0,1,0,0,0,0,0,1,1,0,0,0,0,0,0,0,1,1,0,0,0,0,1,0,0,0,0,1,0,0,0,0,0,0,1,0,0,1,0,0,0,0,0,0,1,1,1,1,1,1,1,1,0,0,0,0,1
18918,81.0,4,1520380800,71.70924612286234,109.0,0,0.000448032315065,0.000433988832498,0.000446057580114,0.03149058565833025,0,0,0,0,0,0,0,1,1,1,0,1,1,0,0,0,0,0,1,0,0,0,0,0,1,0,0,0,1,0,0,0,0,0,0,0,0,0,0,0,0,0,0,0,0,1,1,1,0,0,0,0,0,1,0,0,0,0
5597,63.7,10,1418947200,77.86815278652367,101.0,0,0.00112511918559,0.000546862213179,0.001043807142918,0.554277404825572,0,0,0,0,0,0,1,0,0,1,1,0,0,0,0,0,0,0,1,0,0,0,0,0,0,0,0,0,0,0,0,0,0,0,1,0,0,0,0,0,0,0,0,0,0,1,1,0,0,0,0,1,1,1,1,0,0,1
76840,70.0,2,1547683200,75.0724050409826,23.0,0,5.5895729874e-05,3.1920317473e-05,5.2524409078e-05,0.4564742843097494,0,0,0,0,0,1,0,0,0,1,0,0,0,0,0,0,0,0,1,0,0,0,0,0,0,0,0,0,0,0,0,0,0,0,0,0,1,1,0,0,0,0,0,0,0,1,0,0,0,0,0,0,0,0,0,0,0,0
9047,85.0,1,1581984000,79.06794112986543,75.0,0,0.000381016808874,0.000110961103598,0.000343042721091,0.7873713865465961,0,0,0,0,0,1,0,0,0,1,0,1,0,0,0,0,0,0,1,0,0,0,0,1,0,0,0,0,0,1,0,0,0,0,0,1,0,0,0,1,0,0,0,0,0,1,1,1,0,0,0,0,1,1,0,0,0,0
148228,88.6,5,1715126400,71.99740603847494,78.0,0,0.000852010739971,0.000649340651765,0.000823512131832,0.24620587791960544,0,0,0,0,0,0,0,0,1,0,0,0,0,0,0,0,0,1,0,0,0,0,0,1,0,0,0,0,1,0,0,0,0,0,0,1,0,0,1,0,0,0,0,0,0,1,1,1,0,0,0,0,0,1,0,0,0,0
1885,74.33333333333333,9,1300147200,68.52633715614785,202.0,0,6.2474529715e-05,0.000244183073759,8.8025614426e-05,-2.064359818613421,0,0,1,0,0,0,0,0,0,0,0,0,0,0,0,0,0,0,0,0,0,0,0,1,1,0,0,0,0,1,0,0,0,0,0,0,0,0,0,1,0,0,0,0,0,1,1,0,0,0,0,1,0,0,0,0,0,0
441,89.83333333333333,6,1236038400,78.19109870477452,158.0,0,0.000258426489875,0.000160288045807,0.000244626678143,0.4012254426398582,0,0,0,0,0,0,0,1,0,0,0,1,1,1,0,0,0,0,0,0,0,0,0,0,1,0,0,0,0,1,0,0,0,0,0,0,0,0,0,0,0,1,0,0,0,1,1,1,0,0,0,0,0,1,0,0,0,0
9898,85.1304347826087,23,1464048000,85.2240156402001,113.0,0,0.000328049447222,0.000565494656558,0.000361437985389,-0.6570646340754264,0,0,0,0,0,0,0,1,1,0,0,1,1,0,0,0,0,0,0,0,0,0,0,1,1,0,0,0,0,0,0,0,0,0,0,0,0,0,0,1,0,0,0,0,0,1,1,1,0,0,0,0,0,1,0,0,0,0
570,78.375,8,1244505600,73.92565978767288,396.0,0,7.9394881991e-05,0.000120669587253,8.519875597e-05,-0.48447260812515563,0,0,0,0,1,0,0,0,0,0,0,0,0,0,1,0,0,1,0,0,0,0,0,1,0,0,1,0,1,0,1,0,0,0,0,1,0,0,1,0,0,0,0,0,0,1,0,0,0,0,0,0,1,0,0,0,0,0
78550,66.5,2,1534723200,74.52381918589127,76.0,0,9.1196607072e-05,4.0746211706e-05,8.4102486471e-05,0.5998932844334841,0,0,0,0,0,1,0,1,0,1,0,1,0,0,0,0,0,1,1,0,0,0,0,1,0,0,0,0,0,1,0,0,0,0,0,0,0,0,0,1,0,0,0,0,0,1,0,0,0,0,0,0,0,1,0,0,0,0
121247,80.75,4,1585180800,70.85952030757764,24.0,0,6.0950173654e-05,6.0065113525e-05,6.0825720253e-05,0.014551197129365449,0,0,0,0,0,0,0,0,0,1,1,1,0,0,0,0,0,1,1,0,0,0,0,1,0,1,0,0,0,0,0,0,0,0,0,0,0,1,0,0,0,0,0,0,0,1,1,1,0,0,0,0,1,0,1,0,0,0
9192,76.4,15,1430697600,77.48296052708986,432.0,4,0.000150518126619,0.000100615194248,0.000143500987942,0.34777818300170754,0,0,1,0,0,0,0,0,0,0,0,0,0,0,0,0,0,1,0,0,0,0,0,1,1,1,1,0,0,1,1,0,0,0,0,0,0,0,0,0,0,0,0,0,0,1,0,0,0,0,0,1,0,0,0,0,0,0
9918,72.8125,15,1433980800,76.05172126581465,106.0,0,7.0176539286e-05,3.6480362827e-05,6.5438325881e-05,0.5149471430388168,0,0,0,0,0,1,0,0,0,0,0,0,0,0,0,0,0,1,0,0,0,0,0,1,0,1,0,0,0,0,0,0,0,0,0,0,0,0,0,0,0,0,0,0,0,1,1,1,1,0,0,0,1,1,0,0,0,0
247578,90.0,1,1692144000,85.54907263747295,23.0,0,3.6560476681e-05,1.4758856466e-05,3.3494825322e-05,0.6509060765088464,0,0,0,0,0,0,0,0,0,0,0,0,0,0,0,0,0,1,1,0,1,0,0,0,1,0,0,0,0,0,0,0,0,0,0,0,0,0,0,0,0,0,0,1,0,1,0,0,0,0,0,0,0,0,1,1,0,0
133301,80.83333333333333,12,1604534400,73.27214903733906,67.0,0,2.8473366631e-05,0.000150873758626,4.5684790569e-05,-2.679298435372651,0,0,0,0,0,0,1,0,0,1,1,0,0,0,0,0,0,1,0,0,0,0,0,1,0,0,0,0,0,0,0,0,0,0,0,0,0,0,0,0,0,0,0,0,0,1,1,1,1,0,0,1,1,0,0,0,0,0
7627,32.5,2,1479254400,40.0,4.0,0,1.1641266549e-05,0.000212802116489,3.9927652005e-05,-5.038234300085855,0,0,0,0,0,0,0,0,0,1,0,1,0,0,0,0,0,0,0,0,0,0,0,0,0,0,0,0,0,0,0,0,1,0,0,1,0,0,0,0,0,0,0,0,0,1,0,0,0,0,0,0,0,1,0,0,0,0
9497,71.0,2,1381881600,70.71416102691589,39.0,0,3.415359869e-05,1.701436277e-05,3.1743552034e-05,0.5399366753385568,0,0,0,1,1,1,0,0,0,0,0,1,0,0,0,0,0,0,1,0,0,0,0,1,0,0,0,0,0,0,0,0,0,0,0,0,0,0,0,0,0,0,0,0,0,1,0,0,0,0,0,0,0,0,1,0,0,0
2064,82.66666666666667,6,1359590400,80.82050662010658,202.0,0,0.000130524993442,4.1481702892e-05,0.000118004103619,0.754622436445367,0,0,0,0,1,1,0,0,0,0,0,0,0,0,0,0,0,1,1,0,0,0,0,0,0,1,0,0,0,0,0,0,0,0,0,0,0,0,0,0,0,0,0,0,0,1,0,0,0,0,0,1,0,0,0,0,0,0
440,90.0,3,1163116800,86.28751189856774,243.0,0,0.000256011588957,7.0312957384e-05,0.000229899435062,0.8078313750981941,0,0,0,0,0,0,0,1,0,1,0,1,1,1,0,0,0,0,0,0,0,0,0,0,0,0,0,0,0,1,0,0,0,0,0,0,0,0,0,1,0,0,0,0,0,1,1,0,0,0,0,0,0,1,0,1,0,0
18860,70.0,6,1490832000,65.08399166916432,33.0,0,3.7073943985e-05,4.7610796108e-05,3.8555591437e-05,-0.2732951267572974,1,0,0,0,0,1,0,0,0,1,0,0,0,0,0,0,0,1,1,0,0,0,0,1,0,0,0,0,0,0,0,1,0,1,0,0,0,0,0,0,0,0,0,0,0,1,0,0,0,0,0,0,0,0,1,0,0,0
23975,80.0,1,1437523200,70.80870835402244,18.0,0,8.4505486258e-05,6.6243239488e-05,8.193752658e-05,0.2228892633659986,0,0,0,0,0,0,0,0,1,0,0,0,0,0,1,0,0,0,0,0,0,0,0,1,1,0,0,0,0,0,0,0,0,0,0,0,0,0,0,0,0,0,0,0,0,1,1,1,0,0,0,0,0,1,0,0,0,0
74904,88.66666666666667,3,1560988800,84.85817464016523,44.0,0,5.3825814801e-05,2.1966670089e-05,4.9345917009e-05,0.6456447198879701,0,0,1,0,0,0,0,0,0,0,0,0,0,0,0,0,0,0,1,0,0,0,0,1,1,0,0,0,0,0,0,0,0,0,0,0,0,0,0,0,0,0,0,0,0,1,0,0,0,0,0,1,0,0,0,0,0,0
133922,75.33333333333333,3,1602115200,69.27567293013398,9.0,0,7.7509494231e-05,0.000101399718179,8.0868836188e-05,-0.29543135586548064,0,0,0,0,0,0,1,0,0,1,1,0,0,0,0,0,0,0,0,0,0,0,0,0,0,0,0,0,0,0,0,0,0,0,0,0,0,0,0,0,0,0,0,0,0,1,1,0,0,0,0,0,1,0,0,0,0,0
1367,56.33333333333334,3,1277337600,56.48672376087795,106.0,0,3.8060763962e-05,0.000165779713329,5.6020060877e-05,-2.27994266242752,0,0,1,0,0,0,0,0,0,1,0,0,0,1,0,0,0,0,0,0,0,0,0,1,0,0,0,0,0,0,1,0,0,0,0,0,0,0,0,1,0,0,0,0,0,1,1,0,0,0,0,1,0,0,0,0,0,0
11602,73.5,2,1507075200,69.78120517997945,27.0,0,8.4120385779e-05,0.000110912070852,8.7887718892e-05,-0.3048533142465856,0,0,0,0,0,0,1,0,0,1,0,0,0,0,0,0,0,1,1,1,0,0,0,1,0,0,0,0,0,0,0,0,0,0,0,0,0,0,0,0,0,0,0,0,0,1,1,1,1,0,0,0,1,0,0,0,0,1
133330,78.25,4,1600128000,63.03076737748212,24.0,0,8.0959352685e-05,5.0160498887e-05,7.6628548503e-05,0.40193941318691523,0,0,1,1,0,0,0,0,0,0,0,0,0,0,0,0,0,1,1,1,0,0,0,1,0,0,0,0,0,0,0,0,0,0,0,0,0,0,0,0,0,0,0,0,0,1,0,0,0,0,0,1,0,0,0,0,0,0
10760,82.45454545454545,11,1560816000,82.53957788035692,206.0,0,0.000296840262608,0.000121895405897,0.00027224025892,0.6426994664246453,0,0,0,0,1,0,0,0,1,0,0,0,0,0,0,0,0,1,0,0,0,0,0,1,1,0,1,0,0,0,0,0,0,0,0,0,0,0,0,0,0,0,0,0,0,1,1,1,0,0,0,0,0,0,1,0,0,0
36897,75.38461538461539,13,1521763200,77.21408929415931,641.0,0,0.000580161893834,0.000497633336462,0.000568557078157,0.14519565302886941,0,0,0,0,0,0,0,0,0,0,0,0,0,0,0,0,0,1,0,0,0,0,0,1,0,0,0,0,0,0,0,0,0,0,0,0,0,0,0,0,0,0,0,0,0,0,1,1,1,0,0,0,1,0,0,0,0,0
133149,85.0,1,1596672000,84.65764382866567,28.0,0,8.4946747223e-05,1.5053052941e-05,7.51185924e-05,0.9304796212755037,0,0,1,0,0,0,0,0,0,0,0,0,0,0,0,0,0,0,1,1,0,0,0,1,0,0,0,0,0,0,0,0,0,0,0,0,0,0,0,0,0,0,0,0,0,1,0,0,0,0,0,1,0,0,0,0,0,0
2595,74.25,4,1314316800,79.68999979206437,124.0,0,9.1461363651e-05,5.035662987e-05,8.5681390341e-05,0.47975989357345955,0,0,0,0,0,0,0,1,0,1,0,1,0,0,0,0,0,0,0,0,0,0,0,0,0,0,0,0,0,0,0,1,1,0,0,1,0,0,0,0,0,0,0,0,0,1,0,0,0,0,0,0,0,1,0,0,0,0
11120,77.0,3,1489017600,70.19985541598723,44.0,0,6.63255345e-05,0.00013611490216,7.6139019355e-05,-0.9166393928438566,0,0,0,0,0,0,0,0,0,0,0,1,1,0,0,0,0,0,0,0,0,1,0,0,1,0,0,0,0,0,0,0,0,0,0,0,0,0,0,0,0,0,0,0,0,1,1,0,0,0,0,0,0,1,0,0,0,0
11525,90.0,5,1443484800,75.27605980641812,73.0,0,3.062351097e-05,0.000174360443833,5.0835188781e-05,-2.827580456095981,0,0,0,0,0,0,0,0,0,1,1,0,0,0,0,0,0,0,0,0,0,0,0,0,0,0,0,0,0,0,0,0,0,0,1,0,0,0,0,0,0,0,0,0,0,1,1,1,0,0,0,0,1,0,0,0,0,0
11753,62.5,3,1458000000,65.4819981344171,34.0,0,3.9889991235e-05,5.4916675223e-05,4.2002979798e-05,-0.35776032178693945,0,0,0,0,0,0,0,0,1,1,0,1,0,0,0,0,0,0,1,0,0,0,0,0,0,0,0,0,1,0,0,0,0,0,0,0,0,0,0,0,0,0,0,0,0,1,0,0,0,0,0,0,0,0,1,0,0,0
54842,73.05263157894737,19,1621900800,59.17432388648699,78.0,0,0.000103014378007,0.000322978696155,0.000133944827404,-1.6423108948953598,0,0,0,0,0,0,0,0,1,0,0,0,0,0,0,0,0,1,0,0,0,0,0,1,0,0,0,0,0,0,0,0,0,0,0,0,0,0,1,0,0,0,0,0,0,1,0,0,0,0,0,0,1,0,0,0,0,0
182378,74.66666666666667,3,1715731200,,,0,3.1674514359e-05,0.000111696594784,4.2926879879e-05,-1.8641885500971875,0,0,0,0,0,0,0,1,0,1,0,1,0,1,0,0,0,0,0,0,0,0,0,1,0,0,0,0,0,1,0,0,0,0,0,0,0,0,0,1,0,0,0,0,0,1,1,1,0,0,0,0,1,1,0,0,0,0
113114,85.93333333333334,15,1571961600,77.67465817800728,622.0,0,0.000174314127022,0.000212066625303,0.000179622723196,-0.21019550372577445,0,0,1,0,0,0,0,0,1,0,0,0,0,0,0,0,0,1,0,0,0,0,0,1,0,1,0,0,0,0,0,0,0,0,0,0,0,0,1,0,0,0,0,0,0,1,0,0,0,0,0,1,0,0,0,0,0,0
19935,74.4,5,1526342400,70.64589909108503,68.0,0,0.00014949119201,9.2524791201e-05,0.000141480818362,0.4026724696680663,0,0,0,0,0,0,0,0,1,0,0,0,0,0,1,0,0,1,1,1,0,0,0,1,1,0,0,0,0,0,0,0,0,0,0,0,0,0,0,0,0,0,0,0,0,1,1,1,0,0,0,0,0,1,0,0,0,0
3101,77.5,10,1411084800,72.78832275651307,83.0,0,5.328025579e-05,6.9283269723e-05,5.553053173e-05,-0.28819205864327346,0,0,0,0,0,0,0,0,1,0,0,1,1,0,0,0,0,1,1,0,0,0,0,1,0,1,0,0,1,0,1,0,0,0,0,0,0,0,0,0,0,0,0,0,0,1,0,0,0,0,0,0,0,1,0,0,0,0
10354,71.25,8,1385078400,82.05600276952124,45.0,0,3.6576522534e-05,3.3244201608e-05,3.61079457e-05,0.09228941227939985,0,1,0,0,0,0,0,0,0,0,0,0,0,0,0,0,0,0,0,0,0,0,0,1,0,0,0,0,0,0,0,0,0,0,0,0,0,0,0,0,0,0,0,0,0,1,1,0,0,0,0,0,0,0,1,0,0,0
6866,84.38461538461539,13,1391644800,78.67365621347633,51.0,0,3.7338700564e-05,4.2413325061e-05,3.8052272736e-05,-0.13336183838723387,0,0,0,0,0,1,0,0,0,0,0,1,0,0,0,0,0,0,0,1,0,0,0,1,0,0,0,0,0,0,0,0,0,0,0,0,0,1,0,0,0,0,0,0,0,1,1,0,1,0,0,0,0,0,1,0,0,0
128769,77.8,5,1598486400,69.83828167150601,17.0,0,3.2557036289e-05,8.3600831478e-05,3.9734598256e-05,-1.2846439004054633,0,0,0,0,0,0,0,0,1,0,1,0,0,0,0,0,0,0,0,1,0,0,0,1,0,0,0,0,0,0,0,0,0,0,0,0,0,0,0,0,0,0,0,0,0,1,1,1,0,0,0,0,1,0,1,0,0,0
9136,82.14285714285714,7,1513123200,78.39493981805477,168.0,0,0.000140649926857,2.1329244395e-05,0.000123871558611,0.9633209904432047,1,0,0,0,0,1,0,0,0,0,0,0,0,0,0,0,0,1,1,0,0,0,0,0,1,0,0,0,0,0,0,0,0,0,0,0,0,0,0,0,0,0,0,1,0,1,0,0,0,0,0,0,0,0,1,0,0,0
22747,90.0,1,1544659200,70.89920422439636,25.0,0,7.6530697181e-05,0.000118316015458,8.2406371397e-05,-0.5070850619094767,0,0,0,0,0,0,0,0,1,0,0,0,0,0,0,0,0,1,1,0,0,0,0,1,0,0,0,0,0,0,0,0,0,0,0,0,0,0,0,0,0,0,0,0,0,1,0,0,0,0,0,0,0,1,0,0,0,0
5591,59.0,5,1373414400,47.85274240183299,42.0,0,1.3149576757e-05,0.000139694292598,3.0943757934e-05,-4.089570309635366,0,0,1,0,0,0,0,0,1,0,0,0,0,0,0,0,0,1,0,0,0,0,0,1,0,1,0,0,0,0,0,0,0,0,0,0,0,0,1,0,0,0,0,0,0,1,0,0,0,0,0,1,0,0,0,0,0,0
2118,75.0,2,1341187200,66.56829339902474,40.0,0,0.000100262514171,0.000191914166806,0.000113150180806,-0.8100458795987561,0,0,1,0,0,0,0,0,0,0,0,0,0,0,0,0,0,0,0,0,0,0,0,1,0,1,0,0,0,0,0,0,0,0,0,0,0,0,0,1,0,0,0,0,0,0,1,0,0,0,0,1,0,0,0,0,0,0
143061,81.0,1,1699920000,70.24795138201809,26.0,0,0.000153911824586,0.000124739305149,0.000149809708644,0.19474508568127713,0,0,0,0,0,0,0,0,1,1,0,1,0,0,0,0,0,1,1,0,0,0,0,0,0,0,0,0,0,0,0,0,0,0,0,1,0,0,1,0,0,0,0,0,0,1,0,0,0,0,0,0,0,1,0,0,0,0
19291,65.0,1,1476748800,70.21302656815347,9.0,0,7.5014364047e-05,2.7164141137e-05,6.8285868668e-05,0.7007578225456467,0,0,0,0,0,1,0,0,0,1,0,1,0,0,0,0,0,0,1,0,0,0,0,0,1,1,0,0,0,0,0,0,0,0,0,0,0,0,0,0,0,0,0,0,0,1,1,0,0,0,0,0,0,0,1,0,0,0
204460,66.0,3,1698105600,72.8777485248415,30.0,0,5.4876818191e-05,6.8841975012e-05,5.6840539307e-05,-0.24569706552806916,0,0,0,0,0,0,0,0,1,0,0,0,0,0,0,0,0,1,0,0,0,0,0,1,1,0,0,0,1,0,0,0,0,0,0,0,0,0,0,0,0,0,0,0,0,1,1,1,0,0,0,0,1,0,0,0,0,0
203376,75.66666666666667,3,1660867200,68.9863023939965,8.0,0,2.5841846695e-05,0.000147686630153,4.2975143316e-05,-2.8352994821171142,0,0,0,0,0,0,0,0,0,1,1,1,0,0,0,0,0,0,0,0,0,0,0,0,0,0,0,0,0,0,0,0,0,0,0,0,0,0,0,0,0,0,0,0,0,1,1,1,0,0,0,0,0,0,0,0,0,0
273522,79.25,4,1715212800,80.01512351075712,27.0,0,4.2481396538e-05,4.36391437e-06,3.7121477878e-05,1.0268500025115956,0,0,1,0,0,1,0,0,0,0,0,0,0,0,0,0,0,1,1,0,0,0,0,1,0,0,1,0,1,0,0,0,0,0,0,0,0,0,0,0,0,0,0,1,0,1,0,0,0,0,0,0,0,1,0,0,0,0
103269,73.36363636363636,11,1551398400,66.23270461890174,40.0,0,5.5959913287e-05,0.000114736625019,6.4224845178e-05,-0.9152003249131524,0,1,0,0,0,0,0,0,0,0,0,0,0,0,0,0,0,0,0,0,0,0,0,1,0,0,0,0,0,0,0,0,0,0,0,0,0,0,0,0,0,0,0,0,0,1,1,0,0,0,0,0,0,0,1,0,0,0
76770,78.42857142857143,7,1513728000,72.22357829413208,40.0,0,4.9124379793e-05,2.7213173883e-05,4.6043318958e-05,0.4758933724660008,0,0,0,0,0,1,0,0,0,1,0,1,0,0,0,0,0,0,0,0,0,0,0,0,0,1,0,0,0,0,0,0,0,0,0,0,0,0,0,0,0,0,0,0,0,1,0,0,0,0,0,0,0,0,1,0,0,0
194821,89.0,3,1716940800,85.44640215396922,79.0,0,0.000220534207372,6.9038105994e-05,0.000199231468197,0.7604782198486539,0,0,0,0,1,0,0,0,0,0,0,0,0,0,1,0,0,1,1,0,0,0,0,1,1,1,0,0,0,0,0,0,0,0,0,0,0,0,0,0,0,0,0,0,0,1,0,0,0,0,0,0,0,0,1,0,0,0
18484,74.1,10,1474934400,68.52777777152647,93.0,0,0.000128695766169,5.4573446003e-05,0.000118272999912,0.6267423965684192,0,0,0,0,1,0,0,0,0,0,0,0,0,0,0,0,0,0,1,0,0,0,0,1,0,0,0,0,0,0,0,0,0,0,0,0,0,0,0,0,0,0,0,0,0,1,0,0,0,0,0,1,0,0,0,0,0,0
17000,90.53846153846153,13,1456444800,86.16455968615482,1729.0,0,0.006999072830483,0.000677191251342,0.006110116658312,1.037815813085594,0,0,0,0,0,0,0,0,1,1,0,1,0,0,0,0,0,1,1,0,0,0,0,0,1,0,0,0,0,0,0,0,1,0,0,1,0,0,0,0,0,0,0,0,1,1,1,1,0,0,0,0,0,1,0,0,0,0
7684,65.0,1,1520899200,83.25499915419073,44.0,0,3.6087124009e-05,1.9858262023e-05,3.3805090274e-05,0.4800796614351546,0,0,0,0,0,1,0,0,1,0,0,0,0,0,0,0,0,1,1,0,0,0,0,1,1,0,0,0,0,0,1,0,0,0,0,0,0,0,0,0,0,0,0,0,0,1,0,0,0,0,0,0,1,0,0,0,0,0
228175,70.66666666666667,3,1728604800,62.79210142910092,8.0,0,0.000200789784921,0.00029395131068,0.00021388976351,-0.4356051782154086,0,0,1,0,0,0,0,0,0,0,0,0,0,0,0,0,0,0,1,0,0,0,0,1,0,1,0,0,0,0,0,0,0,0,0,0,0,0,0,0,0,0,0,0,0,1,1,1,0,0,0,1,0,0,0,0,0,0
1305,78.38461538461539,13,1376956800,81.71048018356845,335.0,0,0.000127708946193,0.000195591622736,0.000137254320231,-0.49460982297311945,0,0,1,0,0,0,0,0,0,0,0,0,0,1,0,0,0,1,0,0,0,0,0,1,0,0,0,0,0,0,1,0,0,0,0,0,0,0,0,0,0,0,0,0,0,1,1,1,0,0,0,0,1,0,0,0,0,0
1363,65.0,8,1353196800,74.1917139938584,151.0,0,9.8008071786e-05,3.2753874151e-05,8.8832303303e-05,0.7346099730167087,0,0,0,0,0,1,0,0,0,1,0,0,0,0,0,0,0,1,1,0,0,0,0,1,0,0,0,0,0,0,0,1,0,0,0,1,0,0,0,0,0,0,0,0,0,1,0,0,0,0,0,0,0,0,1,0,0,0
228541,68.4,5,1679961600,66.00606790642257,8.0,0,4.3428101881e-05,0.000203191698325,6.5893381145e-05,-2.424657185467482,0,0,1,0,0,0,0,0,0,0,0,0,0,0,0,0,0,0,0,0,0,0,0,1,0,0,0,0,0,0,0,0,0,0,0,0,0,0,0,0,0,0,0,0,0,1,1,1,0,0,0,1,0,0,0,0,0,0
3152,78.57142857142857,7,1366675200,75.99285585303804,381.0,0,0.000851376928767,0.000181323093727,0.000757156800647,0.8852954505292205,0,0,0,0,0,0,0,0,0,1,0,0,0,0,0,0,0,1,1,0,0,0,0,1,1,0,1,0,1,0,0,0,0,0,0,1,0,0,1,0,0,0,0,0,0,1,0,0,0,0,0,0,0,1,0,0,0,0
19405,83.0,14,1471564800,77.07379163646878,21.0,0,3.1000588522e-05,3.138095727e-05,3.1054074362e-05,-0.012248784154216345,0,0,0,0,0,0,1,0,0,1,1,0,0,0,0,0,0,0,0,0,0,0,0,0,0,0,0,0,0,0,0,0,0,0,0,0,0,0,0,0,0,0,0,0,0,1,1,0,0,0,0,1,1,0,0,0,0,0
26183,77.5,2,1482192000,76.9538375033632,25.0,9,6.2482552642e-05,3.7313919504e-05,5.8943446208e-05,0.42700887906828694,0,0,0,0,0,0,0,1,1,1,0,1,0,0,0,0,0,0,0,0,0,0,0,0,0,1,0,0,0,0,0,0,0,0,0,0,0,0,0,1,0,0,0,0,0,1,1,1,0,0,0,0,0,1,0,0,0,0
20329,88.66666666666667,3,1506038400,82.37921122280092,66.0,0,3.6985691792e-05,3.3048070625e-05,3.6432000206e-05,0.10808335726852458,0,0,0,1,1,1,0,0,0,0,0,0,0,0,0,0,0,1,1,0,0,0,0,1,1,0,0,0,0,0,0,1,0,0,0,0,0,0,0,0,0,0,0,0,0,1,0,0,0,0,0,0,0,1,0,0,0,0
119374,79.16666666666667,6,1567468800,78.42298285345227,33.0,9,2.6981102277e-05,6.0751571965e-05,3.1729762481e-05,-1.064332122557807,0,0,0,0,0,0,0,0,1,0,0,0,0,0,0,0,0,1,0,0,0,0,0,0,1,1,0,0,0,0,0,0,0,0,0,0,0,0,1,0,0,0,0,0,0,1,0,0,0,0,0,0,1,1,0,0,0,0
7710,65.83333333333333,6,1430092800,71.95100736347639,25.0,9,8.1119811217e-05,0.000108460433565,8.4964333561e-05,-0.3218030751786179,0,0,1,0,0,0,0,0,1,1,0,1,0,0,0,0,0,1,0,0,0,0,0,1,0,1,1,0,1,0,0,0,0,0,0,1,0,0,1,0,0,0,0,0,0,1,1,1,0,0,0,0,1,0,0,0,0,0
152271,80.0,1,1651708800,80.90477067370668,77.0,0,6.0348454157e-05,2.8586090763e-05,5.5882165342e-05,0.5683969235294343,0,0,0,0,0,0,0,0,1,0,0,0,0,0,0,0,0,1,1,0,0,0,0,0,0,1,0,0,0,0,0,0,0,0,0,0,0,0,0,0,0,0,0,0,0,1,0,0,0,0,0,0,0,0,0,1,0,0
133236,88.5,8,1709164800,89.82264537348273,133.0,8,0.000124740463338,0.000226874514515,0.000139102120393,-0.7342889831965995,0,0,0,0,0,0,0,0,1,0,0,0,0,0,0,0,0,1,0,0,0,0,0,1,1,0,0,0,0,0,0,0,0,0,0,0,0,0,1,0,0,0,0,0,0,1,0,0,0,0,0,0,1,0,0,0,0,0
7408,74.0,10,1423094400,67.49349620992041,154.0,0,0.000150630447592,0.000104292650178,0.000144114623071,0.3215574889168608,0,1,0,0,0,0,0,0,1,0,0,0,0,0,0,0,0,0,0,0,0,0,0,1,0,0,0,0,0,0,0,0,0,0,0,0,0,0,0,0,0,0,0,0,0,1,1,1,0,0,0,0,0,0,1,0,0,0
502,73.375,8,1304985600,44.3456795781001,76.0,0,4.0106610254e-05,0.0001448427309,5.483415928e-05,-1.910104824321078,0,0,1,0,0,0,0,0,0,0,0,0,0,0,0,0,0,0,0,0,0,0,0,1,0,1,0,0,0,0,0,1,0,0,0,0,0,0,0,0,0,0,0,0,0,1,1,1,0,0,0,1,0,0,0,0,0,0
106847,70.0,4,1580256000,71.81829270865018,82.0,0,8.5805200373e-05,2.804673056e-05,7.7683449342e-05,0.7435395018087594,0,0,0,0,0,0,0,0,0,1,0,0,0,0,0,0,0,1,1,0,1,0,0,0,1,0,0,0,0,0,0,0,0,0,0,0,0,0,0,0,0,0,0,0,0,1,0,0,0,0,0,1,0,0,0,1,0,0
116539,80.0,3,1557360000,80.57018999061714,29.0,9,5.4355327959e-05,1.4954987449e-05,4.8815019201e-05,0.8071553143127382,0,0,1,0,0,0,0,0,0,0,0,0,0,0,0,0,0,0,0,0,0,0,0,1,0,0,1,0,0,0,0,0,0,0,0,0,0,0,0,0,0,0,0,0,0,1,1,1,0,0,0,1,0,0,0,0,0,0
240558,87.8,5,1686873600,70.40852935753439,34.0,0,0.000120817252213,0.000120424423524,0.000120762014309,0.0032531124142174904,0,0,0,0,0,0,1,0,0,1,1,0,0,0,0,0,0,0,0,0,0,0,0,0,0,0,0,0,0,0,0,0,0,0,1,0,0,0,0,0,0,0,0,0,0,1,1,1,0,0,0,1,1,0,0,0,0,1
103301,71.25,12,1564012800,61.7678818846833,159.0,0,5.1025813405e-05,0.000396331683774,9.9581260215e-05,-3.46775148592178,0,0,1,0,0,0,0,0,0,0,0,0,0,0,0,0,0,1,0,0,0,0,0,1,0,1,0,0,0,0,0,0,0,0,0,0,0,0,0,0,0,0,0,0,0,1,1,1,0,0,0,1,0,0,0,0,0,0
120654,92.0,1,1600300800,80.0364469663534,25.0,0,5.2453894347e-05,4.5649486279e-05,5.1497087346e-05,0.13213530358281794,0,0,0,0,0,0,0,0,1,0,0,1,1,1,0,0,0,1,1,0,0,0,0,1,1,0,0,0,0,0,0,1,0,0,0,0,0,0,0,0,0,0,0,0,0,1,0,0,0,0,0,0,0,1,0,0,0,0
305006,82.2,5,1739232000,69.23416978718672,18.0,0,0.000164486041893,0.001066266088747,0.000291290527006,-3.0962605950194435,0,0,0,0,0,0,0,0,0,1,0,1,1,1,0,0,0,0,0,0,0,0,0,0,0,0,0,0,0,1,0,0,0,0,0,0,0,0,0,0,0,0,0,0,0,1,1,0,0,0,0,0,0,1,0,0,0,0
106803,73.5,2,1563321600,41.02390341483257,17.0,0,0.000100013803445,0.000123415421014,0.000103304439645,-0.2265423090634538,0,0,0,0,0,0,0,0,1,0,0,1,1,1,0,0,0,1,0,0,0,0,0,0,1,0,0,0,0,1,0,0,0,0,0,0,0,0,0,0,0,0,0,0,0,1,1,1,0,0,0,0,1,1,0,0,0,0
13361,73.6,5,1464825600,81.1792675463214,15.0,0,4.1133544863e-05,1.6425969821e-05,3.7659270463e-05,0.6560945012989825,0,0,1,0,0,0,0,0,0,0,0,1,0,1,0,0,0,0,1,0,0,0,0,1,0,1,0,0,0,0,0,0,0,0,0,0,0,0,0,0,0,0,0,0,0,1,0,0,0,0,0,0,0,1,0,0,0,0
283679,95.0,1,1722988800,70.9123495444034,21.0,0,7.51507538e-05,1.9858262023e-05,6.737575814e-05,0.8206861929177026,0,0,0,0,0,1,0,0,0,0,0,0,0,0,0,0,0,1,1,0,0,0,0,1,0,0,1,0,0,0,0,0,0,0,0,0,0,0,0,0,0,0,0,0,0,1,0,0,0,0,0,0,0,0,1,0,0,0
121752,82.0,10,1603756800,78.13539491795329,217.0,0,0.000463027164948,0.000266542005814,0.0004353982553,0.45137509920199737,0,0,1,0,1,0,0,0,0,0,0,0,0,0,0,0,0,1,0,0,0,0,0,1,0,1,0,0,0,0,0,0,0,0,0,0,0,0,0,0,0,0,0,0,0,1,0,0,0,0,0,1,0,0,0,0,0,0
18387,62.5,2,1516233600,62.76551419423676,39.0,0,8.1224109264e-05,4.3148816247e-05,7.5870123063e-05,0.5018673471203171,0,0,0,0,0,0,0,0,0,0,0,0,0,0,0,0,0,0,1,0,0,0,0,1,0,0,0,0,0,0,0,1,0,0,0,0,0,0,0,0,1,0,0,0,0,1,1,1,0,0,0,0,0,1,0,0,0,0
18452,67.8,5,1541462400,62.51190574072454,24.0,0,3.2661334335e-05,3.5450675166e-05,3.3053559612e-05,-0.0843899102641608,0,0,1,0,0,0,1,0,0,0,0,0,0,0,0,0,0,0,1,0,0,0,0,1,0,1,0,0,0,0,0,0,0,0,0,0,0,0,0,0,0,0,0,0,0,1,1,0,1,0,0,0,1,0,0,0,0,1
147519,90.5,2,1701993600,83.29293394618031,46.0,0,0.00023938006204,7.7226574532e-05,0.000216578726433,0.7487856681173497,0,0,0,0,0,0,0,1,0,1,0,1,0,0,0,0,0,0,1,0,0,0,0,0,1,0,0,0,0,0,0,0,0,0,0,0,0,0,0,0,0,0,0,0,0,1,0,0,0,0,0,0,0,1,0,0,0,0
41047,73.4,5,1535068800,79.85095352800457,21.0,0,6.1616076565e-05,2.368281619e-05,5.6282062392e-05,0.6740038696848207,0,1,0,0,0,0,0,0,0,1,0,0,0,0,1,0,0,0,1,0,0,0,0,1,1,0,0,0,0,0,0,0,0,0,0,0,0,0,0,0,0,0,0,0,0,1,0,0,0,0,0,0,0,0,0,0,0,1
139883,87.5,2,1650931200,79.91479458647244,14.0,0,4.5899163285e-05,5.4524413257e-05,4.711200935e-05,-0.1830839581210382,0,0,0,0,0,0,0,0,1,0,0,1,1,0,0,0,0,0,0,0,0,0,0,0,1,0,0,0,0,1,0,0,0,0,0,0,0,0,0,0,0,0,0,0,0,1,1,0,0,0,0,0,0,1,0,0,0,0
287850,90.0,5,1718323200,89.81982026142691,15.0,10,7.2013789485e-05,3.3244201608e-05,6.6562174487e-05,0.5824761353656659,0,0,0,0,0,0,0,0,1,0,0,0,0,0,0,0,0,1,0,0,0,0,0,1,1,0,0,0,0,0,0,0,0,1,0,0,0,0,0,0,0,0,0,0,0,1,0,0,0,0,0,0,1,0,0,0,0,0
17030,75.91304347826087,23,1466985600,67.2053647764528,103.0,0,4.4976526722e-05,5.2661168919e-05,4.6057108512e-05,-0.1668541384841632,0,0,0,0,1,1,0,0,0,0,0,0,0,0,1,0,0,1,0,0,0,0,0,1,0,1,0,0,0,0,0,1,0,0,0,0,0,0,0,0,0,0,0,0,0,1,1,1,1,0,0,0,1,0,0,0,0,0
99192,80.0,1,1773878400,70.82460125748526,7.0,0,4.1590851681e-05,1.1473662502e-05,3.7355900287e-05,0.806238143679188,0,0,0,0,0,0,0,0,0,1,0,0,0,0,0,0,0,1,1,0,0,0,0,0,0,0,0,0,0,0,0,1,0,0,0,1,0,0,0,0,0,0,0,0,0,1,0,0,0,0,0,1,0,0,0,0,0,0
24653,67.0,2,1589932800,,,0,3.7322654711e-05,0.000300080403896,7.4270534863e-05,-3.537977841794323,0,0,1,0,0,0,0,0,0,0,0,0,0,0,0,0,0,0,0,0,0,0,1,1,0,1,0,0,0,0,0,0,0,0,0,0,0,0,0,0,0,0,0,0,0,1,1,1,0,0,0,0,1,0,0,0,0,0
15108,70.27777777777777,18,1453161600,73.39410677735353,204.0,9,8.8637293475e-05,0.000123660584743,9.3562120135e-05,-0.3743494655594324,0,0,1,0,0,0,0,0,0,0,0,0,0,0,0,0,0,1,0,0,0,0,0,1,0,0,1,0,1,0,0,0,0,0,0,0,0,0,0,0,0,0,0,0,0,1,0,0,0,0,0,0,1,0,0,0,0,0
119257,67.27272727272727,11,1595894400,68.35658205010171,63.0,8,8.0309495627e-05,4.0550080723e-05,7.471869535e-05,0.5321412544083958,0,0,1,0,0,0,0,0,0,0,0,0,0,0,0,0,0,1,0,0,0,0,0,1,0,1,0,0,0,0,0,1,0,0,0,0,0,0,1,0,0,0,0,0,0,1,0,0,0,0,0,0,1,0,0,0,0,0
103261,69.4,15,1543881600,65.94679378268351,146.0,0,0.000150012682241,0.000568779850523,0.000208897945163,-2.0048589096124703,0,0,1,0,0,0,0,0,0,0,0,0,0,0,0,0,0,1,0,0,0,0,0,1,0,0,0,0,0,0,0,0,0,0,0,1,0,0,1,0,0,0,0,0,0,1,0,0,0,0,0,0,1,0,0,0,0,0
115427,74.5,8,1606953600,70.88146693995004,39.0,0,3.6480247414e-05,2.402604541e-05,3.4728990355e-05,0.35861734350379193,0,0,0,0,0,0,0,0,1,0,0,0,0,0,0,0,0,1,1,0,0,0,0,1,0,1,0,0,0,0,0,0,0,0,0,0,0,0,1,0,0,0,0,0,1,1,1,1,0,0,0,0,1,0,0,0,0,0
27771,81.92857142857143,14,1527552000,70.58206638969443,146.0,0,0.000131535882198,0.000172497199495,0.000137295688891,-0.2983642783665295,0,0,0,0,0,0,0,0,1,1,0,0,0,0,1,0,0,1,1,0,0,0,0,1,1,0,0,0,0,0,0,0,1,0,0,0,0,0,0,0,0,0,0,0,0,1,0,0,0,0,0,0,0,1,0,0,0,0
208533,90.0,2,1725494400,79.56248386406975,14.0,0,3.770775519e-05,1.000268013e-05,3.3811985051e-05,0.8194000854242376,0,0,0,0,0,0,0,0,1,0,0,1,1,0,0,0,0,0,1,0,0,1,0,1,0,0,0,0,0,0,0,0,0,0,0,0,0,0,0,0,0,0,0,0,0,1,0,0,0,0,0,0,0,0,1,0,0,0
185241,78.33333333333333,3,1679443200,69.36961019286781,24.0,0,6.8900893951e-05,6.6243239488e-05,6.8527185853e-05,0.03878381243397173,0,0,0,0,1,0,0,0,0,0,0,0,0,0,0,0,0,0,1,1,0,0,0,1,0,0,0,0,0,0,0,1,0,0,0,0,0,0,0,0,0,0,0,0,0,1,0,0,0,0,0,0,0,0,1,0,0,0
10929,64.0,1,1411344000,63.90753850996605,30.0,0,9.8906639569e-05,0.000233101673223,0.000117776575988,-1.1394705177059152,0,0,0,0,0,0,0,1,0,1,0,1,0,0,0,0,0,0,0,0,0,0,0,1,1,0,0,0,0,1,0,0,0,0,0,0,0,0,0,1,0,0,0,0,0,1,1,1,0,0,0,0,0,1,0,0,0,0
19635,75.8,5,1225756800,72.33203069039571,102.0,0,3.9986266354e-05,7.6540116092e-05,4.5126313654e-05,-0.8100523074479198,0,1,0,0,0,0,0,0,0,0,0,0,0,0,0,0,0,1,0,0,0,0,0,1,0,0,0,0,0,0,0,0,0,0,0,0,0,0,0,0,0,0,0,0,0,1,1,0,0,0,0,0,1,0,1,0,0,0
56109,0.0,0,1723420800,71.36178627734449,15.0,0,0.000107451056437,2.9027385475e-05,9.6423452475e-05,0.8133649006410564,0,0,0,0,0,0,0,0,0,0,0,0,0,0,0,0,0,0,1,1,0,0,0,1,0,1,0,0,0,0,0,0,0,0,0,0,0,0,0,0,0,0,0,0,0,1,0,0,0,0,0,0,0,0,0,0,0,0
146088,85.0,2,1697673600,78.34583736653974,15.0,0,3.6512339121e-05,1.7553722973e-05,3.3846458935e-05,0.5601453618415755,0,0,0,0,1,0,0,0,0,0,0,0,0,0,0,0,0,1,1,1,0,0,0,1,0,0,0,0,0,0,0,0,0,0,0,0,0,0,0,0,0,0,0,0,0,1,0,0,0,0,0,0,0,0,1,0,0,0
130508,80.0,1,1597276800,61.50191493075295,28.0,0,3.8060763962e-05,1.3434972331e-05,3.4597989598e-05,0.71178175137114,0,0,1,0,0,0,0,0,0,1,0,0,0,0,0,0,0,0,1,0,0,0,0,1,0,0,0,0,0,0,0,1,0,0,0,0,0,0,0,0,0,0,0,0,0,1,0,0,0,0,0,1,0,0,0,0,0,0
26651,67.0,1,1500508800,69.94844860013855,22.0,0,0.000222580053665,9.6692574589e-05,0.000204878290333,0.6145130078780474,0,0,0,0,0,0,0,0,0,1,0,1,0,0,0,0,0,0,1,0,0,0,0,0,0,0,0,0,0,1,0,0,0,0,0,1,0,0,0,0,0,0,0,0,0,1,0,0,0,0,0,0,0,1,0,0,0,0
135670,76.75,4,1662595200,68.5969923192,25.0,0,3.1626376799e-05,7.2274267213e-05,3.7342110733e-05,-1.0885471803918967,0,0,0,0,0,0,0,0,1,0,0,0,0,0,1,0,0,1,0,0,0,0,0,1,1,0,0,0,0,1,0,0,0,0,0,0,0,0,0,0,0,0,0,0,0,1,0,0,0,0,0,0,1,0,0,0,0,0
56859,78.5,2,1606780800,83.36293204018702,17.0,0,0.000144637321395,5.8299934679e-05,0.000132496924292,0.6516612122898143,0,0,0,0,0,0,0,0,0,1,0,0,0,0,0,0,0,0,1,0,0,0,0,1,0,0,0,0,0,0,0,0,0,0,0,0,0,0,0,1,0,0,0,0,0,1,1,1,0,0,0,0,0,1,0,0,0,0
4754,85.63157894736842,19,1412553600,85.3193772218866,687.0,0,0.000455028307091,0.000201769748698,0.000419416162856,0.603962573408448,0,0,0,0,0,0,0,0,0,0,0,0,0,0,0,0,0,1,0,0,0,0,0,1,0,1,1,0,1,0,1,0,0,0,0,0,0,0,0,0,0,0,0,0,0,1,0,0,0,0,0,1,0,0,0,0,0,0
2050,84.63157894736842,19,1380499200,78.76265672226393,240.0,0,0.00020024422591,5.9721884305e-05,0.000180484570286,0.7786539428722556,0,0,0,0,0,1,0,0,0,0,0,0,0,0,1,0,0,1,0,0,0,0,0,1,1,0,0,0,0,0,0,1,0,0,0,0,0,1,1,0,1,0,0,0,0,1,1,1,1,0,0,0,1,0,1,0,0,0
153054,73.33333333333333,3,1634169600,67.77677600214832,22.0,0,0.00013298803192,0.000118806342915,0.000130993862966,0.10826933049158537,0,1,0,0,0,0,0,0,0,0,0,0,0,0,0,0,0,1,0,0,0,0,0,1,0,0,0,0,0,0,0,0,0,0,0,0,0,0,0,0,0,0,0,0,0,1,1,0,0,0,0,0,1,0,0,0,0,0
115304,90.0,1,1559001600,79.75229295603432,25.0,0,9.6026408907e-05,2.4222176393e-05,8.5929602303e-05,0.8356528553592969,0,0,0,0,0,1,0,0,0,0,0,0,0,0,0,0,0,1,0,0,0,0,0,1,0,0,1,0,1,0,0,0,0,0,0,0,0,0,0,0,0,0,0,0,0,1,0,0,0,0,0,1,0,0,0,0,0,1
108778,61.0,1,1568764800,73.79797372312139,129.0,0,8.9255058826e-05,4.7169501397e-05,8.3337166255e-05,0.5050245039699414,1,0,0,0,1,1,0,0,0,0,0,0,0,0,0,0,0,1,1,1,0,0,0,0,0,0,1,0,0,0,0,0,0,0,0,0,0,0,0,0,0,0,0,1,0,1,0,0,0,0,0,0,0,0,1,0,0,0
19085,86.33333333333333,12,1480982400,82.5655784053655,178.0,0,0.000286956016992,7.207813623e-05,0.000256740800846,0.8370522442606684,0,0,0,0,0,0,0,1,0,1,0,1,0,1,0,0,0,0,1,0,0,0,0,1,0,0,0,0,0,0,1,0,0,0,0,0,0,0,0,0,0,0,0,0,0,1,0,0,0,0,0,0,0,1,0,0,0,0
18871,83.5,2,1543449600,79.57490376162725,14.0,0,5.7299742035e-05,2.0495687717e-05,5.2124512028e-05,0.7060979964010506,0,0,0,0,0,0,0,0,0,1,0,1,0,0,0,0,0,0,1,0,0,0,0,0,0,0,0,0,0,0,0,0,1,0,0,1,0,0,0,0,0,0,0,0,0,1,1,1,0,0,0,0,0,1,0,0,0,0
36952,86.54545454545455,22,1508976000,81.44079901953083,618.0,0,0.000289499284736,0.000412512489866,0.000306796879857,-0.401021269370059,0,0,1,0,0,0,0,0,0,0,0,0,0,0,0,0,0,1,0,0,0,0,0,1,1,1,0,0,0,1,0,0,0,0,0,0,0,0,0,0,0,0,0,0,0,1,0,0,0,0,0,1,0,0,0,0,0,0
54996,74.15384615384616,13,1528675200,68.50428275688776,110.0,0,0.000377727408953,0.000337100126926,0.000372014572883,0.10922915791742858,0,0,0,0,0,0,0,0,0,1,0,1,0,0,0,0,0,0,0,0,0,0,0,1,0,1,0,0,0,0,0,0,0,0,0,0,0,0,0,0,0,0,0,0,0,1,0,0,0,0,0,0,0,1,0,0,0,0
22917,81.25,12,1544659200,80.94878420171463,538.0,0,0.000645075393247,0.000149255678016,0.000575355328007,0.8620105066769953,0,0,0,0,1,1,0,0,0,0,0,0,0,0,0,0,0,1,1,0,0,0,0,1,1,0,0,0,0,0,0,0,0,1,0,0,0,0,0,0,0,0,0,0,0,1,0,0,0,0,0,0,0,0,1,0,0,0
252869,79.0,1,1701129600,79.90878824581335,7.0,0,3.1658468506e-05,2.8929319983e-05,3.1274707217e-05,0.0872651238747505,0,0,0,0,0,0,0,1,0,0,0,1,0,1,0,0,0,0,0,0,0,0,0,0,0,0,0,0,1,1,0,0,0,0,0,0,0,0,0,0,0,0,0,0,0,1,0,0,0,0,0,0,0,1,0,0,0,0
152249,81.1,10,1635206400,81.57869982541028,368.0,0,0.000295701007026,0.000112824347936,0.000269985666931,0.6774483515986846,0,0,1,0,0,0,0,0,1,0,0,0,0,0,0,0,0,1,0,0,0,0,0,1,0,1,0,0,0,0,0,1,0,0,0,0,0,0,0,0,0,0,0,0,0,1,0,0,0,0,0,1,1,0,0,0,0,0
83504,89.0,3,1623715200,79.95985516093688,37.0,0,0.000133076284113,4.4325602144e-05,0.000120596539667,0.7359749593072331,0,0,0,0,0,0,0,0,1,0,0,1,1,1,0,0,0,1,1,0,0,0,0,0,1,0,0,0,0,0,0,0,0,0,0,0,0,0,0,0,0,0,0,0,0,1,1,1,0,0,0,0,1,0,0,0,0,0
83844,82.0,2,1548288000,69.4328462670005,7.0,0,6.0701462929e-05,0.000123268322777,6.9499349371e-05,-0.9002822985699905,0,0,0,0,0,0,0,1,0,0,0,1,0,0,0,0,0,0,0,0,0,0,0,0,0,1,0,0,0,0,0,0,0,0,0,0,0,0,0,0,0,0,0,0,0,1,1,1,0,0,0,0,0,1,0,0,0,0
7767,100.0,1,1445472000,76.9249432114729,135.0,0,0.000120857366846,2.9811909407e-05,0.000108054940808,0.8426303843704914,0,0,0,0,0,1,0,0,0,1,0,1,0,0,0,0,0,0,1,1,0,0,0,0,0,0,0,0,0,0,0,0,1,0,0,1,1,0,0,0,0,0,0,0,0,1,0,0,0,0,0,0,0,1,0,0,0,0
5973,72.0,9,1444867200,75.8525344718817,361.0,0,0.000457948652387,8.8258942322e-05,0.000405964453468,0.910830350466718,0,0,1,0,1,0,0,0,0,0,0,0,0,0,0,0,0,0,1,1,0,0,0,1,0,1,0,0,0,0,0,1,0,0,0,0,0,0,0,0,0,0,0,0,0,1,1,1,0,0,0,0,0,0,1,0,0,0
157756,80.0,1,1671062400,88.615590269124,18.0,0,5.4170800647e-05,1.735759199e-05,4.8994283396e-05,0.751396038808695,0,0,0,1,0,1,0,0,0,0,0,0,0,0,0,0,0,0,1,1,0,0,0,1,0,0,0,0,0,0,0,1,0,0,0,0,0,0,0,0,0,0,0,0,0,1,0,0,0,0,0,0,0,1,1,0,0,0
2066,76.70588235294117,17,1321315200,76.52376896026901,122.0,10,5.0536414881e-05,2.8586090763e-05,4.744985341e-05,0.4626114372586539,0,1,0,0,0,0,0,0,0,0,0,0,0,0,0,0,0,0,0,0,0,0,0,1,0,0,0,0,0,0,0,0,0,0,0,0,0,0,0,0,0,0,0,0,0,1,1,0,0,0,0,0,0,0,1,0,0,0
138950,88.11764705882354,17,1616716800,81.87274060720316,116.0,0,0.000742634181141,0.000985950451234,0.000776848282969,-0.31333115244092,0,0,0,0,0,0,0,0,1,0,0,0,0,0,1,0,0,1,0,0,0,0,0,1,1,0,0,0,1,0,0,0,0,0,0,0,0,0,0,0,0,0,0,0,0,1,1,1,0,0,0,0,1,0,0,0,0,0
10965,62.47058823529412,17,1446508800,59.76820628313814,236.0,0,0.000132410381202,0.000348083461971,0.000162737415,-1.3253905337803389,0,0,0,0,0,0,1,0,0,1,0,0,0,0,0,0,0,1,0,1,0,0,0,1,0,0,0,0,0,0,0,0,0,0,0,0,0,0,1,0,0,0,0,0,0,1,1,1,0,0,0,0,1,0,0,0,0,0
136539,80.0,2,1603152000,79.60909170806357,24.0,1,3.3214916273e-05,9.7526131266e-05,4.2258086537e-05,-1.5218998087280609,0,0,1,0,0,0,0,0,0,0,0,0,0,0,0,0,0,0,0,1,0,0,0,1,0,0,0,0,0,0,0,0,0,0,0,0,0,0,0,0,0,0,0,0,0,1,1,0,0,0,0,1,0,0,0,0,0,0
133866,100.0,1,1682467200,61.02501702846784,22.0,0,7.0826396343e-05,2.3045390495e-05,6.4107633973e-05,0.7453486337583081,0,0,0,0,0,0,0,0,1,0,0,1,0,0,0,0,0,1,1,0,0,0,0,0,1,1,0,0,0,0,0,0,0,0,0,1,0,0,1,0,0,0,0,0,0,1,1,1,0,0,0,0,1,0,1,0,0,0
10192,90.0,1,799200000,86.4889535761562,95.0,10,0.000193392646563,4.3099783501e-05,0.000172259101655,0.8725565494252544,0,0,1,0,0,0,0,0,0,0,0,0,0,0,0,0,0,0,0,0,0,0,0,1,0,1,1,0,0,0,0,0,0,0,0,0,0,0,0,0,0,0,0,0,0,1,1,1,0,0,0,1,0,0,0,0,0,0
3199,75.5625,16,1385078400,67.64024327742753,130.0,0,0.000117255072786,0.000218637013231,0.00013151097122,-0.7709516991400542,0,0,0,0,0,0,0,0,1,0,0,0,0,0,0,0,0,1,0,0,0,0,0,1,0,0,1,0,1,0,0,1,0,0,0,1,0,0,1,0,0,0,0,0,0,1,1,1,0,0,0,1,1,1,0,0,0,0
122133,85.0,1,1643068800,81.77149907402259,27.0,0,8.7425831553e-05,3.368549632e-05,7.9869093563e-05,0.6728820736894077,1,0,0,0,0,0,0,0,0,1,0,0,0,0,0,0,0,1,1,0,0,0,0,0,0,0,0,0,0,0,0,1,0,1,0,0,0,0,0,0,0,0,0,0,0,1,0,0,0,0,0,1,0,0,0,0,0,0
29271,85.0,1,1495670400,66.84920174332086,26.0,0,9.25605046e-05,1.7455657482e-05,8.199957957e-05,0.9159550177296365,0,0,0,0,0,0,0,0,1,0,0,0,0,0,0,0,0,1,1,0,1,0,0,0,0,0,0,0,0,0,0,1,0,0,0,0,0,0,0,0,0,0,0,0,0,1,0,0,0,0,0,0,0,0,0,1,0,0
5551,83.5,6,1389571200,76.78162401494292,109.0,0,5.5430400129e-05,3.804941069e-05,5.2986359119e-05,0.32803631352687224,0,1,0,0,0,0,0,0,0,0,1,0,0,0,0,0,0,0,1,1,0,0,0,1,0,0,0,0,0,0,0,0,0,0,0,0,0,0,0,0,0,0,0,0,0,1,1,0,0,0,0,0,0,0,1,0,0,0
134070,74.72727272727273,11,1600905600,79.01789402339675,453.0,8,0.000639314931922,0.00059363945261,0.000632892239763,0.07219227657645873,0,0,1,0,0,0,0,0,0,0,0,0,0,0,0,0,0,1,0,0,0,0,0,1,0,0,0,0,0,0,0,0,0,1,0,0,0,0,1,0,0,0,0,0,0,1,0,0,0,0,0,0,1,0,0,0,0,0
3227,84.0,4,1449273600,72.49197480455794,105.0,0,0.000138628149345,3.4322922014e-05,0.000123961190708,0.8414866903242709,0,0,1,0,0,0,0,0,0,0,0,0,0,0,0,0,0,1,1,1,0,0,0,1,0,1,0,0,0,0,0,0,0,0,0,0,0,0,0,0,0,0,0,0,0,1,1,1,0,0,0,0,0,1,0,0,0,0
4788,73.63636363636364,11,1391040000,70.8056200331836,94.0,0,7.6530697181e-05,3.0204171373e-05,7.0016457625e-05,0.6616751142541206,0,0,0,0,1,0,0,0,0,1,0,0,0,0,0,0,0,1,1,0,0,0,0,1,0,0,0,0,0,0,0,1,0,0,0,0,0,1,0,0,1,0,0,0,0,1,1,1,0,0,0,0,1,0,0,0,0,0
150045,80.0,1,1369008000,69.07306716884334,94.0,9,9.8345034705e-05,0.00014449950168,0.000104835080078,-0.44028092697606214,0,0,1,0,0,0,0,0,0,0,0,0,0,0,0,0,0,1,0,0,0,0,0,1,0,1,1,0,1,0,0,0,0,0,0,0,0,0,0,0,0,0,0,0,0,1,1,1,0,0,0,0,1,0,0,0,0,0
11037,76.0,1,1281657600,81.27712180156993,63.0,0,0.000144011533117,7.4873002737e-05,0.00013428956624,0.5148811966833015,0,0,0,0,0,0,0,1,0,1,0,1,0,0,0,0,0,0,0,0,0,0,0,0,0,0,0,0,0,1,0,0,0,0,0,1,0,0,0,1,0,0,0,0,0,1,1,0,0,0,0,0,0,0,0,0,0,0
654,95.0,1,1158019200,85.46183909675096,245.0,0,0.000128567399343,4.6384977465e-05,0.000117011255771,0.702387384674152,0,0,0,0,0,0,0,1,0,0,0,1,0,0,0,0,0,0,0,0,0,0,0,1,0,0,0,0,0,1,0,0,0,0,0,0,0,0,0,1,0,0,0,0,0,1,1,0,0,0,0,0,0,1,0,0,0,0
113175,72.5,2,1545177600,71.71441867316729,15.0,0,0.000134247631401,0.00013415359233,0.000134234408026,0.0007006056336919668,0,0,0,0,0,0,0,0,0,1,1,0,0,0,0,0,0,0,1,0,0,0,0,1,0,0,0,0,0,0,0,0,0,0,0,0,0,0,0,0,0,0,0,0,0,1,1,1,0,0,0,0,1,0,0,0,0,0
3839,56.66666666666666,6,1384473600,58.22682770126958,100.0,0,3.9986266354e-05,2.4908634833e-05,3.7866113764e-05,0.39819024151320587,0,0,0,0,1,1,0,0,0,0,0,0,0,0,0,0,0,0,1,0,0,0,0,0,1,0,0,0,0,0,0,0,0,0,0,0,0,0,0,0,0,0,0,0,0,1,0,0,0,0,0,0,1,0,0,0,0,0
87210,68.2,5,1542585600,79.97260847038127,31.0,0,0.000565199135658,0.000204564615205,0.000514488239093,0.701138055644827,0,0,0,0,0,0,0,0,0,1,0,1,0,0,0,0,0,0,0,0,0,0,0,0,0,0,0,0,0,0,0,0,1,0,0,0,0,0,0,0,0,0,0,0,0,1,1,1,0,0,0,1,1,0,0,0,0,0
24481,82.0,5,1478217600,85.12759889786267,41.0,0,5.2758765559e-05,0.000218931209706,7.6125229802e-05,-2.1829657454792692,0,0,0,0,0,0,0,0,0,1,1,0,0,0,0,0,0,0,0,0,0,0,0,0,0,0,0,0,0,0,0,0,0,0,0,0,0,0,0,0,0,0,0,0,0,1,1,0,0,0,0,0,0,1,0,1,0,0
18020,87.0,2,1603929600,79.73194728957397,86.0,0,6.7135850091e-05,7.1244579553e-05,6.77136022e-05,-0.06068010614367092,0,0,0,0,0,1,0,0,0,1,0,0,0,0,0,0,0,1,1,0,0,0,0,1,0,0,1,0,0,0,0,0,0,0,0,0,0,0,0,0,0,0,0,0,0,1,0,0,0,0,0,1,0,0,0,0,0,0
54555,89.33333333333333,3,1726617600,83.75403320025782,26.0,3,4.7993147137e-05,1.3091743111e-05,4.3085459744e-05,0.8100680856023703,0,0,1,0,1,1,0,0,1,0,0,1,0,0,0,0,0,1,1,1,0,0,0,1,0,0,0,0,0,0,0,0,0,0,0,0,0,0,0,0,0,0,0,0,0,1,1,1,0,0,0,0,0,1,1,0,0,0
3750,76.52173913043478,23,1459814400,75.19664260913089,367.0,0,0.000193488921682,0.000197258736091,0.000194019016994,-0.0194320132295844,0,0,1,0,0,0,0,0,0,0,0,0,0,0,0,0,0,1,0,0,0,0,0,1,0,1,0,0,0,0,0,0,0,0,0,0,0,0,0,0,0,0,0,0,0,1,0,0,0,0,0,0,1,0,0,0,0,0
9506,89.33333333333333,3,1334188800,77.42831067650543,30.0,0,5.5727248414e-05,8.0364670259e-05,5.919165817e-05,-0.4162436357496761,0,0,1,0,0,0,0,0,1,0,1,0,0,0,0,0,0,1,0,0,0,0,0,1,0,1,0,0,0,0,0,0,0,0,0,0,0,0,1,0,0,0,0,0,0,0,1,1,0,0,0,1,0,0,0,0,0,0
103286,82.14285714285714,7,1547164800,79.59263217592596,42.0,10,2.9444140754e-05,4.1334604654e-05,3.1116127352e-05,-0.38213781416699527,0,0,0,0,0,0,0,0,1,0,0,0,0,0,0,0,0,1,0,0,0,0,0,1,0,0,0,0,0,0,0,0,0,0,0,0,0,0,0,0,0,0,0,0,0,1,1,1,0,0,0,0,1,0,0,0,0,0
1059,78.63636363636364,11,1328572800,76.4768029243863,189.0,0,9.1188584146e-05,7.6147854126e-05,8.9073620488e-05,0.16886480861324232,0,0,0,0,0,0,0,0,1,0,0,0,0,0,1,0,0,0,0,0,0,0,0,1,1,0,0,0,0,0,0,0,0,0,0,0,0,0,0,0,0,0,0,0,0,1,0,0,0,0,0,0,1,0,0,0,0,0
127305,60.0,1,1602115200,69.93761140717255,9.0,0,5.671406839e-05,0.000105322337838,6.3549157059e-05,-0.7649167382942075,0,0,0,0,0,0,0,0,1,1,0,1,0,0,0,0,0,1,1,0,0,0,0,1,0,0,0,0,0,0,0,0,0,0,0,0,0,0,0,0,0,0,0,0,0,1,1,1,0,0,0,0,0,0,0,0,0,0
113111,72.36363636363636,11,1550188800,65.06605021088207,239.0,0,0.000195454538708,0.0003833870389,0.000221880809733,-0.8470915035640424,0,0,1,0,0,0,0,0,0,0,0,0,0,0,0,0,0,1,0,0,0,0,0,1,0,0,0,0,0,0,0,0,0,0,0,0,0,0,1,0,0,0,0,0,0,1,1,1,0,0,0,1,0,0,0,0,0,0
100357,75.0,1,1662422400,65.95700024512726,30.0,0,0.000255353708973,0.000348769920411,0.000268489500382,-0.34797916261136486,0,0,0,0,0,0,0,0,1,0,0,0,1,0,0,0,0,1,1,0,0,0,0,1,1,0,0,0,0,0,0,0,0,0,0,0,0,0,0,0,0,0,0,0,0,1,1,1,0,1,0,0,0,1,1,0,0,0
143882,80.0,2,1696464000,89.0005738224767,5.0,0,3.6897439599e-05,8.433632266e-06,3.2894979747e-05,0.8653075851555178,0,0,0,0,1,0,0,0,0,0,0,0,0,0,0,0,0,1,1,1,0,0,0,1,0,0,0,0,0,0,0,1,0,0,0,1,0,0,1,0,0,0,0,0,0,1,1,1,0,0,0,0,1,0,0,0,0,0
7658,64.8,10,1391472000,82.33005841286021,104.0,9,0.000100342743437,0.000102380373094,0.000100629266277,-0.020249896011961997,0,0,0,0,0,0,0,0,1,0,0,0,0,0,0,0,0,1,0,0,0,0,0,1,1,0,0,0,0,1,0,1,0,0,0,0,0,0,1,0,0,0,0,0,0,1,0,0,0,0,0,0,1,0,0,0,0,0
134583,67.33333333333333,6,1674518400,58.86418164383677,39.0,0,4.0475664879e-05,0.000150089234694,5.5889060119e-05,-1.9613253945005946,0,0,0,0,0,0,0,0,1,0,0,0,0,0,0,0,0,1,0,0,0,0,0,1,1,0,0,0,0,0,0,0,0,0,0,0,0,0,1,0,0,0,0,0,0,1,0,0,0,0,0,0,1,0,0,0,0,0
14763,72.125,8,1506384000,80.27663903534989,68.0,0,3.7162196178e-05,2.9959007644e-05,3.614931436e-05,0.19926570824119377,0,0,0,0,1,1,0,0,0,0,0,0,0,0,0,0,0,1,1,0,0,0,0,1,1,0,0,0,0,0,0,0,0,0,0,0,0,0,1,0,0,0,0,0,0,1,0,0,0,0,0,0,0,1,0,0,0,0
13180,74.0,2,1259020800,75.68858016562858,95.0,9,6.1391434619e-05,2.6428649951e-05,5.6475116141e-05,0.6191004872849988,0,0,1,0,0,0,0,0,0,0,0,0,0,0,0,0,0,0,1,0,0,0,0,1,0,0,0,0,0,0,0,0,0,0,0,0,0,0,0,0,0,0,0,0,0,1,1,1,0,0,0,1,0,0,0,0,0,0
132907,80.0,1,1596672000,82.62522467940968,54.0,0,0.000183781180453,2.5644126019e-05,0.000161544618627,0.9789854253849203,1,0,0,0,0,1,0,0,0,0,0,0,0,0,0,0,0,1,1,0,0,0,0,0,0,0,0,0,0,0,0,1,0,0,0,0,0,0,0,0,0,0,0,0,0,1,0,0,0,0,0,0,0,0,0,0,0,0
2002,68.33333333333333,3,1392681600,72.03283859562953,192.0,0,0.000306259178479,0.000199710373377,0.000291276737453,0.3658524977819437,0,0,0,0,0,0,0,1,0,1,0,1,0,0,0,0,0,0,1,0,0,0,0,0,0,0,0,0,1,1,0,0,0,0,0,0,0,0,0,0,0,0,0,0,0,1,0,0,0,0,0,0,0,1,0,0,0,0
733,94.0,4,1035676800,87.38438292366959,3044.0,0,0.000217758274756,0.000104635879398,0.000201851483352,0.5604804584879512,0,0,1,0,0,0,1,0,0,0,0,0,0,0,0,0,0,1,0,1,0,0,0,1,0,0,0,0,0,0,0,1,0,0,0,1,0,0,1,0,0,0,0,0,0,1,0,0,0,0,0,0,1,0,0,0,0,0
7292,84.38888888888889,18,1428883200,79.22188527555656,471.0,0,0.000385718243882,0.000400842696381,0.00038784498024,-0.039003689751447794,0,1,0,0,0,0,0,0,0,0,0,0,0,0,0,0,0,0,0,0,0,0,0,1,0,0,0,0,0,0,0,0,0,0,0,0,0,0,0,0,0,0,0,0,0,1,1,0,0,0,0,0,0,0,1,0,0,0
27353,74.0,3,1507852800,76.83588727844587,25.0,0,0.000138957089337,5.207277597e-05,0.000126739785728,0.6855765030786158,0,0,0,0,0,0,0,1,1,1,0,1,0,0,0,0,0,1,0,0,0,0,0,1,1,0,1,0,0,1,0,1,0,0,0,0,0,0,0,0,0,0,0,0,0,1,1,1,0,0,0,0,1,1,0,0,0,0
86737,80.0,2,1539216000,69.99265170382303,12.0,0,0.000164165124827,6.20754561e-05,0.000149809708644,0.681513344308439,0,0,0,0,0,0,0,0,0,1,0,1,0,0,0,0,0,0,1,0,0,0,0,0,0,0,0,0,0,0,0,0,0,0,0,0,0,1,0,0,0,0,0,0,0,1,1,1,0,0,0,0,1,0,0,0,0,0
11423,60.57142857142857,14,1469577600,69.7446550866668,113.0,0,7.076221293e-05,8.9827990186e-05,7.3443161657e-05,-0.2596086135555646,0,0,0,0,0,0,0,0,0,1,0,1,0,0,0,0,0,1,1,0,0,0,0,1,0,0,0,0,0,0,0,0,0,1,0,0,0,0,0,0,0,0,0,0,0,1,0,0,0,0,0,0,0,1,0,1,0,0
156151,66.8,5,1633392000,69.66944124362011,27.0,0,3.1626376799e-05,7.9187884362e-05,3.8314274251e-05,-1.2413759526780732,0,1,0,0,0,0,0,0,0,0,0,0,0,0,0,0,0,0,0,1,0,0,0,1,0,0,0,0,0,0,0,1,0,0,0,0,0,1,0,0,1,0,0,0,0,1,1,0,0,0,0,0,0,0,1,0,0,0
138980,82.4,5,1622764800,65.5335946513904,18.0,0,8.5091159902e-05,9.6839672826e-05,8.6743185956e-05,-0.13544605652729774,0,0,1,0,0,0,0,0,0,0,0,0,0,1,0,0,0,0,0,0,0,0,0,1,0,0,0,0,0,0,1,0,0,0,0,0,0,0,0,1,0,0,0,0,0,1,0,0,0,0,0,1,0,0,0,0,0,0
11507,74.33333333333333,6,1472083200,66.78716973285611,15.0,8,4.8747302241e-05,9.0318317643e-05,5.4592842095e-05,-0.7614945208251532,0,0,0,0,0,0,0,0,0,0,0,1,0,0,0,0,0,0,0,0,0,0,0,0,0,1,0,0,0,0,0,0,0,0,0,0,0,0,0,0,0,1,0,0,0,1,1,0,0,0,0,0,0,1,0,0,0,0
5652,79.6,5,1396224000,62.8898017901636,50.0,0,8.0975398538e-05,0.000121846373151,8.6722501626e-05,-0.47130497895730866,0,0,0,0,0,0,0,0,1,0,0,1,1,1,0,0,0,0,0,0,0,0,0,0,1,0,0,0,0,0,0,0,0,0,0,0,0,0,0,0,0,1,0,0,0,1,1,1,0,0,0,0,1,1,0,0,0,0
5922,79.5,2,1152576000,60.38460551672688,26.0,0,4.0981109257e-05,4.1285571909e-05,4.1023921504e-05,-0.007421740436334962,0,0,1,0,0,0,0,0,1,0,0,0,0,0,0,0,0,0,1,0,0,0,0,1,0,0,0,0,0,0,0,0,0,0,0,0,0,0,0,0,0,0,0,0,0,1,1,0,0,0,0,1,0,0,0,0,0,0
135243,90.26666666666667,15,1616630400,88.41068966390313,1026.0,0,0.001669105703222,0.000507047623643,0.001505702025166,0.7723524956222657,0,0,0,0,1,1,0,0,0,0,0,0,0,0,0,0,0,1,0,0,0,0,0,1,0,0,0,0,0,0,0,0,0,0,0,0,0,0,0,0,0,0,0,0,0,0,1,1,1,0,0,0,1,0,0,0,0,0
2599,80.0,1,1355097600,75.1025645340259,332.0,0,0.000273790394383,8.1247259682e-05,0.00024671579549,0.7805211055025202,0,0,0,0,0,0,0,0,0,1,0,1,0,0,0,0,0,0,1,0,0,0,0,0,0,0,0,0,0,0,0,0,1,0,0,0,0,0,0,0,0,0,0,0,0,1,0,0,0,0,0,0,0,1,0,0,0,0
75848,84.0909090909091,11,1521590400,80.05790726346034,26.0,0,4.6204034497e-05,4.1873964857e-05,4.5595158471e-05,0.0949699156569376,0,0,0,0,0,0,0,0,1,1,0,1,1,1,0,0,0,0,0,0,0,0,0,1,1,0,0,0,0,1,0,0,0,0,0,0,0,0,0,1,0,0,0,0,0,1,0,0,0,0,0,0,1,1,0,0,0,0
10233,75.0,1,1508198400,65.70723650295665,275.0,0,0.002525689511375,0.003513049133655,0.002664527833383,-0.37105052914213676,0,1,0,0,1,0,0,0,0,0,0,0,0,0,0,0,0,0,1,1,0,0,0,1,1,0,0,0,0,1,0,0,0,0,0,0,0,0,0,0,0,0,0,0,0,1,1,1,0,0,0,0,0,0,1,0,0,0
2539,59.14285714285715,5,1274918400,74.50686018828895,148.0,0,3.1995431425e-05,4.5257224313e-05,3.3860248488e-05,-0.3916692287486985,0,0,1,0,0,0,0,0,1,0,0,0,0,0,0,0,0,0,0,0,0,0,0,1,0,0,0,1,0,0,1,0,0,0,0,0,0,0,0,0,0,0,0,0,0,1,0,0,0,0,0,0,1,0,0,0,0,0
228539,78.33333333333333,6,1707782400,75.2915109168744,71.0,0,4.2425236052e-05,4.1187506417e-05,4.225119176e-05,0.029295168515548538,0,0,0,0,0,0,0,0,1,0,0,0,0,0,0,0,0,1,0,0,0,0,0,1,1,0,0,0,0,0,0,0,0,0,0,0,0,0,0,0,0,0,0,0,0,1,0,0,0,0,0,0,1,0,0,0,0,0
12517,96.38461538461539,13,1442275200,85.97012864743806,1845.0,0,0.002118710511907,0.000433939799752,0.001881805200646,0.896137081570823,0,0,0,0,0,1,0,0,1,0,0,0,1,0,0,0,0,1,1,0,0,0,0,0,1,0,1,0,0,0,0,1,0,1,0,0,0,0,0,0,0,0,0,0,0,1,0,0,0,0,0,0,0,1,0,0,0,0
3347,39.0,1,1384473600,67.16799896316287,9.0,0,2.540058573e-05,0.000201132323004,5.0111237225e-05,-3.5069208033231574,0,0,1,0,0,0,0,1,0,1,0,1,0,0,0,0,0,0,0,0,0,0,0,1,1,1,1,0,0,0,0,0,0,0,0,1,0,0,0,0,0,1,0,0,0,1,0,0,0,0,0,1,0,0,0,0,0,0
545,81.41666666666667,13,1289260800,79.34393959972375,1300.0,0,0.000415868402181,0.000285272514685,0.000397504562429,0.3286046359042977,0,0,1,0,0,0,0,0,0,0,0,0,0,0,0,0,0,0,0,0,0,0,0,1,0,0,1,0,1,1,1,0,0,0,0,0,0,0,0,1,0,0,0,0,0,1,1,1,1,0,0,1,0,0,0,0,0,0
219126,92.0,1,1753142400,71.20724465259696,40.0,0,0.000241947398564,5.4769576986e-05,0.000215627247245,0.8681555951940915,0,0,1,0,0,0,0,0,1,1,0,0,0,0,0,0,0,1,1,0,0,0,0,1,0,1,0,0,1,0,0,0,0,0,0,1,0,0,0,0,0,0,0,0,0,1,1,1,0,0,0,1,0,0,0,0,0,0
2358,72.0,4,1350345600,69.67722334418833,143.0,0,0.000433366405174,0.000560346218256,0.00045122176788,-0.28147679920818763,0,1,0,0,0,0,0,0,0,0,0,0,0,0,1,0,0,0,1,0,0,0,0,1,0,0,0,0,0,1,0,0,0,0,0,0,0,0,0,1,0,0,0,0,0,0,1,1,0,0,0,1,1,0,0,0,0,0
25901,73.44444444444444,9,1560988800,74.98524925651817,188.0,0,0.000211355979301,5.8005738204e-05,0.000189792518863,0.8080655334559844,0,0,1,0,1,0,0,0,0,0,0,0,0,0,0,0,0,1,1,1,0,0,0,1,0,0,0,0,0,0,0,0,0,0,0,0,0,0,0,0,0,0,0,0,0,1,0,0,0,0,0,0,0,0,1,0,0,0
102163,70.0,1,1551398400,71.52776333166986,40.0,0,0.000119100345912,0.000110421743395,0.000117879997638,0.07362668983440221,0,0,0,0,0,0,0,0,0,1,0,1,0,0,0,0,0,0,1,0,0,0,0,0,0,0,0,0,0,1,0,0,0,0,0,0,0,0,0,0,0,0,0,0,0,1,0,0,0,0,0,0,0,1,0,0,0,0
114684,65.0,1,1558483200,71.53285840742947,67.0,0,0.000821034220229,0.000461103940889,0.000770422351062,0.46736560824521334,0,0,1,0,0,0,0,0,0,0,0,0,0,0,0,0,0,0,0,0,0,0,0,1,0,0,0,0,0,0,0,0,0,0,0,0,0,0,0,0,0,0,0,0,0,1,1,0,0,0,0,1,0,0,0,0,0,0
17112,80.0,1,1494201600,65.12177165125885,19.0,0,0.000192959408524,0.000339502731467,0.000213565709004,-0.6862476723623079,0,0,0,0,0,0,0,0,1,1,0,0,0,0,0,0,0,1,1,0,0,0,0,1,0,1,0,0,0,0,0,0,0,0,0,1,0,0,1,0,0,0,0,0,0,1,1,1,0,1,0,1,0,0,0,0,0,0
1014,60.4,5,1323216000,62.20699991769961,40.0,12,0.000190087200788,0.000666796309246,0.000257120013566,-1.8542718046173203,0,0,1,0,0,0,0,0,0,0,0,0,0,0,0,0,0,1,0,0,0,0,0,1,0,0,0,0,0,0,0,0,0,0,0,0,0,0,1,0,0,0,0,0,0,0,1,1,0,1,0,0,1,0,0,0,0,0
3149,80.66666666666667,7,1277424000,75.45838459298017,220.0,0,6.3076249213e-05,5.6583788578e-05,6.2163306937e-05,0.10444525475295269,0,0,0,0,1,1,0,0,0,0,0,0,0,0,0,0,0,1,0,0,0,0,0,1,1,0,0,0,0,0,0,1,0,0,0,0,0,0,0,0,1,0,0,0,0,1,1,1,1,0,0,0,1,0,0,0,0,0
942,86.75,4,1223856000,79.81110098631216,325.0,0,4.6597157902e-05,1.701436277e-05,4.2437350732e-05,0.6971081447122298,0,0,0,0,0,1,0,0,0,1,0,1,0,0,0,0,0,0,1,0,0,0,0,0,0,0,0,0,0,0,0,1,0,0,0,1,0,0,0,0,0,0,0,0,0,1,0,1,0,0,0,0,0,0,1,0,0,0
264412,69.5,2,1698710400,73.32031574574158,11.0,0,4.9220654912e-05,0.000180146307829,6.7630864879e-05,-1.935951586733644,0,0,0,0,0,0,1,0,0,1,1,0,0,0,0,0,0,0,0,0,0,0,0,0,0,0,0,0,0,0,0,0,0,0,0,0,0,1,0,0,0,0,0,0,0,1,1,0,0,0,0,1,1,0,0,0,0,0
138949,78.2,9,1605139200,85.7578857558847,261.0,9,0.000864759170396,0.000225844826854,0.000774917745486,0.8248125279575899,0,0,0,0,0,0,0,0,0,0,0,0,0,0,1,0,0,1,0,0,0,0,0,1,0,0,0,0,0,0,1,0,0,1,0,0,0,0,1,0,0,0,0,0,0,1,0,0,0,0,0,0,1,0,0,0,0,0
2638,64.0,5,1369180800,67.47425608664503,67.0,0,6.6638428639e-05,8.4287289918e-05,6.9120136651e-05,-0.2553448542346014,0,0,0,0,0,0,0,0,1,0,0,1,0,0,1,0,0,1,1,0,0,0,0,1,1,0,1,0,0,0,0,0,0,0,0,0,0,0,0,0,0,0,0,0,0,1,1,1,0,0,0,0,0,1,0,0,0,0
7605,78.66666666666667,3,1254441600,78.68643260067749,271.0,0,0.000237310146968,6.7567123622e-05,0.000213441603023,0.795351681250531,0,0,1,0,0,0,0,0,1,0,0,0,0,0,0,0,0,0,0,0,0,0,0,1,0,1,1,0,1,0,1,0,0,0,0,1,0,0,1,0,0,0,0,0,0,1,1,0,0,0,0,1,0,0,0,0,0,0
1051,72.5,6,1226361600,77.1659083947277,956.0,0,0.000264620189238,0.000228933889835,0.000259602133186,0.13748319740023632,0,0,0,0,1,1,0,0,0,0,0,0,0,0,0,0,0,1,0,0,0,0,0,1,0,1,0,0,0,0,0,0,0,0,0,0,0,0,0,0,0,0,0,0,0,1,0,0,0,0,0,1,0,0,0,0,0,0
8682,82.25,12,1422230400,79.4668576058447,222.0,9,5.9634413686e-05,3.770618147e-05,5.6550958685e-05,0.38777153829665995,1,0,0,0,0,1,0,0,0,0,0,0,0,0,0,0,0,1,0,0,0,0,0,0,0,0,0,0,0,0,0,1,0,1,0,0,0,0,0,0,0,0,0,0,0,1,0,0,0,0,0,0,0,1,0,0,0,0
14389,60.875,8,1495670400,66.47806804227143,96.0,0,0.000497975033374,0.000757261725127,0.000534434828154,-0.4852901754144673,0,0,0,0,0,0,0,0,0,0,0,0,0,0,0,0,0,0,1,0,0,0,0,1,0,0,1,0,1,0,1,0,0,0,0,0,0,0,0,0,0,0,0,0,0,1,1,1,0,0,0,0,1,0,0,0,0,0
2950,50.0,1,1365465600,84.5545669079477,218.0,9,0.00077888978661,0.000209271758796,0.000698792515684,0.8154309244317388,0,0,0,0,0,0,0,1,0,0,0,1,0,0,0,0,0,0,0,0,0,0,0,0,0,0,0,0,0,1,0,0,0,0,0,0,0,0,0,1,0,0,0,0,0,1,1,1,0,0,0,0,0,1,0,0,0,0
20149,70.0,1,1568851200,62.10765960315357,17.0,0,4.3500308221e-05,1.9269869074e-05,4.0093126646e-05,0.6043660574225744,0,0,0,0,1,0,1,0,0,0,0,0,0,0,0,0,0,1,1,0,0,0,0,1,1,0,0,0,0,0,0,0,0,0,0,0,0,0,0,0,0,0,0,0,0,1,1,0,0,0,0,1,0,0,0,0,0,0
1876,82.0,5,1220486400,72.62553963514448,400.0,0,0.000490393367703,0.000244967597691,0.000455882636945,0.5384756701441109,0,0,0,0,0,0,0,1,1,1,0,1,0,0,0,0,0,1,0,0,0,0,0,1,0,1,0,0,0,0,0,1,0,0,0,0,0,0,1,0,0,1,0,0,0,1,0,0,0,0,0,0,1,1,0,0,0,0
1377,76.66666666666667,9,1340668800,82.08978674987168,894.0,0,0.000411311379852,0.000178577259966,0.0003785852951,0.6148632157068187,0,0,1,0,0,0,0,0,0,0,0,0,0,0,0,0,0,1,0,0,0,0,0,1,0,0,0,0,0,0,1,0,0,0,0,0,0,0,0,1,0,0,0,0,0,1,1,0,0,0,0,0,1,0,0,0,0,0
7965,66.0,8,1433808000,60.56938165161624,68.0,0,3.5982825963e-05,0.000109735284954,4.6353583911e-05,-1.5911211626009893,0,0,0,0,0,0,0,0,0,0,0,0,0,0,0,0,0,1,1,0,0,0,0,0,0,0,1,0,1,0,0,0,0,0,0,0,0,0,1,0,0,0,0,1,0,1,0,0,0,0,0,1,0,0,0,0,0,0
6247,85.42857142857143,7,1246579200,76.07182002017981,302.0,0,0.000117904929844,3.1822251982e-05,0.000105800348819,0.8136762546752417,0,0,0,0,1,1,0,0,0,0,0,0,0,0,0,0,0,1,1,0,0,0,0,1,1,0,0,0,0,0,0,0,0,0,0,0,0,0,0,0,0,0,0,0,0,1,1,1,0,0,0,0,0,0,1,0,0,0
112870,75.66666666666667,3,1599091200,69.06422221296702,45.0,0,9.7229847903e-05,9.2524791201e-05,9.6568242787e-05,0.048724961147436005,0,0,1,0,0,0,0,0,1,0,0,0,0,0,0,0,0,1,0,0,0,0,0,1,0,0,0,0,0,0,0,0,0,0,0,0,0,0,0,0,0,0,0,0,0,0,1,0,0,0,1,0,1,0,0,0,0,0
9499,50.0,6,1414627200,71.21491721651421,16.0,0,0.000114270544078,5.8496065662e-05,0.000106427773501,0.5240873176738104,0,0,0,0,0,0,0,0,0,1,0,1,0,0,0,0,0,0,0,0,0,0,0,0,0,0,0,0,0,0,0,0,0,0,0,1,1,1,1,0,0,0,0,0,0,1,1,1,0,0,0,1,1,0,0,0,0,0
178361,74.4,5,1668729600,68.97036522989599,85.0,0,2.0699150721e-05,0.000101056488959,3.1998658773e-05,-2.511312254202106,0,0,0,0,0,0,0,0,0,0,0,0,0,0,0,0,0,1,0,0,0,0,0,0,0,0,1,1,1,0,0,0,0,0,0,0,0,0,0,0,0,0,0,0,0,1,1,1,0,0,0,0,1,0,0,0,0,0
27792,65.0,2,1548720000,74.04251674119975,78.0,0,0.000387956640414,0.000161759028179,0.000356149691642,0.6352325869112501,0,0,0,0,0,0,0,0,0,1,0,1,0,0,0,0,0,0,1,0,0,0,0,0,0,0,0,0,0,0,0,0,0,0,0,0,1,0,0,0,0,0,0,0,0,1,0,0,0,0,0,1,0,0,0,0,0,0
13226,84.33333333333333,5,1437004800,85.44541708314253,115.0,0,0.000123119832157,1.966213104e-05,0.000108572049062,0.9529461607894553,0,0,0,0,0,1,0,0,0,1,0,0,0,0,0,0,0,0,1,0,0,0,0,0,0,0,0,1,0,0,0,0,0,0,0,0,0,0,0,0,1,0,0,0,0,0,1,1,0,0,0,1,0,0,0,0,0,1
37030,81.9090909090909,11,1505347200,79.63677013451269,215.0,4,8.659947011e-05,7.3990413314e-05,8.4826438027e-05,0.14865166889494338,0,0,0,0,0,1,0,0,1,0,0,0,0,0,0,0,0,1,0,0,0,0,0,1,1,0,0,0,0,0,1,0,0,0,0,0,0,0,0,0,0,0,0,0,0,1,0,0,0,0,0,1,0,0,0,0,0,0
19012,70.0,1,1467763200,69.55268326578222,12.0,0,5.6826389363e-05,0.000178626292712,7.3953375134e-05,-1.647043246231274,0,0,0,0,0,0,0,0,1,0,0,0,0,0,0,0,0,1,0,0,0,0,0,1,1,0,0,0,0,0,0,0,0,0,0,0,0,0,1,0,0,0,0,0,0,1,1,0,0,1,0,0,1,0,0,0,0,0
7886,87.88888888888889,9,1429747200,77.09870509233559,165.0,0,0.000192975454377,5.2121808716e-05,0.000173169212183,0.8134577693730309,0,0,0,1,0,0,0,0,1,0,0,0,0,0,0,0,0,1,1,0,0,0,0,1,1,0,0,0,0,0,0,0,0,0,0,0,0,0,0,0,0,0,0,0,0,1,1,1,0,0,0,0,0,1,0,0,0,0
296,84.66666666666667,3,1194912000,80.71053012607103,780.0,0,8.476221991e-05,0.000129887743451,9.1107579622e-05,-0.4953218967690017,0,0,1,0,0,0,0,0,0,0,0,0,0,0,0,0,0,1,0,0,0,0,0,1,0,1,0,0,0,0,1,0,0,0,0,0,0,0,1,0,0,0,0,0,0,1,1,0,0,0,0,1,0,0,0,0,0,0
122080,88.5,2,1574121600,77.2321034417711,68.0,0,0.000227377763793,0.000166760368244,0.000218854002751,0.27700671554944145,0,0,0,0,0,0,0,0,0,1,1,0,0,0,0,0,0,0,0,0,0,0,0,0,0,0,0,0,0,0,0,0,0,0,0,0,0,0,0,0,0,0,0,0,0,1,1,0,0,0,0,0,0,0,0,0,0,0
467,84.0,3,1160352000,78.14381976804256,90.0,4,6.9462498815e-05,1.5592413144e-05,6.1887515868e-05,0.8704785099405309,0,0,0,0,0,0,0,1,0,0,0,1,0,0,0,0,0,0,0,0,0,0,0,0,0,1,0,0,0,0,0,0,0,0,0,0,0,0,0,0,0,0,0,0,0,1,1,0,0,0,0,0,0,1,0,0,0,0
19853,82.14285714285714,7,1471910400,73.95979094702633,16.0,0,3.1281390954e-05,4.0893309943e-05,3.2632978231e-05,-0.2945509831458628,0,0,0,0,0,0,0,0,0,0,0,1,1,0,0,0,0,0,1,0,0,1,0,0,0,0,0,0,0,0,0,0,0,0,0,0,0,0,0,0,0,0,0,0,0,1,1,0,0,0,0,0,0,1,0,0,0,0
2943,72.2,10,1352764800,72.7389644624052,129.0,0,8.8557064209e-05,3.5156478692e-05,8.1048100382e-05,0.6589019266839928,0,0,0,0,1,1,0,0,0,0,0,1,0,0,0,0,0,1,0,0,0,0,0,0,0,0,0,0,0,0,0,0,0,0,0,0,0,1,0,0,0,0,0,0,0,1,0,0,0,0,0,0,0,0,1,0,0,0
6707,87.82142857142857,11,1416873600,85.35854054042872,563.0,0,0.000141347921474,4.8444352786e-05,0.000128284215714,0.7242475395293978,1,0,0,0,0,1,0,0,0,0,0,0,0,0,0,0,0,1,0,0,0,0,0,1,0,1,0,0,0,0,0,1,0,0,0,0,0,0,0,0,0,0,0,0,0,1,0,0,0,0,0,0,1,0,0,0,0,0
106987,66.11111111111111,9,1592006400,49.68471253763401,57.0,0,4.1919791673e-05,0.000294441638137,7.7428342603e-05,-3.261488158240429,0,0,0,0,0,0,0,0,1,0,0,0,0,0,0,0,0,1,1,0,0,0,0,1,1,0,0,0,0,0,0,0,0,0,0,0,0,0,0,0,0,0,0,0,0,1,1,1,0,1,0,0,0,1,0,0,0,0
17804,48.75,4,1425513600,60.0,4.0,0,6.1688282905e-05,7.5902690397e-05,6.3687052593e-05,-0.22319858660905895,0,0,1,0,0,0,0,0,0,0,0,0,0,0,0,0,0,1,1,0,0,0,0,1,0,1,0,0,0,0,0,0,0,0,0,0,0,0,0,0,0,0,0,0,0,1,1,1,0,0,0,1,0,0,0,0,0,0
5523,75.0,4,1368662400,63.26970025788054,40.0,0,3.6712912287e-05,6.1928357863e-05,4.0258601287e-05,-0.6263494591408418,0,0,0,0,0,1,0,0,0,1,0,1,0,0,0,0,0,0,1,0,0,0,0,0,1,0,0,0,0,0,0,0,0,0,0,0,0,0,0,0,0,0,0,0,0,1,0,0,0,0,0,0,0,0,1,0,0,0
198200,83.4,5,1656633600,71.08011330692167,32.0,0,0.000141957663899,0.000394517472182,0.000177471552858,-1.4232265095068568,0,0,0,0,0,0,1,0,0,1,1,0,0,0,0,0,0,0,0,0,0,0,0,0,0,0,0,0,0,0,0,0,0,0,0,0,0,0,0,0,0,0,0,0,0,1,1,1,1,0,0,1,1,0,0,0,0,1
2369,76.5,4,1161734400,78.42190870275344,240.0,0,0.000116990316207,6.403676593e-05,0.00010954421258,0.4834253618178123,0,1,0,0,0,0,0,0,1,0,0,0,0,0,0,0,0,0,0,0,0,0,0,1,1,0,0,0,0,0,1,0,0,0,0,0,0,0,0,0,0,0,0,0,0,1,1,0,0,0,0,1,0,0,0,0,0,0
1268,74.0,12,1361232000,74.22121837062632,399.0,0,3.7836122016e-05,4.0648146214e-05,3.8231536931e-05,-0.07355388188385409,0,0,1,0,0,0,0,0,0,0,0,0,0,0,0,0,0,1,0,0,0,0,0,1,0,1,0,0,0,0,1,0,0,0,0,0,0,0,0,0,0,0,0,0,0,1,1,0,0,0,0,1,0,0,0,0,0,0
116781,70.5,2,1664409600,79.84063745019921,5.0,0,7.5206914287e-05,9.7918393232e-05,7.8400506121e-05,-0.28969671693236143,0,0,1,0,0,0,0,0,0,0,0,0,0,0,0,0,0,0,1,0,0,0,0,1,0,0,0,0,0,0,0,1,0,0,0,0,0,0,0,0,0,0,0,0,0,1,0,0,0,0,0,0,1,0,0,0,0,0
11560,68.0,4,1508889600,62.70917894208647,72.0,0,5.072896512e-05,5.1680514004e-05,5.0862767888e-05,-0.01870863742797574,0,0,0,0,0,1,0,0,0,0,0,0,0,0,0,0,0,1,1,0,0,0,0,1,1,0,0,0,0,0,0,0,0,0,0,0,0,0,1,0,0,0,0,0,0,1,0,0,0,0,0,0,1,0,0,0,0,0
25260,89.5,4,1544400000,83.43824953378174,102.0,0,0.000183163415102,3.1331924524e-05,0.000161813514919,0.9383874673035045,0,0,1,0,0,0,0,0,0,0,0,0,0,0,0,0,0,0,1,0,0,0,0,1,0,0,1,0,0,0,0,0,0,0,0,0,0,0,0,0,0,0,0,0,0,1,1,0,0,0,0,1,0,0,0,0,0,0
121295,95.0,1,1627862400,79.41441502652437,24.0,0,3.9601165876e-05,4.1775899366e-05,3.9906967675e-05,-0.05449616971482751,0,0,0,0,1,0,0,0,1,0,0,0,0,0,0,0,0,1,1,0,0,0,0,1,1,0,0,0,0,0,0,0,0,0,0,0,0,0,0,0,0,0,0,0,0,1,0,0,0,0,0,0,0,0,1,0,0,0
89594,85.0,1,1607299200,81.07832796957265,40.0,0,8.3983996026e-05,4.7610796108e-05,7.8869350938e-05,0.461201136206575,0,0,0,0,1,0,0,0,1,0,0,1,1,0,0,0,0,1,1,0,0,0,0,1,1,0,0,0,0,0,0,0,0,0,0,0,0,0,0,0,0,0,0,0,0,1,1,0,0,0,0,0,0,0,1,0,0,0
11719,72.14285714285714,7,1445299200,72.98250861069118,32.0,0,5.5109483063e-05,5.839800017e-05,5.557190039e-05,-0.059177542204729795,0,0,0,0,0,0,0,0,1,1,0,1,0,0,0,0,0,1,1,0,0,0,0,1,0,1,0,0,0,0,0,0,0,0,0,1,0,0,1,0,0,0,0,0,0,1,0,0,0,0,0,0,1,0,0,0,0,0
1906,73.8,12,1376524800,73.99379822029265,535.0,0,0.000110604066605,0.00020118135575,0.000123340660803,-0.7344121101005449,0,0,0,0,0,1,0,0,0,0,0,0,0,0,0,0,0,1,1,0,0,0,0,1,0,0,0,0,0,0,0,0,0,1,0,0,0,0,0,0,0,0,0,1,0,1,0,0,0,0,0,1,0,0,0,0,0,0
119305,82.22222222222223,9,1649116800,80.47720109359439,132.0,0,0.000327856896983,0.000204613647951,0.000310526954064,0.39694584191162785,0,0,0,0,0,1,0,0,0,0,0,0,0,0,0,0,0,1,0,0,0,0,0,1,0,1,0,0,0,0,0,1,0,0,0,0,0,0,0,0,0,0,0,0,0,1,1,1,1,0,0,1,1,0,0,0,0,0
16678,60.0,1,1230681600,69.71070099374592,12.0,0,8.2941015564e-05,4.5355289805e-05,7.7655870235e-05,0.48402245705943914,0,0,0,0,0,0,0,0,0,0,0,0,0,0,0,0,0,1,1,0,0,0,0,1,1,0,0,0,0,0,0,0,0,0,0,0,0,0,0,0,0,0,0,0,0,1,0,0,0,0,0,0,0,0,0,0,0,0
6358,64.0,2,1253750400,79.25566403374668,38.0,0,3.2557036289e-05,3.6382297335e-05,3.3094928272e-05,-0.1155864219611333,0,0,0,0,0,0,0,0,1,0,0,0,0,0,0,0,0,1,0,0,0,0,0,1,1,0,0,0,0,0,0,1,0,0,0,0,0,0,1,0,0,0,0,0,0,1,0,0,0,0,0,0,1,0,0,0,0,0
7327,76.11111111111111,9,1403568000,81.50172869163355,428.0,0,0.000199674598119,5.6632821324e-05,0.000179560670205,0.7966923858439436,0,0,0,0,1,1,0,0,0,0,0,0,0,0,0,0,0,1,0,0,0,0,0,0,0,0,0,0,0,1,0,0,0,0,0,0,1,0,0,1,0,0,0,0,0,1,0,0,0,0,0,0,0,0,1,0,0,0
9101,82.6,5,1424131200,70.80905893548459,76.0,0,7.5680266958e-05,5.5210871697e-05,7.2801947421e-05,0.2811757251423956,0,0,0,0,0,0,0,0,1,0,0,1,1,0,1,0,0,1,1,0,0,1,0,1,1,0,0,0,0,1,0,0,0,0,0,0,0,0,0,0,0,0,0,0,0,1,0,0,0,0,0,0,1,0,0,0,0,0
205201,81.5,6,1670889600,72.86031157650862,66.0,9,5.3488851883e-05,3.6823592047e-05,5.1145453734e-05,0.32584882510146473,0,0,0,0,0,0,0,0,1,0,0,0,0,0,0,0,0,0,0,0,0,0,0,1,0,1,0,0,0,0,0,0,0,0,0,0,0,0,0,0,0,0,0,0,0,1,0,0,0,0,0,0,1,0,0,0,0,0
148,80.8,5,1108598400,82.35063715941314,253.0,0,0.00012320808435,3.368549632e-05,0.000110619797749,0.8093265513570022,0,0,1,0,0,0,0,0,0,0,0,0,0,1,0,0,0,1,0,0,0,0,0,1,0,1,0,0,0,0,0,0,0,0,0,0,0,0,0,0,0,0,0,0,0,1,1,0,0,0,0,1,0,0,0,0,0,0
113689,85.0,2,1602720000,74.91072266924526,12.0,0,3.6079101082e-05,3.7559083233e-05,3.6287209895e-05,-0.04078596859145704,0,0,0,0,0,0,0,0,1,0,0,1,1,0,0,0,0,1,1,0,0,0,0,0,1,0,0,0,0,0,0,0,0,0,0,0,0,0,0,0,0,0,0,0,0,1,0,0,0,0,0,0,0,1,0,0,0,0
173033,50.0,1,1651190400,69.80360444587609,20.0,0,6.4536421861e-05,3.1822251982e-05,5.9936294056e-05,0.5458320499711429,0,0,0,0,0,0,0,0,0,1,0,0,0,0,0,0,0,0,1,0,0,0,0,0,0,0,1,0,0,0,0,0,1,0,0,0,0,0,0,0,0,0,0,0,0,1,0,0,0,0,0,0,1,0,0,0,0,0
266382,84.0,2,1699228800,79.93061706375326,50.0,0,0.000167895785713,0.000103998453703,0.000158910813919,0.4021275033971996,0,0,0,0,0,0,0,0,0,1,1,1,0,0,0,0,0,0,0,0,0,0,0,0,0,0,0,0,0,0,0,0,0,0,1,0,0,0,0,0,0,0,0,0,0,1,1,0,0,0,0,0,0,1,0,0,0,0
79995,82.71428571428571,7,1632355200,73.4633533532762,57.0,0,3.8975377598e-05,3.7068755775e-05,3.8707276525e-05,0.04925840549901663,0,0,0,0,1,1,0,0,1,0,0,0,0,0,0,0,0,1,1,0,0,0,0,0,0,1,0,0,0,0,0,0,0,0,0,0,0,0,1,0,0,0,0,0,0,1,0,0,0,0,0,0,1,0,0,0,0,0
152124,68.0,1,1682553600,82.41857502895917,74.0,0,4.4976526722e-05,1.4562725483e-05,4.0699866998e-05,0.7472854924840172,0,0,0,0,1,1,0,0,0,0,0,0,0,0,0,0,0,1,1,0,0,0,0,1,1,0,1,0,1,0,0,0,0,0,0,0,0,0,0,0,0,0,0,0,0,1,0,0,0,0,0,0,1,0,0,0,0,0
11276,80.75,4,1386806400,78.60300081852274,138.0,0,0.000156126152338,2.2947325004e-05,0.000137399110542,0.9693510818615728,1,0,0,0,0,1,0,0,0,0,0,0,0,0,0,0,0,0,1,0,0,0,0,0,1,0,0,0,0,0,0,0,0,0,0,0,0,0,0,0,0,0,0,1,0,1,0,0,0,0,0,1,0,0,0,0,0,0
145780,77.33333333333333,6,1646956800,77.50368135314434,27.0,0,5.867166249e-05,0.000132388413484,6.903739933e-05,-1.0678168106931498,0,1,0,0,0,0,0,0,0,1,1,0,0,0,0,0,0,0,0,0,0,0,0,1,0,0,0,0,0,0,0,0,0,0,1,0,0,0,0,0,0,0,0,0,0,1,1,1,0,0,0,0,1,1,0,0,0,0
7618,70.6,10,1416268800,70.76794790143543,175.0,0,5.4820657704e-05,7.9727244565e-05,5.8322916302e-05,-0.42705877458799857,0,0,0,0,1,1,0,0,0,0,0,0,0,0,0,0,0,1,1,0,0,0,0,1,0,0,0,0,0,1,0,0,0,0,0,0,1,0,0,0,0,0,0,0,0,1,1,1,0,0,0,0,0,0,1,0,0,0
116,93.66666666666667,9,1058227200,90.13073982499024,1434.0,0,0.000232087221728,0.000137782015515,0.000218826423644,0.43100610292688213,0,0,0,0,0,0,0,0,1,0,0,0,0,0,0,0,0,1,0,0,0,0,0,1,0,1,0,0,0,0,1,0,0,0,0,0,0,0,1,0,0,0,0,0,0,1,0,0,0,0,0,0,1,0,0,0,0,0
9243,76.0,1,1447718400,64.90465975709611,13.0,0,6.3477395545e-05,0.000200445864564,8.273732068e-05,-1.6555302252620756,0,0,0,0,0,0,0,0,1,1,0,0,0,0,0,0,0,1,1,0,0,0,0,1,1,0,0,0,1,1,0,0,0,0,0,1,0,0,1,0,0,0,0,0,0,1,1,1,0,0,0,1,1,0,0,0,0,0
140617,76.11111111111111,9,1634860800,72.6648646238597,161.0,0,6.2530690202e-05,4.9523073192e-05,6.0701614272e-05,0.21429433061521486,0,0,0,0,0,0,0,0,0,0,0,0,0,0,0,0,0,1,0,0,0,0,0,0,0,0,1,1,1,0,0,0,0,0,0,0,0,0,0,0,0,0,0,0,0,1,1,1,0,0,0,0,1,0,0,0,0,0
24765,55.0,1,1478217600,56.93595601405312,7.0,0,3.5838413283e-05,4.9425007701e-05,3.774890256e-05,-0.35992704249628,0,0,0,0,0,0,0,0,1,1,0,1,1,0,0,0,0,1,1,0,0,0,0,1,0,0,1,0,1,0,0,0,0,0,0,0,0,0,0,0,0,0,0,0,0,1,0,0,0,0,0,0,0,0,1,0,0,0
105738,80.0,3,1539820800,42.54762577580247,30.0,0,3.842179566e-05,3.471518398e-05,3.7900587648e-05,0.09780011738504903,0,0,1,0,0,0,0,0,0,0,0,0,0,0,0,0,0,1,1,0,0,0,0,1,0,0,0,0,0,0,0,0,0,0,0,0,0,0,0,0,0,0,0,0,0,1,0,0,0,0,0,1,0,0,0,0,0,0
2918,83.5,2,1328227200,84.10572566213233,247.0,0,0.000532393388643,0.000365293955724,0.000508896575171,0.32843991418510154,0,0,0,0,0,0,0,0,1,1,0,1,0,0,0,0,0,0,0,0,0,0,0,0,1,0,0,0,0,1,0,0,0,0,0,0,0,0,0,0,0,0,0,0,0,1,1,0,0,0,0,0,0,1,0,0,0,0
145089,85.85714285714286,7,1642464000,79.57707913443956,66.0,0,4.5112916475e-05,2.6771879171e-05,4.2533877606e-05,0.43121926312134684,0,0,0,0,0,0,0,0,1,0,0,0,0,0,1,0,0,1,1,0,0,0,0,1,1,0,0,0,0,0,0,0,0,0,0,0,0,0,0,0,0,0,0,0,0,1,1,1,0,0,0,0,0,1,0,0,0,0
3153,78.75,3,1219795200,77.76174883503839,327.0,0,0.000968632001553,0.000238544307999,0.000865970166894,0.8434514177893229,0,0,0,0,0,0,0,0,1,0,0,0,0,0,1,0,0,1,1,0,0,0,0,1,0,0,0,0,0,0,0,1,0,0,0,0,0,0,0,0,0,0,0,0,0,1,1,1,0,0,0,0,0,0,1,0,0,0
19541,66.5,12,1526947200,74.74559092145405,130.0,0,0.000417200208002,0.000525385870547,0.000432412816979,-0.25024478240303377,0,0,0,0,0,0,0,0,1,1,0,0,0,0,0,0,0,0,0,0,0,0,0,1,0,0,1,0,1,0,0,0,0,0,0,0,0,0,1,0,0,0,0,0,0,1,1,1,0,0,0,0,1,0,0,0,0,0
111965,65.0,1,1584576000,62.48148245796948,10.0,0,2.8746146137e-05,4.7071435905e-05,3.1322970654e-05,-0.5850523237462579,0,0,0,0,0,0,0,0,1,1,0,1,0,0,0,0,0,1,1,0,0,0,0,0,1,0,0,0,0,0,0,0,0,0,0,0,0,0,0,0,0,0,0,0,0,1,1,0,0,0,0,0,0,0,1,0,0,0
101440,86.5,2,1732060800,80.9306911970831,138.0,0,0.000732284605781,0.001082250763857,0.00078149536248,-0.4479909997486582,0,0,1,0,0,0,0,0,1,0,0,0,0,0,0,0,0,1,0,0,0,0,0,1,0,0,1,0,1,0,0,0,0,0,0,0,0,0,1,0,0,0,0,0,0,1,0,0,0,0,0,1,0,0,0,0,0,0
182335,85.0,2,1729641600,69.41756122246753,11.0,0,9.086766708e-05,9.3750609845e-05,9.1273054263e-05,-0.03158735460070065,0,0,0,0,0,0,0,0,1,0,0,0,0,0,0,0,0,1,0,0,0,0,0,1,0,0,0,0,1,0,0,0,0,0,0,0,0,0,0,0,0,0,0,0,0,1,0,0,0,0,0,0,0,1,0,0,0,0
110807,82.0,11,1558396800,75.00963276768009,87.0,0,3.0029814399e-05,5.0503728107e-05,3.29087693e-05,-0.6221518162881807,0,0,0,0,0,1,0,0,0,1,0,0,0,0,0,0,0,1,1,1,0,0,0,0,0,1,1,1,0,0,0,0,0,0,0,0,0,0,0,0,0,0,0,0,0,1,0,0,0,0,0,1,0,0,0,0,0,0
19897,72.0,2,1456617600,80.38528974953003,8.0,0,6.1535847299e-05,1.9171803582e-05,5.5578795167e-05,0.7622551163632205,0,0,0,0,0,0,0,0,0,1,0,0,0,0,0,0,0,1,1,0,1,0,0,0,0,0,0,0,0,0,0,0,0,0,0,0,0,0,0,0,0,0,0,0,0,1,0,0,0,0,0,0,0,0,0,0,0,0
214135,82.8,5,1665446400,,,0,3.7178242032e-05,7.6736247075e-05,4.2740720908e-05,-0.9255541218164237,0,0,0,0,0,0,0,0,1,1,1,0,0,0,0,0,0,0,0,0,0,0,0,0,0,0,0,0,0,0,0,0,0,0,1,0,0,0,0,0,0,0,0,0,0,1,1,1,0,0,0,0,1,0,0,0,0,0
89560,81.25,12,1543881600,80.74669013749342,96.0,0,0.000144669413102,9.2966085913e-05,0.000137399110542,0.3763261559647698,0,0,0,0,0,0,0,0,1,0,0,1,1,1,0,0,0,1,0,0,0,0,0,0,0,1,0,0,0,0,1,0,0,0,0,0,0,0,0,0,0,0,0,1,0,1,0,0,0,0,0,0,0,1,0,0,0,0
233028,83.5,4,1679011200,71.10158294256328,10.0,0,4.7166785693e-05,8.0609833988e-05,5.1869405289e-05,-0.6447715264263442,0,1,0,0,0,0,0,0,0,1,1,0,0,0,0,0,0,0,0,0,0,0,0,1,0,0,0,0,0,0,0,0,0,0,0,0,0,0,0,0,0,0,0,0,0,1,1,1,1,0,0,0,1,1,0,0,0,0
1040,72.4,5,1308009600,74.16039922263818,314.0,0,0.000174330172875,0.000115619214442,0.000166074486934,0.353551196081998,0,0,0,0,1,1,0,0,0,0,0,0,0,0,1,0,0,1,0,0,0,0,0,1,0,0,1,0,0,0,0,0,0,0,0,0,0,0,0,0,0,0,0,0,0,1,0,0,0,0,0,1,1,0,0,0,0,0
109475,45.0,2,1567036800,60.0,2.0,0,4.0700306825e-05,0.000111647562038,5.0676608916e-05,-1.4000355272108482,0,0,1,0,0,0,0,0,1,0,0,0,0,0,0,0,0,1,0,0,0,0,0,1,0,0,0,0,0,0,0,0,0,0,0,0,0,0,0,1,0,0,0,0,0,1,0,0,0,0,0,0,1,0,0,0,0,0
1976,74.6,10,1369180800,78.29083309557552,338.0,0,0.000310318779357,9.9389375604e-05,0.000280658781299,0.7516565168099385,0,0,1,0,0,0,0,0,0,0,0,0,0,0,0,0,0,1,0,1,0,0,0,1,1,0,0,0,0,1,0,1,0,0,0,0,0,0,0,0,0,0,0,0,0,1,0,0,0,0,0,1,0,0,0,0,0,0
123192,82.0,1,1679356800,,,0,5.0030970503e-05,6.8253582063e-05,5.2593356845e-05,-0.3464903524538645,0,0,1,0,0,0,0,0,0,0,0,0,0,1,0,0,0,0,1,0,0,0,0,1,0,0,0,0,0,0,1,0,0,0,0,0,0,0,0,0,0,0,0,0,0,0,1,1,0,0,0,1,0,0,0,0,0,0
13621,85.83333333333333,6,1571356800,80.15410738744391,41.0,0,5.5366216716e-05,1.6082740601e-05,4.9842340933e-05,0.7881743586217216,0,0,0,0,0,1,0,0,0,0,0,0,0,0,0,0,0,1,1,0,0,0,0,0,0,0,0,0,0,0,0,0,0,0,0,0,0,0,0,0,0,0,0,0,0,1,0,0,0,0,0,1,0,0,0,0,0,0
132050,75.25,8,1597708800,71.48730700591392,92.0,0,4.7784551044e-05,0.00012944644874,5.9267500714e-05,-1.3778937298953144,0,0,0,0,0,0,0,0,1,0,0,0,0,0,0,0,0,0,1,0,0,0,0,1,1,0,0,0,0,0,0,0,0,0,0,0,0,0,1,0,0,0,0,0,0,1,0,0,0,0,0,0,1,0,0,0,0,0
1907,82.0,4,1456358400,73.4014258974832,206.0,0,0.00075005538828,0.00030601336613,0.000687616082616,0.6459922638635027,0,0,0,0,0,0,0,0,1,0,0,0,0,0,1,0,0,1,1,0,0,0,0,1,1,0,1,0,0,0,0,0,0,0,0,0,0,0,1,0,0,0,0,0,0,1,1,1,0,0,0,0,0,1,0,0,0,0
18311,76.375,8,1472515200,70.69534092180528,112.0,0,5.5478537688e-05,4.8003058074e-05,5.4427367454e-05,0.13735154568720842,0,0,0,0,0,1,0,0,0,0,0,0,0,0,0,0,0,1,0,0,0,0,0,0,0,1,0,0,0,0,0,0,0,0,0,0,0,0,0,0,0,0,0,0,0,1,0,0,0,0,0,1,0,0,0,0,0,0
204627,89.0,5,1695945600,83.07946148517239,144.0,0,5.7404040081e-05,1.9122770837e-05,5.2021090377e-05,0.7358989339634526,0,0,0,0,0,1,0,0,0,0,0,0,0,0,0,0,0,1,1,0,0,0,0,0,0,1,0,0,0,0,0,0,0,0,0,0,0,0,0,0,0,0,0,0,0,1,0,0,0,0,0,0,0,1,0,0,0,0
254871,81.28571428571429,7,1690502400,80.03728928727021,11.0,0,4.2994863843e-05,1.6278871584e-05,3.9238174332e-05,0.6808807202114142,0,0,0,0,0,0,0,0,1,1,0,0,0,0,0,0,0,1,1,0,0,0,0,1,0,0,0,0,0,0,0,0,0,0,0,0,0,0,1,0,0,0,0,0,0,1,1,1,0,0,0,0,1,0,0,0,0,0
214408,83.66666666666667,3,1682380800,79.91836361498974,6.0,0,6.8226968113e-05,7.4039446059e-05,6.9044294107e-05,-0.084187675145195,0,0,0,0,0,0,0,0,0,1,0,1,0,0,0,0,0,0,0,0,0,0,0,0,0,1,0,0,1,0,0,0,0,0,0,0,0,0,0,0,0,0,0,0,0,1,0,0,0,0,0,0,0,1,0,0,0,0
75239,87.0,10,1600128000,77.4451668452019,57.0,0,0.000152933027537,6.977359718e-05,0.000141239501177,0.5888246717380845,0,0,0,0,1,0,0,0,0,0,0,0,0,0,0,0,0,1,1,0,0,0,0,1,1,1,0,0,0,0,0,0,0,0,0,0,0,0,0,0,0,0,0,0,0,1,1,1,0,0,0,0,0,0,1,0,0,0
321,84.5,4,1175040000,80.48473584247695,197.0,0,6.1367365839e-05,4.1579768383e-05,5.8584917818e-05,0.3377691360633118,0,0,0,0,0,0,0,1,0,1,0,1,0,0,0,0,0,0,0,0,0,0,0,1,0,1,0,0,0,0,0,0,0,0,0,0,0,0,0,0,0,0,0,0,0,1,1,0,0,0,0,0,0,1,0,0,0,0
107187,80.0,1,1570752000,77.02203608674179,51.0,0,4.8803462727e-05,2.9272549204e-05,4.6057108512e-05,0.42406837770027367,0,0,0,0,1,1,0,0,0,0,0,0,0,0,0,0,0,1,1,0,0,0,0,1,0,0,1,0,0,0,0,0,0,0,0,0,0,0,0,0,0,0,0,0,0,1,0,0,0,0,0,0,0,0,1,0,0,0
29004,77.05405405405405,9,1504137600,75.03875691592326,486.0,0,0.000279093548889,0.000122876060811,0.000257126908342,0.6076282411854287,0,0,0,0,0,0,0,0,0,0,0,0,0,0,0,0,0,1,1,0,0,0,0,1,1,1,0,0,0,0,0,0,0,1,0,0,0,0,0,0,0,0,0,1,0,1,0,0,0,0,0,0,1,0,0,0,0,0
194208,80.0,1,1661990400,64.74708705260824,18.0,9,8.5363939408e-05,6.4281929658e-05,8.239947662e-05,0.2558617988386552,0,1,0,0,0,0,0,0,0,0,0,0,0,0,0,0,0,1,0,0,0,0,0,1,0,0,0,0,0,0,0,0,0,0,0,0,0,0,0,0,0,0,0,0,0,1,1,1,0,0,0,0,1,0,0,0,0,0
81909,80.0,1,1637193600,69.64734126187315,31.0,0,3.3407466513e-05,2.2260866564e-05,3.1840078908e-05,0.3500863623666647,0,0,0,0,0,0,0,0,0,1,0,0,0,0,0,0,0,1,1,0,0,0,0,0,0,1,0,0,0,0,0,0,0,0,0,0,0,0,0,0,0,0,0,0,0,1,0,0,0,0,0,0,1,0,0,0,0,0
19696,79.14285714285714,14,1471910400,72.16860807157107,61.0,0,8.6992593515e-05,8.9141531746e-05,8.7294768094e-05,-0.024618107958698836,0,0,0,0,0,0,0,0,0,0,0,1,1,0,0,0,0,0,0,1,0,0,0,1,0,0,0,0,0,0,0,1,0,0,0,0,0,0,0,1,0,0,0,0,0,1,1,0,0,0,0,0,0,0,1,0,0,0
125624,78.2,5,1664236800,74.57080177611749,116.0,0,0.000605586548344,0.000443010857713,0.000582725844324,0.27907300859259193,0,0,0,0,0,0,0,0,1,0,0,0,0,0,0,0,0,1,0,0,0,0,0,1,0,0,0,0,1,0,0,0,0,0,0,0,0,0,0,0,0,0,0,0,0,1,1,1,0,0,0,1,1,0,0,0,0,0
145004,91.0,1,1619654400,35.37521928017073,8.0,9,7.3024678242e-05,0.000140233652801,8.2475319164e-05,-0.8149316273401648,0,0,0,0,0,0,0,1,0,0,0,1,1,0,0,0,0,0,0,0,0,0,0,0,0,0,0,0,0,1,0,0,0,0,0,0,0,0,0,1,0,1,0,0,0,1,1,0,0,0,0,0,1,1,0,0,0,0
8188,85.0,2,1308528000,54.12558658607168,46.0,0,0.000310671788129,0.000387211593067,0.000321434490841,-0.23815772024159998,0,0,0,0,0,0,0,0,1,0,0,0,0,0,0,0,0,0,1,0,0,0,0,1,1,0,0,0,0,1,0,0,0,0,0,0,0,0,0,0,0,0,0,0,0,0,1,1,0,1,0,0,0,1,0,0,0,0
20908,45.0,1,1522195200,61.18279529734934,28.0,0,6.3581693591e-05,0.000117972786238,7.1229938328e-05,-0.7636259561340893,0,0,0,0,0,0,1,0,0,1,0,0,0,0,0,0,0,1,1,0,0,0,0,0,0,0,0,0,0,0,0,0,0,0,0,0,0,0,1,0,0,0,0,0,0,1,0,0,0,0,0,1,0,0,0,0,0,0
6913,72.33333333333333,6,1329350400,77.74423439056022,105.0,0,5.2903178238e-05,5.4279249528e-05,5.3096675546e-05,-0.02591702414381747,0,0,1,0,0,1,0,0,0,0,0,0,0,0,0,0,0,0,0,0,0,0,0,1,0,1,0,0,0,0,0,0,0,0,0,0,0,0,0,0,0,0,0,0,0,1,1,1,0,0,0,0,1,0,0,0,0,0
39,62.66666666666666,4,1030579200,86.40561200587058,1492.0,0,0.000107073978885,9.3701577099e-05,0.000105193608468,0.12712849491550993,0,1,1,0,0,0,1,0,0,0,0,0,0,0,0,0,0,1,0,0,0,0,0,1,0,0,0,0,0,0,1,0,0,0,0,0,0,0,1,0,0,0,0,0,0,1,0,0,0,0,0,0,1,0,0,0,0,0
252445,89.66666666666667,6,1715731200,79.07589400261082,30.0,0,5.9056762968e-05,8.384599521e-06,5.193145828e-05,0.975776164460199,0,0,1,0,0,0,0,0,0,0,0,0,0,0,0,0,0,1,1,1,0,0,0,1,0,1,0,0,0,0,0,0,0,0,0,0,0,0,0,0,0,0,0,0,0,1,0,0,0,0,0,1,0,0,0,0,0,0
119190,90.0,1,1574294400,77.14884371937094,22.0,0,4.2465350685e-05,7.403944606e-06,3.7535164482e-05,0.9341124403363068,0,0,0,0,0,0,0,0,1,0,0,0,1,0,0,0,0,1,1,0,0,0,0,1,1,1,0,0,0,0,0,0,0,0,0,0,0,0,0,0,0,0,0,0,0,1,0,0,0,0,0,0,1,0,0,0,0,0
16,81.9,9,1287446400,87.1372808696823,2342.0,0,0.002130215388703,0.000543773150198,0.001907136610327,0.8326380661743065,0,0,1,0,0,0,0,0,1,0,0,0,0,0,0,0,0,0,0,0,0,0,0,1,0,1,0,0,1,0,1,0,0,0,0,1,0,0,1,0,0,0,0,0,0,1,0,0,0,0,0,1,1,0,0,0,0,0
1265,82.57142857142857,6,1353369600,70.88546554340472,108.0,0,0.000478150381657,0.000691165583877,0.000508103675847,-0.41934220252742277,0,0,1,0,0,0,0,0,1,0,0,0,0,1,0,0,0,0,0,1,0,0,0,1,0,1,0,0,0,0,0,0,0,0,0,0,0,0,1,0,0,0,0,0,0,0,1,0,0,1,0,1,1,0,0,0,0,0
27729,82.25,4,1556496000,74.87311213526466,60.0,0,0.000722881735763,0.001083525615246,0.000773593948355,-0.4663730348885719,0,1,0,0,0,0,0,0,0,0,0,0,0,0,1,0,0,0,1,0,0,0,0,1,0,0,0,0,0,1,0,0,0,0,0,0,0,0,0,0,0,0,0,0,0,1,1,1,0,0,0,1,0,0,0,0,0,0
141547,72.0,4,1669075200,66.8532018980371,70.0,0,6.11748156e-05,0.000128269662842,7.0609408423e-05,-0.950258860347637,0,0,1,0,0,0,0,0,0,0,0,0,0,0,1,0,0,1,0,0,0,0,0,1,1,0,1,0,0,0,0,0,0,0,0,0,0,0,0,0,0,0,0,0,0,1,1,1,0,0,0,0,1,0,0,0,0,0
959,75.0,4,1225152000,74.36843217778465,219.0,0,0.000102629277529,0.000108852695531,0.00010350438817,-0.06013020493158642,0,0,0,0,0,0,0,1,0,1,0,1,0,0,0,0,0,0,0,0,0,0,0,1,1,1,0,0,0,1,0,1,0,0,0,0,0,0,0,0,0,0,0,0,0,1,1,1,0,0,0,0,0,1,0,0,0,0
135994,85.2,5,1739836800,75.50248985153358,87.0,0,6.0348454157e-05,0.000104684912144,6.6582858817e-05,-0.6659061323356964,0,0,0,0,0,0,0,0,1,0,0,0,0,0,0,0,0,1,0,0,0,0,0,1,1,0,0,0,0,0,0,0,0,0,0,0,0,0,0,0,0,0,0,0,0,1,0,0,0,0,0,1,1,0,0,0,0,0
1334,83.4375,16,1375833600,81.35616086660471,765.0,0,0.000310655742275,0.000111500463801,0.000282651371772,0.7046964663779527,0,0,0,0,0,1,0,0,0,0,0,0,0,0,0,0,0,1,1,0,0,0,0,1,1,0,0,0,0,0,1,0,0,1,0,0,0,0,0,0,0,0,0,0,0,1,0,1,0,0,0,0,1,0,0,0,0,0
7386,87.33333333333333,12,1418256000,86.48550529236198,446.0,0,0.00024388894681,7.1685874264e-05,0.000219674481181,0.7839872216290134,0,0,0,0,0,1,0,0,0,0,0,0,0,0,0,0,0,1,1,0,0,0,0,1,0,1,0,0,0,0,0,0,0,0,0,0,0,0,0,0,0,0,0,0,0,1,0,0,0,0,0,1,1,0,0,0,0,0
250621,92.5,2,1728950400,83.1279009115393,52.0,0,5.2790857265e-05,1.9416967311e-05,4.8097962422e-05,0.693889946164394,0,0,0,0,1,1,0,0,0,0,0,0,0,0,0,0,0,1,1,0,0,0,0,1,1,0,0,0,0,0,0,0,0,1,0,0,0,0,0,0,0,0,0,0,0,1,0,0,0,0,0,0,0,0,1,0,0,0
228516,60.0,1,1727049600,76.16599052165319,16.0,0,0.000155339905528,2.368281619e-05,0.000136826844074,0.9622826363912896,0,0,0,0,0,0,0,0,0,1,0,0,0,0,0,0,0,0,1,0,0,0,0,0,0,0,0,0,0,0,0,0,0,0,0,1,0,0,0,0,0,0,0,0,0,1,0,0,0,0,0,0,0,1,0,0,0,0
826,81.16666666666667,6,1223942400,73.18820305793867,309.0,0,0.000123713528728,0.000247419234977,0.000141108500419,-0.8767326818706851,0,0,1,0,0,0,1,0,0,0,0,0,0,0,0,0,0,1,0,0,0,0,0,1,0,0,0,0,0,0,0,1,0,0,0,1,0,0,1,0,0,0,0,0,0,1,1,1,0,0,0,0,1,0,0,0,0,0
133308,75.3529411764706,17,1611792000,70.86049449653953,145.0,0,6.2298025329e-05,4.7757894346e-05,6.0253453785e-05,0.24132341155149048,0,0,0,0,0,0,0,0,0,0,0,0,0,0,0,0,0,1,0,0,0,0,0,1,0,0,1,1,0,0,0,0,0,0,0,0,0,0,0,0,0,0,0,1,0,1,0,0,0,0,0,0,1,0,0,0,0,0
506,75.1,10,1320105600,77.13689672544159,237.0,0,0.000189413274951,7.9580146327e-05,0.000173969006283,0.6313922489644601,0,0,0,0,1,0,0,0,0,0,0,0,0,0,0,0,0,1,0,0,0,0,0,1,0,0,0,0,0,0,0,0,0,0,0,0,0,1,0,0,0,0,0,0,0,1,0,0,0,0,0,0,1,0,1,0,0,0
133344,66.0,1,1758153600,76.89655172413792,7.0,0,0.000209727325194,3.9177163842e-05,0.000185745284926,0.9182790312755724,0,0,0,0,0,1,0,0,1,1,0,0,0,0,0,0,0,1,1,0,0,0,0,1,0,0,0,0,0,0,0,1,0,0,0,1,0,1,0,0,0,0,0,0,0,1,1,1,0,0,0,0,1,0,0,0,0,0
279374,70.0,1,1716422400,79.81723830743833,22.0,0,3.9071652718e-05,1.0787204062e-05,3.5094413522e-05,0.8059671647863411,1,0,0,0,0,1,0,0,0,0,0,0,0,0,0,0,0,1,1,0,0,0,0,0,0,0,0,1,0,0,0,0,0,0,0,0,0,0,0,0,0,0,0,1,0,1,0,0,0,0,0,0,0,1,0,0,0,0
3035,88.5,9,1381968000,83.85939121367363,976.0,10,0.000333609335381,0.000166711335498,0.000310140846568,0.5382195906668681,0,0,0,0,0,0,0,0,0,0,0,0,0,0,0,0,0,1,1,0,0,0,0,0,0,0,0,0,0,0,0,1,0,0,0,0,0,0,0,0,0,0,0,0,0,1,0,0,0,0,0,1,0,0,0,0,0,0
19943,80.0,1,1280361600,74.90288166202137,21.0,10,3.408139235e-05,1.4758856466e-05,3.1364339314e-05,0.6160767076345488,0,1,0,0,0,0,0,0,0,0,0,0,0,0,0,0,0,0,0,1,0,0,0,1,1,0,0,0,0,0,0,0,0,0,0,0,0,0,0,0,0,0,0,0,0,1,1,0,0,0,0,0,0,0,1,0,0,0
213240,85.0,1,1744934400,80.0,8.0,0,5.0351887568e-05,3.7608115979e-05,4.8559912462e-05,0.2624403619896344,0,0,0,0,0,0,0,1,0,0,0,1,0,0,0,0,0,0,0,0,0,0,0,1,0,1,0,0,0,0,0,0,0,0,0,0,0,0,0,1,0,0,0,0,0,1,1,0,0,0,0,0,0,1,0,0,0,0
7601,80.0,3,1442534400,77.38233233311493,162.0,8,0.000421773276185,0.000151658282557,0.000383790851526,0.7039428456164811,0,0,0,0,0,0,0,1,0,1,0,1,0,1,0,0,0,0,1,0,0,0,0,0,0,0,0,0,1,0,0,0,0,0,0,1,0,0,0,0,0,0,0,0,0,1,1,1,0,0,0,0,0,1,0,1,0,0
4218,40.0,1,1245715200,84.63748800730728,34.0,2,5.165962461e-05,3.8784901876e-05,4.984923571e-05,0.258279659567485,0,0,0,0,0,0,0,0,0,1,0,1,0,0,0,0,0,1,0,0,0,0,0,1,0,0,0,0,0,0,1,1,0,0,0,0,0,0,0,0,0,0,0,0,0,1,0,0,0,0,0,0,0,0,0,0,0,0
9708,74.44444444444444,9,1441065600,71.49002603881569,75.0,0,3.9865922455e-05,4.2854619772e-05,4.0286180394e-05,-0.07418815804738214,0,0,1,0,0,1,0,0,0,0,0,0,0,0,1,0,0,1,0,0,0,0,0,1,0,1,0,1,1,0,0,0,0,0,0,0,0,0,0,0,0,0,0,0,0,1,0,0,0,0,0,0,1,0,0,0,0,0
122729,77.2,5,1583452800,72.32115869976987,56.0,0,8.2387433626e-05,7.3205889382e-05,8.109636382e-05,0.11322229630756903,0,0,0,0,0,0,0,0,1,1,0,1,0,0,0,0,0,1,0,0,0,0,0,0,1,0,0,0,0,0,0,0,0,0,0,0,0,0,0,0,0,0,0,0,0,1,0,0,0,0,0,0,0,0,0,0,0,0
27304,85.13333333333334,15,1469059200,88.65334946582766,70.0,0,4.5072801841e-05,3.1429990016e-05,4.3154407511e-05,0.3161462984548155,0,0,0,0,0,0,0,0,1,0,0,0,0,0,0,0,0,1,0,0,0,0,0,1,1,0,0,0,0,0,0,0,0,0,0,0,0,0,0,0,0,0,0,0,0,1,1,1,0,0,0,0,1,0,0,0,0,0
2549,60.0,1,992304000,72.77614046778109,378.0,4,0.000139470556641,6.9136171486e-05,0.000129580433738,0.5428207022279076,0,0,1,0,1,1,0,0,0,0,0,0,0,0,0,0,0,0,0,0,0,0,0,1,0,1,0,0,0,0,0,0,0,0,0,0,0,0,0,1,0,0,0,0,0,1,0,0,0,0,0,1,0,0,0,0,0,0
1262,80.35714285714286,14,1393804800,83.81831823272735,1191.0,0,0.000534615739321,8.1835652631e-05,0.000470947724086,0.9616496121262981,0,0,0,0,0,0,0,0,1,0,0,1,0,0,0,0,0,1,0,0,0,0,0,1,1,0,0,0,0,0,0,1,0,0,0,0,0,0,1,0,0,0,0,0,0,1,0,0,0,0,0,0,1,0,1,0,0,0
8739,86.11111111111111,9,1366761600,68.6728474500267,54.0,0,6.2001177044e-05,3.9226196588e-05,5.8798655896e-05,0.38734984110593257,0,0,0,0,0,1,0,0,0,0,0,1,0,0,0,0,0,1,1,0,0,0,0,1,0,0,0,0,0,0,1,0,0,0,0,0,0,0,0,0,1,0,0,0,0,1,1,1,0,0,0,0,0,1,0,0,0,0
107317,75.8,5,1559174400,75.78708160901469,52.0,0,3.5044143546e-05,1.2454317417e-05,3.1867658015e-05,0.7088749998158635,0,0,0,0,1,0,0,0,0,0,0,0,0,0,0,0,0,1,1,1,0,0,0,1,0,1,0,0,0,0,0,1,0,0,0,0,0,0,0,0,0,0,0,0,0,1,0,0,0,0,0,0,0,0,1,0,0,0
9730,79.27777777777777,18,1454976000,78.78307090139663,1166.0,0,0.000656090871518,0.000424672610808,0.000623549817303,0.3712460451395075,0,0,0,0,0,0,0,0,0,0,0,0,0,0,0,0,0,1,1,0,0,0,0,0,0,0,0,0,0,0,0,0,0,1,0,0,0,0,1,0,0,0,0,1,0,1,0,0,0,0,0,1,0,0,0,0,0,0
145937,89.0,1,1715212800,69.70393527907304,57.0,0,8.3502620428e-05,1.8485345142e-05,7.4360166961e-05,0.8743887387701271,0,0,0,0,0,0,0,0,0,0,0,0,0,0,0,0,0,1,1,0,0,0,0,0,0,0,0,0,0,0,0,1,0,0,0,0,0,1,1,0,0,0,0,0,0,1,0,0,0,0,0,0,1,0,0,0,0,0
135818,90.0,1,1674691200,84.69158970609777,73.0,0,0.0005262959644,5.3641823834e-05,0.000459833344008,1.028117707136669,0,0,0,0,1,0,0,0,0,0,0,0,0,0,0,0,0,1,1,0,0,0,0,1,0,0,0,0,0,0,0,1,0,0,0,0,0,0,0,0,0,0,0,0,0,1,1,1,0,0,0,0,0,0,1,0,0,0
52006,80.5,2,1602720000,78.44797415202626,96.0,0,0.000599785972386,0.000182303748642,0.000541081392915,0.7717788210071305,0,0,1,0,0,0,0,0,1,1,0,0,0,0,0,0,0,1,1,1,0,0,0,1,1,0,0,0,0,0,0,0,0,0,0,1,0,0,0,0,0,0,0,0,0,1,0,0,0,0,0,0,0,0,1,0,0,0
22703,59.78571428571428,14,1519084800,29.92957117731969,25.0,0,2.9508324167e-05,9.3309315133e-05,3.8479748893e-05,-1.658072630842712,0,0,1,0,0,0,0,0,0,0,0,1,0,0,0,0,0,1,0,0,0,0,0,1,0,1,0,0,1,0,0,0,0,0,0,0,0,0,0,0,0,0,0,0,0,1,1,1,0,0,0,0,1,0,0,0,0,0
558,85.0,4,1269302400,77.05682652575432,468.0,0,0.000369062648186,0.000232317149291,0.000349834076164,0.390955101109546,0,0,1,0,0,0,1,0,0,0,0,0,0,0,0,0,0,1,0,0,0,0,0,1,0,0,0,0,0,0,0,0,0,0,0,1,0,0,1,0,0,0,0,0,0,1,0,0,0,0,0,0,1,0,0,0,0,0
6006,80.0,1,1370476800,73.89291029087401,46.0,0,7.3032701168e-05,1.4954987449e-05,6.4866059413e-05,0.8953773030216027,0,0,0,0,0,0,0,1,0,0,0,1,0,0,0,0,0,0,1,0,0,0,0,1,1,0,0,0,0,0,0,0,0,0,0,0,0,0,0,0,0,0,0,0,0,1,0,0,0,0,0,0,0,1,0,0,0,0
106112,61.0,1,1560988800,77.80147313962699,6.0,0,5.7885415679e-05,9.0710579609e-05,6.2501150997e-05,-0.5252093633628274,0,0,0,0,0,0,0,1,0,1,0,1,0,0,0,0,0,0,1,0,0,0,0,1,0,0,0,0,0,1,0,0,0,0,0,0,0,0,0,1,0,0,0,0,0,1,1,1,0,0,0,0,0,1,0,0,0,0
1052,66.125,8,1320105600,70.81517920540725,149.0,0,6.0998311214e-05,8.575827229e-05,6.4479951916e-05,-0.3840070997606829,0,0,0,0,0,0,0,0,1,0,0,1,0,0,1,0,0,1,0,0,0,0,0,1,1,0,0,0,0,0,0,0,0,0,0,0,0,0,1,0,0,0,0,0,0,1,1,1,0,0,0,0,1,0,0,0,0,0
11002,65.8,10,1427932800,66.04114213156225,18.0,10,7.6651041081e-05,2.4516372867e-05,6.9320085176e-05,0.7521121050352554,0,0,1,0,0,0,0,0,0,0,0,0,0,0,0,0,0,1,0,0,0,0,0,1,0,1,0,0,0,0,0,0,0,0,0,0,0,0,0,1,0,0,0,0,0,1,1,1,1,0,0,0,1,0,0,0,0,0
55628,85.0,3,1508371200,75.11393770067022,20.0,0,0.000103696326771,8.8847335271e-05,0.000101608324571,0.14614694160637168,0,0,0,0,0,0,0,0,0,1,0,1,0,0,0,0,0,0,1,0,0,0,0,1,0,0,0,0,1,0,0,0,1,0,0,0,0,0,0,1,0,0,0,0,0,1,0,0,0,0,0,0,1,1,1,0,0,0
116021,73.75,4,1590624000,50.0,4.0,0,2.5063622811e-05,7.8501425921e-05,3.2577820018e-05,-1.6403391485161907,0,0,0,0,0,0,0,0,1,0,0,1,0,0,0,0,0,1,1,0,0,0,0,1,0,0,0,0,0,0,0,0,0,0,0,0,0,0,0,0,0,0,0,0,0,1,1,1,0,0,0,0,0,0,0,0,0,0
152371,80.0,1,1635292800,,,0,4.2401167272e-05,4.0059753265e-05,4.2071927566e-05,0.0556538146934613,0,0,0,0,0,0,0,0,1,0,0,0,1,0,0,0,0,0,0,0,0,0,0,0,0,1,0,0,0,0,0,0,0,0,0,0,0,0,0,0,0,0,0,0,0,1,0,0,0,0,0,0,0,1,0,0,0,0
15931,68.2,5,1452211200,74.67916377497855,88.0,0,9.616279866e-05,0.000141361405953,0.000102518435099,-0.44090532649088937,0,1,0,0,0,0,0,0,1,1,1,1,0,0,0,0,0,0,1,0,0,0,0,1,0,0,0,0,0,0,0,0,0,0,0,0,0,0,0,0,0,0,0,0,0,1,0,0,0,0,0,0,0,0,1,1,0,0
250531,80.0,2,1696982400,38.90838098692473,5.0,0,2.5946144741e-05,9.0024121169e-05,3.4956517987e-05,-1.8331086756630983,0,0,0,0,0,0,0,0,0,0,0,1,0,0,0,0,0,0,0,0,0,0,0,0,0,0,0,0,0,1,0,0,0,0,0,0,0,0,0,1,0,0,0,0,0,1,1,0,0,0,0,0,0,1,0,0,0,0
27717,52.0,3,1457481600,66.08248409173922,75.0,0,6.119888438e-05,5.9672851559e-05,6.0984300118e-05,0.0250241348936691,0,0,0,0,0,0,0,0,0,0,0,0,0,0,0,0,0,1,1,0,0,0,0,1,0,0,0,1,0,0,0,0,0,0,0,0,0,0,0,0,0,0,0,1,0,1,0,0,0,0,0,0,1,0,0,0,0,0
78511,87.5,6,1696896000,79.84868094885981,60.0,0,3.8100878595e-05,0.000256735456667,6.8844345582e-05,-3.1758905108982716,0,0,0,0,0,0,1,0,0,1,1,0,0,0,0,0,0,0,0,0,0,0,0,0,0,0,0,0,0,0,0,0,0,0,1,0,0,0,0,0,0,0,0,0,0,1,1,1,0,0,0,1,1,0,0,0,0,0
206188,70.0,1,1663632000,70.2529044468975,6.0,0,7.3754764565e-05,9.644741086e-05,7.6945708232e-05,-0.29492898117528615,0,0,0,0,0,0,0,0,0,1,0,1,0,0,0,0,0,0,0,0,0,0,0,0,0,0,0,0,0,0,0,0,1,0,0,1,0,0,1,0,0,0,0,0,0,1,1,1,0,0,0,1,1,0,0,0,0,0
103281,87.88888888888889,9,1638921600,80.63571640486558,285.0,0,0.000989491610807,0.00263345070792,0.001220658165871,-1.3476027074181394,0,0,1,0,0,0,0,0,0,0,0,0,0,0,0,0,0,1,0,0,0,0,0,1,0,1,0,0,0,0,0,0,0,0,0,0,0,0,1,1,0,0,0,0,0,1,1,1,0,0,0,1,1,0,0,0,0,0
164944,81.0,1,1665619200,71.14470620937787,20.0,0,5.3528966516e-05,5.785863997e-06,4.6815533951e-05,1.0198371361025342,0,0,1,0,0,0,0,0,0,0,0,0,0,0,0,0,0,0,1,0,0,0,0,1,0,0,0,0,0,0,0,0,0,0,0,0,0,0,0,0,0,0,0,0,0,1,0,0,0,0,0,1,0,0,0,0,0,0
142672,25.0,1,1611792000,76.38044965596498,7.0,0,9.5673400135e-05,1.0787204062e-05,8.3737063305e-05,1.0137655505613998,0,0,0,0,0,0,0,0,0,1,0,0,0,0,0,0,0,0,1,0,0,0,0,0,0,0,0,0,0,0,0,1,0,0,0,1,0,0,0,0,0,0,0,0,0,1,0,0,0,0,0,0,1,0,0,0,0,0
3029,90.6,10,1341360000,85.69170728831565,184.0,8,0.000120384014174,6.3154176506e-05,0.000112336597153,0.5094782427179849,0,0,0,0,1,0,0,0,0,0,0,0,0,0,0,0,0,1,1,0,0,0,0,1,1,0,0,0,1,0,0,0,0,0,0,0,0,0,0,0,0,0,0,0,0,1,1,1,0,0,0,0,0,0,1,0,0,0
217592,84.0,5,1708560000,74.8002433456943,64.0,0,0.000137400641569,0.000165240353126,0.000141315343721,-0.19701808640712942,0,0,0,0,0,0,0,0,0,1,0,0,0,0,0,0,0,1,1,0,0,0,0,1,0,1,0,0,1,0,0,0,0,0,0,0,0,0,0,0,0,0,0,1,0,1,0,0,0,0,0,1,0,0,0,0,0,0
20871,71.0,5,1425340800,65.1780603053648,36.0,0,0.000122542181439,0.00011713922956,0.000121782441264,0.04436830801366944,0,0,1,0,0,0,0,0,0,0,0,0,0,1,0,0,0,1,0,0,0,0,0,1,0,0,1,0,0,0,0,0,0,0,0,0,0,0,0,0,0,0,0,0,0,1,1,1,0,0,0,1,1,0,0,0,0,0
1216,73.66666666666667,15,1360022400,72.65403520089434,417.0,0,7.5038432827e-05,0.000164210665466,8.7577453939e-05,-1.018254508548168,0,0,1,0,0,1,0,0,0,0,0,0,0,0,0,0,0,1,0,0,0,0,0,1,0,1,1,0,1,0,1,0,0,0,0,0,0,0,0,0,0,0,0,0,0,1,1,1,0,0,0,0,1,0,0,0,0,0
59,80.57142857142857,6,1142812800,85.03059010419754,1543.0,0,0.000387563517009,0.00011542308346,0.00034929628358,0.7792466521941352,0,0,0,0,0,0,0,0,1,0,0,0,0,0,0,0,0,1,0,0,0,0,0,1,1,0,0,0,0,1,0,0,0,0,0,1,0,0,1,0,0,0,0,0,0,1,0,0,0,0,0,1,1,0,0,0,0,0
127352,61.0,3,1628726400,64.83715934948184,51.0,0,0.001812860502687,0.004852623747128,0.002240299116374,-1.3583752909200861,0,1,0,0,0,0,0,0,0,0,0,0,0,0,1,0,0,0,0,0,0,0,0,1,1,0,0,0,0,0,0,0,0,0,0,0,0,0,0,0,0,0,0,0,0,1,1,1,0,0,1,0,1,0,0,0,0,0
2031,77.3125,16,1400544000,81.68425463455507,1287.0,0,0.000414713100745,0.00023427845912,0.000389341146788,0.4635260520244165,0,0,1,0,0,0,0,0,0,0,0,0,0,0,0,0,0,1,0,0,0,0,0,1,1,1,0,0,0,1,1,0,0,0,0,0,0,0,0,1,0,0,0,0,0,1,0,0,0,0,0,1,0,0,0,0,0,0
114058,50.0,1,1585699200,53.67173589392151,32.0,0,3.6712912287e-05,3.9226196588e-05,3.7066319665e-05,-0.06780632397624113,0,0,0,0,0,0,1,0,0,1,0,0,0,0,0,0,0,1,1,0,0,0,0,1,0,0,0,0,0,0,0,0,0,0,0,0,0,0,0,0,1,0,0,0,0,1,1,1,0,0,0,0,1,0,0,0,0,0
2049,60.71428571428572,7,1364256000,70.73526488480518,63.0,0,6.3910633583e-05,5.2268906953e-05,6.2273623365e-05,0.1869505656391741,0,0,0,0,0,0,0,0,0,0,0,0,0,0,0,0,0,1,1,0,0,0,0,1,0,0,1,0,1,0,0,0,0,0,0,0,0,0,0,0,0,0,0,0,0,1,0,0,0,0,0,1,0,0,0,0,0,1
490,54.75,8,1307664000,57.17968058061598,230.0,0,6.0861921461e-05,0.000167005531972,7.5787385743e-05,-1.400597627071179,0,0,1,0,0,0,0,0,0,0,0,0,0,0,0,0,0,1,0,0,0,0,0,1,0,1,0,0,0,0,0,1,0,0,0,0,0,0,0,0,0,0,0,0,0,1,1,0,0,0,0,1,1,0,0,0,0,0
119061,77.28571428571429,7,1569456000,79.98619091800506,29.0,0,5.8727822976e-05,5.3641823834e-05,5.801265135e-05,0.08767306007159663,0,0,0,0,0,0,0,0,1,0,0,0,0,0,0,0,0,1,0,0,0,0,0,0,1,0,0,0,0,0,0,0,0,0,0,0,0,0,0,0,0,0,0,0,0,1,0,0,0,0,0,0,1,0,0,0,0,0
25812,80.0,3,1574380800,79.1110990261343,29.0,0,3.5517496218e-05,2.9419647441e-05,3.4660042588e-05,0.17593615001355886,0,0,0,0,0,0,0,0,0,0,0,0,0,0,0,0,0,1,1,0,0,0,0,1,1,0,0,0,0,0,0,0,0,0,0,0,0,0,0,0,0,0,0,0,0,1,0,0,0,0,0,0,1,0,0,0,0,0
11069,67.58823529411765,17,1453766400,63.11263484277323,81.0,0,5.5759340121e-05,4.6090780991e-05,5.4399788347e-05,0.17773639209267333,0,0,0,0,1,1,0,0,0,0,0,0,0,0,1,0,0,1,0,0,0,0,0,1,1,1,0,0,0,0,0,1,0,0,0,0,0,1,1,0,0,0,0,0,0,1,1,1,0,0,0,0,1,0,0,0,0,0
141490,76.0,2,1728950400,89.50739800792948,14.0,0,5.2822948972e-05,1.5886609618e-05,4.7629117605e-05,0.775517599884434,0,0,0,0,0,0,0,0,1,0,0,0,0,0,0,0,0,1,1,0,0,0,0,1,1,0,0,0,0,0,0,0,0,0,0,0,0,0,0,0,0,0,0,0,0,1,0,0,0,0,0,0,0,1,0,0,0,0
14746,75.14285714285714,13,1470096000,72.21107032045127,375.0,0,0.000110371401732,0.000104488781161,0.00010954421258,0.05370382085991638,1,0,0,0,0,0,0,0,0,0,0,0,0,0,0,0,0,1,0,0,0,0,0,1,0,0,0,0,0,0,0,0,0,1,0,0,0,0,0,0,0,0,0,0,0,1,0,0,0,0,0,0,1,0,0,0,0,0
78,76.28571428571429,7,1299542400,74.09537948292706,672.0,0,4.2609763364e-05,6.0114146271e-05,4.507115544e-05,-0.38838093242852734,0,0,0,0,0,0,0,0,1,0,0,0,0,0,0,0,0,1,0,0,0,0,0,1,1,0,0,0,0,0,0,0,0,0,0,0,0,0,0,0,0,0,0,0,0,1,0,0,0,0,0,0,1,1,0,0,0,0
15853,65.0,2,1444262400,67.32935210681413,8.0,0,2.5978236448e-05,8.3993093444e-05,3.4136039557e-05,-1.6995482763083547,0,0,1,0,0,0,1,0,0,1,0,1,0,1,0,0,0,1,0,0,0,0,0,1,0,0,0,0,0,0,0,0,0,0,0,0,0,0,0,1,0,0,0,0,0,1,1,1,0,1,0,0,1,0,0,0,0,0
96394,77.33333333333333,3,1616803200,79.83691830237804,27.0,0,5.0239566595e-05,2.3094423241e-05,4.6422531678e-05,0.5847542656775956,0,0,0,0,1,0,0,0,1,0,0,0,0,0,1,0,0,1,1,0,0,0,0,1,1,0,0,0,0,0,0,0,0,0,0,0,0,0,0,0,0,0,0,0,0,1,0,0,0,0,0,0,0,0,1,0,0,0
18225,70.0,15,1561593600,70.41907784301506,116.0,0,2.8104312006e-05,5.6387657595e-05,3.2081396094e-05,-0.8816261981962294,0,0,1,0,0,1,0,0,1,0,0,0,0,0,0,0,0,1,0,0,0,0,0,1,0,0,1,0,0,0,0,0,0,0,0,0,0,0,1,0,0,0,0,1,0,1,0,0,0,0,0,0,1,0,0,0,0,0
1345,81.0,2,1015718400,77.26399828601811,56.0,0,4.0660192192e-05,6.4330962404e-05,4.3988675495e-05,-0.5381223818341283,0,0,0,0,0,0,0,0,1,0,0,0,0,0,1,0,0,0,0,0,0,0,0,1,1,0,0,0,0,1,0,0,0,0,0,0,0,0,0,0,0,0,0,0,0,1,0,0,0,0,0,0,1,0,0,0,0,0
202141,75.0,1,1659484800,,,0,4.4438990637e-05,2.7997697815e-05,4.2127085779e-05,0.3902866487774255,0,0,0,0,0,0,0,0,0,0,0,0,0,0,0,0,0,0,0,0,1,0,0,0,0,0,0,1,0,0,0,1,0,0,0,0,0,0,0,0,0,0,0,0,1,1,0,0,0,0,0,1,0,0,0,0,0,0
313595,90.16666666666667,6,1741046400,87.02207702207701,7.0,0,4.5321512567e-05,1.598467511e-05,4.1196290922e-05,0.7121379396228439,0,0,0,0,0,0,0,0,0,1,0,1,0,0,0,0,0,0,1,0,0,0,0,0,0,0,0,0,0,1,0,1,1,0,0,0,0,0,0,0,0,0,0,0,0,1,0,0,0,0,0,0,0,1,0,0,0,0
430,78.57142857142857,7,1246320000,76.87266647869131,197.0,0,3.1746720699e-05,2.8831254492e-05,3.1336760207e-05,0.09303807630831183,0,0,1,0,0,0,0,0,0,0,0,0,0,0,0,0,0,1,0,0,0,0,0,1,1,0,0,0,0,1,1,0,0,0,0,0,0,0,0,0,0,0,0,0,0,1,1,0,0,0,0,1,0,0,0,0,0,0
18443,64.7,9,1461196800,67.52640152313278,29.0,0,3.1024657302e-05,4.6973370414e-05,3.326729769e-05,-0.4794191143639769,0,1,0,0,0,0,0,0,0,0,0,0,0,0,0,0,0,1,0,0,0,0,0,1,0,0,0,0,0,0,0,0,0,0,0,0,0,0,0,0,0,0,0,0,0,1,1,0,0,0,0,0,1,0,0,0,0,0
11625,85.0,2,1348012800,80.67880824146046,229.0,0,0.000227498107692,3.1429990016e-05,0.000199927840646,0.9807924505515476,1,0,0,0,0,1,0,0,0,0,0,0,0,0,0,0,0,0,1,0,0,0,0,0,1,0,0,0,0,0,0,0,0,0,0,0,0,0,0,0,0,0,0,0,0,1,0,0,0,0,0,1,0,0,0,0,0,0
9924,85.33333333333333,3,1339459200,80.12707388912466,22.0,4,0.000119694042484,5.3739889325e-05,0.000110419849224,0.597336392680737,0,0,0,0,0,0,0,1,0,1,0,1,0,0,0,0,0,0,1,0,0,0,0,1,0,1,0,0,0,0,0,0,0,0,0,0,0,0,0,0,0,1,0,0,0,1,1,1,0,0,0,0,1,1,0,0,0,0
111717,0.0,0,1585180800,64.21090314240331,18.0,0,5.5679110854e-05,2.4271209139e-05,5.1262664938e-05,0.6127014031065436,0,0,1,0,0,0,0,1,1,0,0,1,0,0,0,0,0,1,1,0,0,0,0,1,0,1,0,0,0,0,0,0,0,0,0,0,0,0,0,0,0,0,0,0,0,1,1,1,0,0,0,0,0,1,1,0,0,0
25581,80.66666666666667,3,1598918400,71.39371552445147,21.0,0,8.7810932032e-05,0.000202162010664,0.000103890495667,-1.1007457206751783,0,0,0,0,0,0,0,1,0,0,0,1,0,0,0,0,0,0,0,0,0,0,0,1,1,1,0,0,0,1,0,0,0,0,0,0,0,0,0,0,0,0,0,0,0,1,1,1,0,0,0,0,0,1,0,0,0,0
19133,60.0,1,1268784000,65.35021741648404,41.0,0,5.6617793271e-05,0.000123366388269,6.6003697572e-05,-1.0113190662991598,0,0,0,0,0,0,0,0,1,0,0,0,0,0,1,0,0,1,0,0,0,0,0,1,1,0,0,0,0,0,0,0,0,0,0,0,0,0,0,0,0,0,0,0,0,1,1,1,0,1,0,0,0,0,0,0,0,0
15465,83.88888888888889,9,1466467200,84.77520462417587,144.0,0,0.000285022491673,4.5894650008e-05,0.000251397348885,0.9513143218063923,0,0,0,0,0,0,0,0,0,1,0,0,0,0,0,0,0,1,1,0,1,0,0,0,0,1,0,0,0,0,0,0,0,0,0,0,0,0,0,0,0,0,0,0,0,1,0,0,0,0,0,0,0,0,0,1,0,0
115851,86.83333333333333,6,1630972800,61.71443472348747,36.0,0,4.5730681826e-05,3.9373294825e-05,4.4836733032e-05,0.14179288035168586,0,0,0,0,1,0,0,0,1,1,0,0,0,0,0,0,0,1,1,0,0,0,0,1,1,0,0,0,0,0,0,0,0,0,0,0,0,0,0,0,0,0,0,0,0,1,0,0,0,0,0,0,0,0,1,0,0,0
1381,72.5,4,1318896000,69.9809479923135,146.0,0,0.000301421353717,0.000130083874434,0.000277328604142,0.6178996108502638,0,0,1,0,0,0,0,0,0,0,0,0,0,0,0,0,0,0,0,0,0,0,0,1,0,0,0,0,0,0,0,0,0,0,0,0,0,0,0,0,0,0,0,0,0,1,1,1,0,0,0,1,0,0,0,0,0,0
11394,87.18181818181819,11,1449705600,84.98367175775009,40.0,0,5.3408622616e-05,1.2797546637e-05,4.7698065372e-05,0.8514400781130926,0,0,0,0,0,0,0,0,0,0,0,0,0,0,0,0,0,1,0,0,1,0,0,0,1,1,0,0,0,1,0,0,0,0,0,0,0,0,0,0,0,0,0,0,0,1,0,0,0,0,0,1,0,0,0,1,0,0
71628,87.0,8,1535587200,79.34448907907877,188.0,0,8.8725545668e-05,3.9275229334e-05,8.1772051938e-05,0.604758434713845,0,0,0,0,1,0,0,0,0,0,0,0,0,0,0,0,0,1,1,1,0,0,0,1,0,0,0,0,0,0,0,1,0,0,0,0,0,0,0,0,0,0,0,0,0,1,0,0,0,0,0,0,0,0,1,0,0,0
7551,70.5,2,1051747200,75.16492552624874,68.0,0,5.1459051444e-05,3.3734529065e-05,4.8966704289e-05,0.36197976948927113,0,0,1,0,0,0,0,0,0,0,0,0,0,0,0,0,0,0,0,0,0,0,0,1,0,0,0,0,0,0,0,0,0,0,0,0,0,0,0,1,0,0,0,0,0,0,1,0,0,0,0,1,0,0,0,0,0,0
6801,86.42105263157895,19,1416268800,75.78723871134304,1128.0,0,0.000414127427101,0.000473116963594,0.000422422285507,-0.13967538382262595,0,0,1,0,0,0,0,0,0,0,0,0,0,1,0,0,0,1,0,0,0,0,0,1,0,0,0,0,0,1,1,0,0,0,0,1,0,0,1,1,0,0,0,0,0,1,1,1,0,0,0,1,0,0,0,0,0,0
11346,85.0,6,1435104000,77.82204290836374,276.0,0,6.9943874413e-05,4.9719204175e-05,6.7099967071e-05,0.30142114296963135,1,0,0,0,0,0,0,0,0,1,0,0,0,0,0,0,0,0,1,0,0,0,0,0,0,0,0,0,0,0,0,0,0,1,0,0,0,0,0,0,0,0,0,0,0,1,0,0,0,0,0,1,0,0,0,0,0,0
22679,71.0,2,1379030400,79.6364076194091,13.0,11,7.5022386974e-05,5.5259904443e-05,7.2243470507e-05,0.27356377315306407,0,1,0,0,0,0,0,0,0,0,0,0,0,0,0,0,0,0,0,1,0,0,0,1,0,0,0,0,0,0,0,0,0,0,0,0,0,0,0,0,0,0,0,0,0,1,1,0,1,0,0,0,0,0,1,0,0,0
9643,94.57142857142857,7,1539820800,89.15957908326122,474.0,0,0.000225388077987,4.5257224313e-05,0.000200058841404,0.9004794299214222,0,0,0,0,0,1,0,0,0,0,0,0,0,0,0,0,0,1,1,0,0,0,0,0,1,0,0,0,0,1,0,0,0,0,0,0,0,0,0,0,0,0,0,1,0,1,0,0,0,0,0,1,0,0,0,0,0,0
18398,81.2,10,1478736000,82.53460702967035,118.0,0,8.8894027128e-05,8.1296292428e-05,8.7825665902e-05,0.08651307399877285,0,0,0,0,0,0,0,1,1,0,0,1,0,0,0,0,0,1,0,0,0,0,0,1,1,0,0,0,0,0,0,0,0,0,0,0,0,0,1,0,0,0,0,0,0,1,0,0,0,0,0,0,0,1,0,0,0,0
18081,78.33333333333333,3,1455753600,75.96914768907303,44.0,0,6.9326109062e-05,2.0936982429e-05,6.2521835327e-05,0.7739798272499503,0,0,1,0,0,0,0,0,0,0,0,0,0,0,0,0,0,0,1,0,0,0,0,1,0,0,1,0,0,0,0,0,0,0,0,0,0,0,0,0,0,0,0,0,0,1,0,0,0,0,0,1,0,0,0,0,0,0
36616,75.71428571428571,7,1560816000,73.30201684855959,60.0,0,0.00033301563881,0.000355830635797,0.000336223786912,-0.06786798891900442,0,0,0,0,0,0,0,1,1,0,0,1,0,0,0,0,0,0,1,0,0,0,0,0,0,1,0,0,1,0,0,0,0,0,0,0,0,0,0,0,0,0,0,0,0,1,0,0,0,0,0,0,0,1,0,0,0,0
37057,83.5,2,1592179200,76.06788568892311,39.0,0,0.000105004063813,4.2266226823e-05,9.618213529e-05,0.652312967288868,0,0,0,0,0,0,0,0,1,0,0,1,1,0,0,0,0,0,1,0,0,1,0,0,1,1,0,0,0,0,0,0,0,0,0,0,0,0,0,0,0,0,0,0,0,1,0,0,0,0,0,0,0,0,1,0,0,0
191692,92.75,8,1685664000,80.13324616460255,110.0,0,0.000387122256044,0.000412561522612,0.000390699417803,-0.06512483673730793,0,1,0,0,0,0,0,0,0,0,0,0,0,0,0,0,0,0,0,1,0,0,0,1,1,0,0,0,0,0,0,0,0,0,0,0,0,0,0,0,0,0,0,0,0,1,1,0,0,0,0,0,0,0,1,0,0,0
4844,72.36363636363636,11,1396915200,70.59826102008621,120.0,0,6.3341005792e-05,9.2279627473e-05,6.7410232024e-05,-0.4293057030176012,0,0,0,0,0,1,0,0,1,0,0,0,0,0,0,0,0,1,0,0,0,0,0,1,1,0,0,0,0,0,0,1,0,0,0,0,0,1,0,0,0,0,0,0,0,1,1,1,1,0,0,0,1,0,0,0,0,0
7579,70.0,1,1390348800,74.87400860851204,132.0,0,0.000919186704695,0.000505086313813,0.000860957664216,0.48118350528145293,0,0,1,0,0,0,0,0,0,0,0,1,0,1,0,0,0,0,1,0,0,0,0,1,0,0,0,0,0,0,0,0,0,0,0,0,0,0,0,1,0,0,0,0,0,0,1,1,0,0,0,1,0,0,0,0,0,0
298526,93.0,4,1738627200,92.37907611145215,190.0,0,0.000772439353594,0.000297040373661,0.000705590765533,0.6739978781076612,0,0,0,0,0,0,0,0,1,1,0,0,0,0,0,0,0,1,0,0,0,0,0,1,0,0,0,0,0,1,0,0,0,0,0,0,0,0,1,0,0,0,0,0,0,1,0,0,0,0,0,1,0,0,0,0,0,0
14587,78.5625,16,1452729600,76.44797090701549,412.0,0,8.7137006194e-05,4.8003058074e-05,8.1634156404e-05,0.4794016029027185,0,0,0,0,0,0,0,0,1,0,0,0,0,0,0,0,0,1,1,0,0,0,0,0,1,1,0,1,0,0,0,0,0,1,0,0,0,0,0,0,0,0,0,0,0,1,0,0,0,0,0,0,0,0,1,0,0,0
261269,85.0,1,1707868800,55.00401034242312,6.0,0,0.000231012149559,7.3352987619e-05,0.000208842786949,0.7549967449673953,0,0,0,0,0,0,0,0,0,0,0,0,0,0,1,0,0,0,1,0,0,0,0,1,0,1,0,0,0,0,0,0,0,0,0,0,0,0,0,0,0,0,0,0,0,1,1,1,0,0,0,0,0,0,1,0,0,0
193538,83.0,3,1661817600,70.09686440593735,11.0,0,6.4071092116e-05,0.000138762670429,7.4573905039e-05,-1.0016152870183945,0,0,0,0,0,0,1,0,0,1,1,1,0,0,0,0,0,0,0,0,0,0,0,0,0,0,0,0,0,0,0,0,1,0,0,0,0,0,0,0,0,0,0,0,0,1,0,0,0,0,0,0,0,0,0,1,0,0
113905,80.0,1,1547078400,78.5454125625557,50.0,11,6.9751324174e-05,6.2222554337e-05,6.8692660494e-05,0.1096045540456599,0,0,0,0,1,1,0,0,1,0,0,0,0,0,0,0,0,1,0,0,0,0,0,1,0,0,1,0,0,0,0,0,0,0,0,0,0,0,0,0,0,0,0,0,1,1,1,0,0,0,0,0,1,0,1,0,0,0
133306,72.5,6,1607385600,71.57232142453856,123.0,0,3.6576522534e-05,2.9860942152e-05,3.5632206106e-05,0.18847275430501015,0,0,0,0,1,1,0,0,0,0,0,0,0,0,0,0,0,1,1,0,0,0,0,0,0,0,0,0,0,1,0,0,0,0,0,0,0,0,0,0,0,0,0,1,0,1,0,0,0,0,0,1,0,0,0,0,0,0
132083,76.66666666666667,3,1614729600,75.35680662229244,52.0,0,0.000102396612656,3.1086760796e-05,9.2369323762e-05,0.7720435998258881,0,0,0,1,0,0,0,0,1,0,0,0,0,0,0,0,0,1,1,0,0,0,0,1,0,1,0,0,0,0,0,0,0,0,0,0,0,0,0,0,0,0,0,1,0,1,0,0,0,0,0,0,0,1,0,0,0,0
1384,86.2,10,1350950400,83.08776376836,1237.0,0,0.00083116717657,0.000149942136457,0.000735376200978,0.9267032123961445,0,0,1,0,0,0,0,0,0,0,0,0,0,0,0,0,0,0,1,1,0,0,0,1,0,0,0,0,0,0,0,0,0,0,0,0,0,0,0,0,0,0,0,0,0,1,0,0,0,0,0,0,0,1,0,0,0,0
195517,91.75,8,1663545600,81.2999240920527,83.0,0,6.2618942395e-05,3.4960347709e-05,5.8729708129e-05,0.4709610817048995,1,0,0,0,0,1,0,0,0,0,0,0,0,0,0,0,0,1,0,0,0,0,0,1,1,0,0,0,0,0,0,1,0,0,0,0,0,0,0,0,0,0,0,0,0,1,0,0,0,0,0,0,0,0,1,0,0,0
560,74.0,4,1266278400,69.77119939386552,176.0,0,0.000145816691611,8.7180221916e-05,0.00013757147996,0.4262547947622231,0,0,1,0,0,0,0,0,0,0,0,0,0,0,0,0,0,0,0,0,0,0,0,1,0,1,1,0,1,0,0,0,0,0,0,0,0,0,0,0,0,0,0,0,0,1,1,1,0,0,0,1,0,0,0,0,0,0
120646,90.0,1,1568246400,70.66664868642097,15.0,0,7.0369089525e-05,8.090403046e-06,6.1611724799e-05,1.010856378572877,0,0,0,0,0,0,0,0,0,0,0,0,0,0,0,0,0,0,1,0,0,0,0,0,0,0,0,0,0,0,0,0,0,0,0,0,0,0,0,0,0,0,0,0,0,1,1,1,0,0,0,0,0,0,0,0,0,0
8902,60.0,4,1383177600,62.65563948124139,34.0,8,9.1573684624e-05,3.3930660048e-05,8.3468167012e-05,0.6906277241364219,0,0,0,0,0,0,0,0,1,0,0,1,1,0,0,0,0,1,0,0,0,0,0,1,1,1,0,0,0,0,0,1,0,0,0,0,0,0,0,0,0,0,0,0,0,1,0,0,0,0,0,0,1,0,0,0,0,0
17004,38.66666666666666,3,1453939200,51.8583899612664,11.0,0,4.116563657e-05,3.2067415711e-05,3.9886283344e-05,0.22810855116361753,0,0,0,0,0,0,0,0,0,1,0,1,0,0,0,0,0,0,1,0,0,0,0,0,0,0,0,0,0,0,0,0,1,0,0,0,0,0,0,0,0,0,0,0,0,1,0,0,0,0,0,0,0,0,1,0,0,0
103218,82.11111111111111,9,1536537600,55.6759519573808,59.0,0,7.1131267555e-05,0.000677926742528,0.000156456273405,-3.87867439897287,0,0,0,0,0,0,0,0,0,1,1,0,0,0,0,0,0,0,0,0,0,0,0,1,0,0,0,0,0,0,0,0,0,0,1,0,0,0,0,0,0,0,0,0,0,1,1,0,0,0,0,0,1,0,0,0,0,0
498,80.0,8,1255996800,78.93578822420756,1002.0,0,0.000232215588554,0.000175488196985,0.000224238823372,0.2530059278761709,0,0,1,0,0,0,0,0,1,0,0,0,0,0,0,0,0,0,0,0,0,0,0,1,0,1,0,0,0,0,0,0,0,0,0,0,0,0,1,0,0,0,0,0,0,1,1,1,1,0,0,1,0,0,0,0,0,0
135655,55.83333333333334,5,1646092800,65.10270216071036,51.0,0,2.802408274e-05,7.8795622396e-05,3.5163361289e-05,-1.4439015622675309,0,0,1,0,0,0,0,0,1,0,0,0,0,0,0,0,0,1,1,1,0,0,0,1,1,1,1,0,0,0,0,1,0,0,0,0,0,0,0,0,0,0,0,0,0,1,0,0,0,0,0,1,0,0,0,0,0,0
228525,93.0,4,1758758400,89.69503886828642,126.0,0,0.000488146948245,0.000161219667976,0.000442175820819,0.7395238256289942,0,0,0,0,0,0,0,0,1,0,0,0,0,0,1,0,0,1,1,0,0,0,0,1,1,0,0,0,0,0,0,0,0,0,0,0,0,0,0,0,0,0,0,0,0,1,0,0,0,0,0,0,0,1,0,0,0,0
296924,98.0,1,1721865600,73.41388539563314,11.0,0,6.2281979476e-05,5.3543758342e-05,6.1053247885e-05,0.14312896008638382,0,0,0,0,0,0,0,0,0,0,0,1,0,0,0,0,0,0,1,0,0,0,0,0,0,0,0,0,0,0,0,0,0,0,0,0,0,0,0,0,0,0,0,0,0,1,0,0,0,0,0,0,0,1,0,0,0,0
11492,67.82608695652173,23,1475798400,66.97328542802624,471.0,0,0.000259670043503,0.001183748547527,0.000389610043081,-2.37226561245938,0,0,1,0,0,0,1,0,0,0,0,0,0,0,0,0,0,1,0,0,0,0,0,1,0,0,0,0,0,0,0,0,0,1,0,0,0,0,1,0,0,0,0,0,0,1,0,0,0,0,0,0,1,0,0,0,0,0
267306,84.0,6,1745280000,66.81086975806913,86.0,9,0.000339498163532,0.000502193381815,0.000362375675024,-0.4490497186019566,0,0,0,0,0,0,0,0,1,0,0,0,0,0,0,0,0,1,0,0,0,0,0,1,1,0,0,0,0,0,0,0,0,0,0,1,0,0,1,0,0,0,0,0,0,1,0,0,0,0,0,1,1,0,0,0,0,0
122559,85.75,4,1568851200,82.37988085995744,45.0,0,0.000165392632603,4.0059753265e-05,0.000147768854734,0.8482311071815928,0,0,0,0,0,1,0,0,0,1,0,1,0,0,0,0,0,0,1,0,0,0,0,0,0,0,0,0,0,0,0,0,0,0,0,0,0,0,0,0,0,0,0,0,0,1,0,0,0,0,0,0,0,1,0,0,0,0
8074,60.0,1,1118275200,84.26484627706921,42.0,0,8.0502045866e-05,4.3197848992e-05,7.5256487935e-05,0.4957127494447633,0,0,1,0,0,0,0,0,1,0,0,0,0,0,0,0,0,1,1,0,0,0,0,1,0,0,1,0,1,0,0,0,0,1,0,0,0,0,1,0,0,0,0,1,0,1,0,0,0,0,0,1,0,0,0,0,0,0
24428,79.0909090909091,11,1501200000,79.5952875794878,25.0,0,3.2629242629e-05,4.3639143704e-05,3.4177408217e-05,-0.3221452355007295,0,0,0,0,1,0,0,0,0,0,0,0,0,0,0,0,0,1,1,0,0,0,0,1,1,0,1,0,0,0,0,0,0,0,0,0,0,0,0,0,0,0,0,0,0,1,1,1,0,0,0,0,0,0,1,0,0,0
55123,75.0,1,1543536000,79.794268027655,20.0,0,0.00015204248268,0.000240064323117,0.000164419740521,-0.5353923818627973,0,0,0,0,0,0,0,0,0,1,0,1,0,0,0,0,0,0,0,0,0,0,0,1,0,1,0,0,0,0,0,0,0,0,0,1,0,0,0,0,0,1,0,0,0,1,0,0,0,0,0,1,0,0,0,0,0,0
54844,84.0,8,1565827200,76.12594271037642,46.0,0,5.6393151325e-05,3.4077758286e-05,5.3255255411e-05,0.4190382163690565,0,0,1,0,0,0,0,0,0,0,0,0,0,0,0,0,0,0,1,0,0,0,0,1,0,1,0,0,0,0,0,0,0,0,0,0,0,0,0,0,0,0,0,0,0,1,0,0,0,0,0,1,0,0,0,0,0,0
2480,83.33333333333333,3,1256601600,74.3080755683315,256.0,0,5.0696873413e-05,3.1233859033e-05,4.7960066887e-05,0.405826813083134,0,0,0,0,0,0,0,0,1,0,0,0,0,0,1,0,0,0,0,0,0,0,0,1,1,0,0,0,0,1,0,0,0,0,0,0,0,0,0,0,0,0,0,0,0,1,0,0,0,0,0,0,0,1,0,0,0,0
25964,76.85714285714286,7,1479340800,75.19346524438707,25.0,0,0.000194933048477,0.000128907088537,0.000185648758052,0.3556828995894415,0,1,0,0,0,0,0,0,1,0,0,1,0,0,1,0,0,1,1,0,0,0,0,1,0,1,0,0,0,0,0,0,0,0,0,0,0,0,0,0,0,0,0,0,0,1,0,0,0,0,0,0,0,0,1,0,0,0
1161,60.0,6,1144368000,74.70090904382911,289.0,0,3.7627525923e-05,3.2557743168e-05,3.6914634577e-05,0.13734055306542364,0,0,1,0,1,0,0,0,0,0,0,0,0,0,0,0,0,1,0,0,0,0,0,1,0,0,0,0,0,0,0,0,0,0,0,0,0,0,0,0,0,0,0,0,0,1,0,0,0,0,0,0,1,0,0,0,0,0
136879,88.0,4,1724112000,89.38855215615234,215.0,0,0.008919247999854,0.001881778715807,0.007929668919923,0.8909999932491774,0,0,0,0,0,0,0,0,1,0,0,0,0,0,1,0,0,1,0,0,0,0,0,1,1,0,0,0,0,0,0,0,0,0,0,0,0,0,0,0,0,0,0,0,0,1,0,0,0,0,0,0,1,0,0,0,0,0
866,86.6,5,1285027200,85.20967306287046,1138.0,0,0.001570279292919,0.00041878868132,0.001408361567387,0.8181856887091955,0,0,0,0,0,0,0,0,0,1,0,1,1,0,0,0,0,0,0,0,0,0,0,0,1,1,0,0,0,1,0,0,0,0,0,0,0,0,0,1,0,1,0,0,0,1,1,0,0,0,0,0,0,1,0,0,0,0
27922,85.33333333333333,2,1513036800,56.33997795229242,5.0,11,4.0355320979e-05,0.000160288045807,5.7219752027e-05,-2.0960621430004087,0,0,0,0,0,0,0,0,1,0,0,0,0,0,0,0,0,0,0,0,0,0,0,0,0,1,0,0,0,0,0,0,0,0,0,0,0,0,0,0,0,0,0,0,0,1,0,0,0,0,0,0,0,0,0,0,0,1
131890,89.125,8,1693180800,83.26488915687636,126.0,0,9.0907781713e-05,6.7027763419e-05,8.7549874833e-05,0.27277096250116206,0,0,0,0,0,0,0,0,1,0,0,0,0,0,0,0,0,1,1,0,0,0,0,0,1,0,0,0,0,0,0,0,0,0,0,0,0,0,1,0,0,0,0,0,0,1,1,1,0,0,0,0,0,1,0,0,0,0
101461,83.33333333333333,3,1567641600,83.0451373833676,58.0,0,0.000556020907586,0.000554070026802,0.000555746583006,0.0035113537197334066,0,0,0,0,0,0,0,0,0,1,0,1,0,0,0,0,0,1,1,0,0,0,0,1,0,0,0,0,1,0,0,0,0,0,0,0,0,0,1,0,0,0,0,0,0,1,1,1,0,0,0,1,0,0,0,0,0,0
125373,84.25,4,1614038400,69.60132402082925,45.0,0,5.7821232266e-05,6.6537435962e-05,5.9046867858e-05,-0.14761936309125673,0,0,0,0,0,0,1,0,1,1,0,0,0,0,0,0,0,1,1,0,0,0,0,1,1,0,0,0,0,0,0,0,0,0,0,0,0,0,0,0,0,0,0,0,0,1,0,0,0,0,0,0,0,1,0,0,0,0
138766,77.16666666666667,6,1635379200,55.86555078347185,31.0,0,0.000131287171473,0.000154306050827,0.000134523988648,-0.1711250747645982,0,0,0,0,0,0,1,0,0,1,1,0,0,0,0,0,0,0,0,0,0,0,0,1,0,0,0,0,0,0,0,0,0,0,0,0,0,0,1,0,0,0,0,0,0,1,1,1,0,0,0,0,1,0,0,0,0,0
1369,77.72727272727273,11,1372118400,78.87097965985282,123.0,0,0.000695692037394,0.001133244819421,0.000757218853637,-0.5780606500135276,0,0,0,0,0,0,0,1,0,1,0,1,0,0,0,0,0,0,0,0,0,0,0,0,0,0,0,0,0,0,0,0,0,0,0,0,0,0,0,1,0,0,0,0,0,1,1,1,0,0,0,0,0,1,0,0,0,0
7570,70.91666666666667,12,1415664000,72.62347077750275,563.0,0,0.000123962239454,0.000128024499113,0.000124533457176,-0.032621856724241775,0,0,0,0,0,0,0,0,1,0,0,0,0,0,0,0,0,1,0,0,0,0,0,1,1,0,0,0,0,1,1,0,0,0,0,0,0,0,1,0,0,0,0,0,0,1,1,0,0,0,0,0,1,0,0,0,0,0
27421,83.89473684210526,19,1507593600,79.510172646825,461.0,0,0.000762603245539,0.000596483351863,0.00073924417072,0.22479891526683687,0,0,0,0,0,0,0,0,1,0,0,0,0,0,0,0,0,1,0,0,0,0,0,1,1,0,0,0,0,0,0,0,0,0,0,0,0,0,1,0,0,0,0,0,0,1,0,0,0,0,0,0,1,0,0,0,0,0
18279,82.25,8,1524528000,80.12227160941367,33.0,0,0.000212110134404,0.00025129282189,0.000217619837718,-0.18007067373704688,0,0,0,0,0,0,0,0,0,0,0,1,1,0,0,0,0,1,0,0,0,0,0,1,0,1,0,0,0,0,0,0,0,0,0,0,0,0,0,0,0,0,0,0,0,1,1,0,0,0,0,0,0,1,0,0,0,0
306153,82.0,2,1745452800,80.02197930241265,22.0,0,3.8124947375e-05,2.838995978e-05,3.6756054712e-05,0.264858853325029,0,0,0,0,0,0,0,0,1,1,0,1,0,0,0,0,0,1,0,0,1,0,0,0,0,1,0,0,1,0,0,0,0,0,0,0,0,0,0,0,0,0,0,0,0,1,0,0,0,0,0,1,0,1,1,0,0,0
787,78.33333333333333,3,1128988800,71.57033256763481,182.0,0,9.1108354879e-05,6.4330962404e-05,8.7343031531e-05,0.30659070790084464,0,0,1,0,0,0,0,0,0,0,0,0,0,0,0,0,0,0,1,0,0,0,0,1,0,1,0,0,0,0,0,1,0,0,0,0,0,0,0,1,0,0,0,0,0,1,1,1,1,0,0,1,1,0,0,0,0,0
76885,83.85714285714286,14,1539820800,79.4892602151197,122.0,0,8.9431563212e-05,0.000117384393289,9.336217161e-05,-0.299416074445315,0,1,0,0,0,0,0,0,0,0,0,0,0,0,0,0,0,0,0,0,0,0,0,1,0,0,0,0,0,0,0,0,0,0,0,0,0,0,0,0,0,0,0,0,0,1,1,0,0,0,0,0,0,0,1,0,0,0
500,89.4,5,1251158400,85.65949840793459,2545.0,0,0.00017303045876,4.4913995093e-05,0.00015501526507,0.8265404917147952,0,0,0,0,0,0,0,0,0,0,0,0,0,0,1,0,0,1,0,0,0,0,0,1,0,1,1,0,0,0,1,0,0,0,0,0,0,0,1,0,0,0,0,0,0,1,0,0,0,0,0,0,1,0,0,0,0,0
18166,72.5,2,1496102400,70.19903375499706,38.0,0,0.000400761231325,0.000373188227787,0.000396884032524,0.06948748893516143,0,0,1,0,0,0,0,0,0,1,0,1,0,0,0,0,0,0,1,0,0,0,0,1,0,0,0,0,0,1,0,0,0,0,0,0,0,0,0,1,0,0,0,0,0,0,1,0,0,1,0,1,0,0,0,0,0,0
117820,72.0,1,1576022400,74.96622957421837,19.0,0,0.000200252248836,0.000130770332874,0.000190481996535,0.36480367983859835,0,0,0,0,0,0,0,0,0,1,0,1,0,0,0,0,0,0,0,0,0,0,0,0,0,0,0,0,0,0,0,0,1,0,0,1,0,0,0,0,0,0,0,0,0,1,0,0,0,0,0,0,0,1,0,0,0,0
1182,63.2,15,1393286400,73.30720833547574,126.0,0,3.9553028316e-05,4.4129471161e-05,4.0196548297e-05,-0.1138539256946173,0,0,0,0,0,0,0,0,0,0,0,0,0,0,1,0,0,1,0,0,0,0,0,1,1,0,1,0,0,0,0,0,0,0,0,0,0,0,1,0,0,0,0,0,0,1,0,0,0,0,0,0,1,0,0,0,0,0
7708,64.27272727272727,11,1421712000,67.90321847960679,158.0,4,5.7684842513e-05,0.000115815345425,6.5858907261e-05,-0.8826811666690706,0,0,1,0,0,0,0,0,0,0,0,0,0,0,0,0,0,1,0,0,0,0,0,1,0,0,1,0,0,0,0,1,0,0,0,0,0,0,1,0,0,0,0,0,0,1,1,1,0,0,0,0,1,0,0,0,0,0
252836,86.33333333333333,3,1698710400,75.32503307678103,92.0,0,3.7298585931e-05,1.6965330024e-05,3.4439409733e-05,0.5904167985252153,0,0,0,0,1,1,0,0,0,0,0,0,0,0,0,0,0,1,0,0,0,0,0,1,1,0,0,0,0,0,0,0,0,0,0,0,0,0,0,0,0,0,0,0,0,1,0,0,0,0,0,0,1,0,0,0,0,0
9740,89.83333333333333,6,1382400000,88.89560838843889,159.0,10,0.000207866006214,0.000108656564548,0.000193915595343,0.5116610673247779,0,0,1,0,0,1,0,0,1,0,0,0,0,0,0,0,0,1,0,0,0,0,0,1,0,1,0,1,0,0,1,0,0,0,0,0,0,0,0,0,0,0,0,0,0,1,0,0,0,0,0,1,1,0,0,0,0,0
119270,87.33333333333333,6,1631232000,82.41869873627235,81.0,0,0.000243728488277,0.00021589117947,0.00023981412399,0.1160926058078115,0,0,0,0,0,0,0,0,1,0,0,0,0,0,0,0,0,1,0,0,0,0,0,1,1,0,0,0,0,0,0,0,0,0,0,0,0,0,0,0,0,0,0,0,0,1,0,0,0,0,0,0,1,0,0,0,0,0
73,88.5,4,1195516800,86.23317521862936,2473.0,0,0.000123504932636,5.0994055564e-05,0.000113308760671,0.6399768616637247,0,0,1,0,0,0,0,0,1,0,0,0,0,0,0,0,0,0,0,0,0,0,0,1,0,1,0,0,0,0,0,0,0,0,0,0,0,0,0,0,0,0,0,0,1,1,0,0,0,0,0,0,1,0,0,0,0,0
20734,81.5,4,1332374400,86.95490295992882,63.0,3,0.00012759662522,5.9525753322e-05,0.00011802478795,0.5767846740206513,0,0,0,0,0,0,0,0,0,0,0,0,0,0,1,0,0,1,0,0,0,0,0,1,1,0,1,0,0,0,0,0,0,0,0,0,0,0,0,0,0,0,0,0,0,1,0,0,0,0,0,0,1,0,0,0,0,0
18366,76.21052631578948,19,1486944000,73.68045611116327,184.0,0,0.000432620272997,0.000256539325684,0.000407860517067,0.43180657537574263,0,0,1,0,0,0,0,0,0,0,0,0,0,1,0,0,0,1,0,0,0,0,0,1,0,0,0,0,0,1,1,0,0,0,0,0,0,0,1,1,0,0,0,0,0,1,1,1,0,0,0,0,1,0,0,0,0,0
116238,80.57142857142857,7,1653436800,70.63849465807289,57.0,0,0.000148047065215,0.000183872796505,0.000153084727588,-0.2340434213831202,0,0,1,0,0,0,0,0,0,1,0,0,0,0,0,0,0,1,0,0,0,0,0,1,0,0,0,0,0,1,1,0,0,0,0,0,0,0,1,0,0,0,0,0,0,1,1,1,0,0,0,1,1,0,0,0,0,0
279900,86.0,1,1750118400,,,0,4.2224662886e-05,8.286534029e-06,3.7452427161e-05,0.9061833092895961,0,0,0,0,1,0,0,0,0,1,1,0,0,0,0,0,0,0,1,1,0,0,0,1,0,0,0,0,0,0,0,0,0,0,0,0,0,0,0,0,0,0,0,0,0,1,1,0,0,0,0,1,1,0,0,0,0,0
172024,100.0,2,1691712000,70.68357287337827,13.0,0,4.9429251005e-05,1.5935642364e-05,4.4719521827e-05,0.7489873812621358,0,0,1,0,0,0,0,0,0,0,0,0,0,0,0,0,0,0,1,0,0,0,0,1,0,1,0,0,0,0,0,0,0,0,0,0,0,0,0,0,0,0,0,0,0,1,0,0,0,0,0,1,0,0,0,0,0,0
74,95.6,9,1264464000,91.3516501254642,2697.0,0,0.00011881954348,4.8101123566e-05,0.000108875419238,0.6495705834055786,0,0,1,0,0,0,0,0,1,0,0,0,0,0,0,0,0,1,0,0,0,0,0,1,0,1,0,0,0,0,0,0,0,0,0,0,0,0,0,0,0,0,0,0,0,1,0,0,0,0,0,0,1,0,0,0,0,0
121919,76.0,1,1670284800,85.78073674710161,9.0,0,3.5702023531e-05,6.5801944776e-05,3.9934546781e-05,-0.7537464346203021,0,0,0,0,0,0,0,1,0,1,0,1,0,0,0,0,0,0,0,0,0,0,0,0,0,0,0,0,0,1,0,0,0,0,0,0,0,0,0,0,0,0,0,0,0,1,1,1,0,0,0,0,0,1,0,0,0,0
7344,88.28571428571429,14,1426032000,86.586049077926,1474.0,0,0.000434441477343,0.000159944816587,0.000395842921239,0.6935856907409418,0,0,0,0,1,1,0,0,0,0,0,0,0,0,0,0,0,1,0,0,0,0,0,1,1,0,0,1,0,0,0,0,0,0,0,0,0,0,0,0,0,0,0,0,0,1,0,0,0,0,0,0,0,0,1,0,0,0
1183,89.75,8,1345852800,80.05945214540802,314.0,0,0.000153647068007,0.000117286327797,0.00014853417495,0.24481531312015653,0,0,0,0,0,0,0,0,1,0,0,0,0,0,0,0,0,1,0,0,0,0,0,0,1,0,0,0,0,0,0,0,0,0,0,0,0,0,0,0,0,0,0,0,0,0,1,1,0,1,0,1,1,0,0,0,0,0
115846,72.0,1,1743033600,85.60933651058872,18.0,0,0.000164566271159,7.4186544297e-05,0.000151857457331,0.5952067859866284,0,0,0,0,0,0,0,0,1,0,0,0,0,0,1,0,0,1,1,0,0,0,0,1,0,1,0,0,0,0,0,0,0,0,0,0,0,0,0,0,0,0,0,0,0,1,0,0,0,0,0,0,1,0,0,0,0,0
13664,65.0,2,1445385600,75.04734747530834,49.0,0,9.1525547064e-05,4.0893309943e-05,8.4405856647e-05,0.599891712862734,0,0,0,0,0,1,0,0,0,0,0,0,0,0,0,0,0,1,1,0,0,0,0,0,0,0,1,0,0,0,0,0,0,0,0,0,0,0,0,0,0,0,0,0,0,1,0,0,0,0,0,0,0,0,1,0,0,0
111837,75.71428571428571,7,1587600000,71.25692777919197,59.0,0,0.000102372543876,8.5856337781e-05,0.000100050105032,0.16508760585526472,0,0,0,0,0,0,0,0,1,1,0,0,0,0,0,0,0,1,1,0,0,0,0,1,0,1,0,0,0,0,0,0,0,0,0,0,0,0,0,0,0,0,0,0,0,1,0,0,0,0,0,0,1,0,0,0,0,0
5452,85.33333333333333,1,748742400,74.28707767005585,167.0,0,3.9079675644e-05,2.7507370357e-05,3.7452427161e-05,0.30899257720627693,0,0,0,0,1,0,0,0,0,0,0,0,0,0,0,0,0,0,0,0,0,0,0,1,0,1,0,0,0,0,0,0,0,0,0,0,0,0,0,0,0,0,0,0,0,1,0,0,0,0,0,0,0,0,1,0,0,0
113112,93.52941176470588,17,1600300800,89.40480997228198,1641.0,0,0.002204932904465,0.000240848847049,0.001928751735355,1.019300477273711,0,0,0,0,0,0,0,0,1,0,0,0,0,0,1,0,0,1,1,0,0,0,0,1,1,0,0,0,0,0,0,0,0,1,0,0,0,0,0,0,0,0,0,0,0,1,0,0,0,0,0,0,0,1,0,0,0,0
22788,83.2,5,1706745600,82.84122081599341,43.0,0,0.000345916504841,0.000239426897423,0.000330942387942,0.3218301169307793,0,0,0,0,0,0,0,0,1,0,0,0,0,0,1,0,0,1,0,0,0,0,0,1,1,0,0,0,0,0,0,0,0,0,0,0,0,0,0,0,0,0,0,0,0,1,1,1,0,0,0,0,1,0,0,0,0,0
149657,90.8,5,1744243200,86.88488259434799,106.0,0,5.8615502003e-05,5.3739889325e-05,5.7929914029e-05,0.08416642731607289,0,0,0,0,0,1,0,0,0,0,0,1,0,0,0,0,0,1,1,0,0,0,0,0,0,0,0,0,0,0,0,0,0,0,0,0,0,0,0,0,0,0,0,1,0,1,0,0,0,0,0,1,0,0,0,0,0,0
34705,85.125,8,1516665600,75.66192428065725,89.0,0,3.2877953355e-05,3.0988695304e-05,3.2612293901e-05,0.05793179906593558,0,0,0,0,1,1,0,0,0,0,0,0,0,0,0,0,0,1,1,0,0,0,0,1,0,1,0,0,0,0,0,0,0,0,0,0,0,0,0,0,0,0,0,0,0,1,0,0,0,0,0,0,0,0,1,0,0,0
10067,85.0,2,1233619200,83.69911966901535,68.0,3,9.3667668476e-05,8.3895027952e-05,9.2293481218e-05,0.10589146019409852,0,0,0,0,0,0,1,0,0,0,0,0,0,0,0,0,0,0,0,0,0,0,0,1,0,0,0,0,0,0,0,0,0,0,0,1,0,0,1,0,0,0,0,0,0,1,1,1,0,0,0,0,1,0,0,0,0,0
1122,78.47058823529412,17,1352678400,73.96742325916857,889.0,0,0.000542855284977,0.000551324193041,0.000544046146906,-0.015570759285298032,0,0,1,0,0,0,0,0,0,0,0,0,0,0,0,0,0,0,0,0,0,0,0,1,0,1,0,0,0,0,0,0,0,0,0,0,0,0,0,1,0,0,0,0,0,1,1,1,1,0,0,1,0,0,0,0,0,0
9509,76.77777777777777,18,1446768000,67.53072501294898,571.0,0,0.001767250164761,0.002799671715961,0.001912424904074,-0.5403655061068613,0,0,1,0,0,0,0,0,0,0,0,0,0,0,0,0,0,1,0,0,0,0,0,1,0,1,0,0,0,0,0,0,0,0,0,0,0,0,0,1,0,0,0,0,0,1,1,1,1,0,0,1,0,0,0,0,0,0
103210,82.42857142857143,14,1542067200,81.12490309522639,303.0,0,0.000546882794148,0.00033234395059,0.000516715251975,0.4153046880499776,0,0,1,0,0,0,0,0,0,0,0,0,0,1,0,0,0,1,0,0,0,0,0,1,0,0,0,0,0,0,1,0,0,0,0,0,0,0,0,0,0,0,0,0,0,1,1,1,0,0,0,1,1,0,0,0,0,0
9637,82.5,2,1489881600,73.75823985529539,19.0,0,3.3736406505e-05,9.3897708082e-05,4.2196033547e-05,-1.4257873500174256,0,0,0,0,0,0,0,1,0,0,0,1,0,1,0,0,0,0,1,0,0,0,0,1,1,0,0,0,0,0,0,0,0,0,0,0,0,0,0,0,0,0,0,0,0,1,1,1,0,0,0,0,1,0,0,0,0,0
20740,88.2,5,1334534400,85.29244419225495,230.0,10,0.000625387131282,0.000446884444626,0.000600286840638,0.2974515608480458,0,0,0,0,0,0,0,0,1,0,0,0,0,0,0,0,0,1,0,0,0,0,0,1,1,0,0,0,0,0,0,0,0,0,0,0,0,0,0,0,0,0,0,0,0,1,0,0,0,0,0,0,1,0,0,0,0,0
489,83.75,4,1298937600,67.63196931729898,50.0,0,6.6967368631e-05,0.000141998831648,7.75179747e-05,-0.9679609331041406,0,0,0,0,0,0,0,0,1,0,0,0,0,0,0,0,0,0,0,0,0,0,0,1,1,0,0,0,0,0,0,0,0,0,0,0,0,0,0,0,0,0,0,0,0,0,1,1,0,1,0,0,1,0,0,0,0,0
126290,81.81818181818181,11,1633564800,68.70500719185051,240.0,0,0.000155733028933,0.000379366353749,0.000187179398484,-1.1948657584656777,0,0,1,0,0,0,0,0,0,0,0,0,0,0,0,0,0,1,0,0,0,0,0,1,0,0,0,0,1,0,0,0,0,0,0,0,0,0,1,0,0,0,0,0,0,1,1,1,0,0,0,1,0,0,0,0,0,0
1020,88.13793103448276,27,1379376000,89.64474864843237,5696.0,0,0.013959731888233,0.012286429295222,0.013724439175242,0.12275613267036281,0,0,1,0,0,0,1,0,0,0,0,0,0,0,0,0,0,1,0,0,0,0,0,1,0,0,0,0,0,0,0,1,0,0,0,1,0,0,1,0,0,0,0,0,0,1,1,1,0,0,0,1,1,0,0,0,0,0
55935,94.5,2,1506038400,81.86930060806736,518.0,0,0.001630635770002,0.000366274610638,0.001452846666805,0.870896721233945,0,0,0,0,0,0,0,0,0,0,0,0,0,0,0,0,0,1,1,0,1,0,0,0,0,0,1,0,0,0,0,0,0,0,0,0,0,0,0,0,0,0,0,0,1,1,0,0,0,0,0,0,0,0,0,1,0,0
31819,70.0,1,1539648000,81.07739465242537,29.0,0,3.7475090317e-05,1.402336528e-05,3.4177408217e-05,0.6861879533229795,0,0,0,0,0,0,0,0,0,0,0,0,0,0,0,0,0,0,1,0,0,0,0,0,0,0,0,0,0,0,0,0,0,0,0,0,0,0,0,0,0,0,0,1,0,1,0,0,0,0,0,0,0,0,0,0,0,0
103020,51.35714285714285,14,1542153600,60.8993894284794,275.0,0,0.000716720128107,0.001628622649579,0.000844947992665,-1.0796968929017838,0,0,1,0,0,0,0,0,1,0,0,0,0,0,0,0,0,0,0,0,0,0,0,1,0,1,0,0,1,0,0,0,0,0,0,0,0,0,1,0,0,0,0,0,0,0,1,1,0,1,0,1,1,0,0,0,0,0
133302,80.8,10,1624492800,77.08752902600077,90.0,0,0.000111422405122,0.000158718997943,0.000118073051387,-0.40059424599388727,0,0,0,0,0,0,0,0,1,0,0,0,0,0,0,0,0,1,0,0,0,0,0,1,1,0,0,0,0,0,0,0,0,0,0,0,0,0,0,0,0,0,0,0,0,1,0,0,0,0,0,0,1,0,0,0,0,0
9804,50.0,1,1051574400,73.61847430363444,53.0,0,7.1259634382e-05,0.000260118716123,9.7816197374e-05,-1.9308491170117126,0,0,0,0,1,0,0,0,1,0,0,0,0,0,0,0,0,1,0,0,0,0,0,1,1,0,0,0,0,0,0,0,0,0,0,0,0,0,0,0,0,0,0,0,0,1,1,1,0,1,0,0,0,0,1,0,0,0
2113,68.44444444444444,18,1447718400,67.77290414393956,435.0,0,3.3022366034e-05,5.5357969934e-05,3.6163103914e-05,-0.6176463119168608,0,0,1,0,0,0,0,0,0,0,0,0,0,0,0,0,0,0,0,0,0,0,0,1,0,1,0,0,0,0,0,0,0,0,0,0,0,0,0,0,0,0,0,0,0,1,1,1,0,0,0,1,1,0,0,0,0,0
204618,69.0,5,1670889600,72.23849388807581,184.0,0,0.000138010383994,0.000105224272347,0.000133400140043,0.24578908555685322,0,0,1,0,0,0,0,0,0,0,0,0,0,0,0,0,0,1,0,0,0,0,0,1,0,1,0,0,0,0,0,1,0,0,0,0,0,0,0,0,0,0,0,0,0,1,0,0,0,0,0,1,0,0,0,0,0,0
2993,79.52272727272727,11,1381449600,83.46087488359015,1174.0,0,0.000280112460572,3.7461017741e-05,0.000245991843934,0.9865420042567744,1,0,0,0,0,0,0,0,0,0,0,0,0,0,0,0,0,1,0,0,0,0,0,1,1,0,0,1,0,0,0,0,0,1,0,0,0,0,0,0,0,0,0,1,0,1,0,0,0,0,0,0,1,1,0,0,0,0
166722,89.0,3,1665619200,86.98714544789327,78.0,0,6.7906051048e-05,7.452977352e-06,5.9405396248e-05,1.0176662915476515,1,0,0,0,0,1,0,0,0,0,0,0,0,0,0,0,0,1,1,0,0,0,0,0,0,0,0,1,0,1,0,0,0,0,0,0,0,0,0,0,0,0,0,1,0,1,0,0,0,0,0,0,0,0,1,0,0,0
157439,69.5,2,1627344000,78.54201118087188,10.0,0,4.6894006188e-05,3.6186166352e-05,4.538831517e-05,0.2359215758386214,0,0,0,0,0,0,0,0,0,0,0,1,0,0,0,0,0,1,1,0,0,0,0,1,0,1,0,0,1,0,0,0,0,0,0,0,0,0,0,0,0,0,0,0,0,1,0,0,0,0,0,0,0,0,1,1,0,0
314239,100.0,1,1747699200,83.54807849804105,12.0,0,4.6404607663e-05,9.2377692964e-05,5.2869147914e-05,-0.8695865619775012,0,0,0,0,0,0,0,0,0,1,0,0,0,0,0,0,0,1,0,0,0,0,0,0,0,0,0,0,0,0,0,0,0,0,0,1,0,0,0,0,0,0,0,0,0,1,1,1,0,0,0,1,1,0,0,0,0,0
121947,64.75,4,1582070400,70.21298355655208,56.0,0,3.5252739639e-05,9.8359687944e-05,4.4126571029e-05,-1.430166431919305,0,0,0,0,0,0,0,0,0,0,0,0,0,0,0,0,0,1,1,0,0,0,0,0,0,0,1,0,0,0,0,0,0,0,0,0,0,0,0,0,0,0,0,1,0,1,0,0,0,0,0,1,0,0,0,0,0,0
23275,84.0,1,1562803200,65.26949345867585,45.0,0,0.000169091201782,4.2021063095e-05,0.000151223137872,0.8403459166743098,0,0,1,0,0,0,0,0,1,0,0,0,0,0,1,0,0,1,1,0,0,0,0,1,0,0,0,0,0,0,1,1,0,0,0,1,0,0,0,0,0,0,0,0,0,1,1,1,1,0,0,0,0,1,0,0,0,0
1878,60.0,1,1427932800,72.8369858622057,28.0,0,5.4034410894e-05,5.40340858e-05,5.4034365181e-05,6.01659299524216e-06,0,0,0,0,0,0,0,1,0,1,0,1,0,0,0,0,0,0,1,0,0,0,0,0,1,0,0,0,0,0,0,0,0,0,0,0,0,0,0,0,0,0,0,0,0,1,1,1,0,0,0,1,0,1,0,0,0,0
888,75.0,2,1194307200,77.85814057699776,45.0,4,0.000104635009188,2.0887949683e-05,9.285885291e-05,0.9019166740508607,0,0,0,0,0,0,0,1,0,0,0,1,0,0,0,0,0,0,0,0,0,0,0,1,0,1,0,0,0,0,0,0,0,0,0,0,0,0,0,0,0,0,0,0,0,1,1,0,0,0,0,0,0,1,0,0,0,0
890,77.2,5,1028851200,81.3234014300103,309.0,0,4.4655609656e-05,3.6235199098e-05,4.347156724e-05,0.19370347368446628,1,0,0,0,0,1,0,0,0,0,0,0,0,0,0,0,0,1,0,0,0,0,0,0,0,0,0,0,0,0,0,0,0,1,0,0,0,0,0,0,0,0,0,1,0,1,0,0,0,0,0,0,0,0,1,0,0,0
25580,70.5,4,1555545600,74.67780642274842,93.0,0,0.000294850576802,0.000202505239884,0.000281865367226,0.32766831800515506,0,0,0,0,0,1,0,0,1,1,0,1,0,0,0,0,0,1,1,0,0,0,0,1,1,0,0,0,0,0,0,0,0,0,0,0,0,0,1,0,0,0,0,0,0,1,0,0,0,0,0,0,0,1,0,0,0,0
307,90.0,1,1097107200,78.42139756034872,530.0,8,0.00140742992806,0.000333814932962,0.001256462741395,0.8550108946095912,0,0,1,0,0,0,0,0,0,0,0,0,0,0,0,0,0,0,0,0,0,0,0,1,0,0,0,0,0,0,0,0,0,0,0,0,0,0,0,0,0,0,0,0,0,0,1,0,0,0,0,1,0,0,0,0,0,0
2033,73.6086956521739,23,1383609600,64.97969163415937,704.0,0,0.000280834523969,0.001068178365831,0.00039154747534,-2.0112451813613714,0,0,1,0,0,0,0,0,0,0,0,0,0,0,0,0,0,0,0,0,0,0,0,1,0,1,0,1,1,0,1,0,0,0,0,0,0,0,0,1,0,0,0,0,0,1,1,1,0,0,0,1,0,0,0,0,0,0
6292,75.0,5,1418774400,67.38742116494078,191.0,0,0.000516804842189,0.001103383877268,0.000599287098013,-0.9790879598409037,0,0,0,0,0,0,0,0,1,0,0,1,0,0,1,0,0,1,0,0,0,0,0,1,1,0,0,0,0,1,0,0,0,0,0,1,0,0,1,0,0,0,0,0,0,0,1,1,0,1,0,0,1,0,0,0,0,0
25811,80.0,2,1466121600,69.21566364588841,27.0,0,8.6960501808e-05,0.000190001889722,0.000101449744707,-1.0157405017084067,0,0,0,0,0,0,0,0,1,0,0,1,1,0,0,0,0,0,0,0,0,1,0,0,1,0,0,0,0,0,0,0,0,0,0,0,0,0,0,0,0,0,0,0,0,1,1,0,0,0,0,0,0,1,0,0,0,0
1012,73.14285714285714,7,1326153600,68.92430426679864,41.0,0,8.2596029718e-05,8.6003436019e-05,8.3075164739e-05,-0.04101764763471607,0,0,1,0,0,0,0,0,0,0,0,0,0,0,0,0,0,0,0,0,0,0,0,1,0,0,0,0,0,0,0,1,0,0,0,0,0,0,0,0,0,0,0,0,0,0,1,0,0,0,0,1,0,0,0,0,0,0
10910,70.66666666666667,6,1488844800,70.3804843894551,56.0,0,9.6235005e-05,0.00016220032289,0.000105510768197,-0.6252328457254536,0,0,0,0,0,1,0,0,0,0,0,0,0,0,0,0,0,1,0,0,0,0,0,1,0,0,0,0,0,0,0,0,0,0,0,1,0,1,1,0,0,0,0,0,0,1,1,1,0,0,0,0,1,0,0,0,0,0
2935,82.4,5,1375920000,81.69287223203523,705.0,0,0.000578998569472,9.8997113638e-05,0.000511502800772,0.9386541103804618,1,0,0,0,0,1,0,0,0,1,0,0,0,0,0,0,0,0,1,0,0,0,0,0,0,0,0,1,0,0,0,0,0,0,0,0,0,0,0,0,0,0,0,0,0,1,0,0,0,0,0,1,0,0,0,1,0,0
8200,76.8,10,1424131200,74.6576855118113,80.0,0,0.000230939943219,0.000308268872434,0.00024181360924,-0.3198259960431488,0,0,0,0,0,0,0,1,0,0,0,1,1,0,0,0,0,0,0,0,0,0,0,0,1,0,0,0,0,1,0,0,0,0,0,0,0,0,0,1,0,0,0,0,0,1,1,1,0,0,0,0,0,1,0,0,0,0
10428,60.0,2,1348790400,63.33333333333333,8.0,0,3.4442424049e-05,8.2963405783e-05,4.1265238689e-05,-1.1758561051288838,0,0,1,0,0,0,0,0,0,0,0,1,0,0,0,0,0,1,1,0,0,0,0,1,0,1,0,0,0,0,0,0,0,0,0,0,0,0,0,0,0,0,0,0,0,1,1,1,1,0,0,0,0,0,1,0,0,0
80961,82.16666666666667,6,1558569600,80.16369338641346,42.0,0,0.0006013263743,0.001411848880685,0.00071529861116,-1.1335298880774143,0,0,0,0,0,0,0,1,0,0,0,1,1,0,0,0,0,0,0,0,0,0,0,1,0,0,0,0,0,1,0,0,0,0,0,0,0,0,0,1,0,0,0,0,0,1,1,1,0,0,0,0,0,1,0,0,0,0
116305,0.0,0,1556236800,55.88007907136254,12.0,0,4.2296869225e-05,2.4663471105e-05,3.9817335577e-05,0.4428661265150405,0,0,0,1,1,0,0,0,0,0,0,0,0,0,0,0,0,1,1,1,0,0,0,1,0,0,0,0,0,0,0,0,0,0,0,0,0,0,0,0,0,0,0,0,0,1,0,0,0,0,0,0,0,0,0,0,0,0
28574,73.57142857142857,7,1521072000,70.53504151421089,94.0,0,0.000180291207366,0.000200936192021,0.000183194217538,-0.11270484350244359,0,0,0,0,0,0,0,0,0,1,0,1,0,0,0,0,0,0,0,0,0,0,0,0,0,1,0,0,1,0,0,0,0,0,0,0,0,0,0,0,0,0,0,0,0,1,0,0,0,0,0,0,0,1,0,0,0,0
1368,51.8,10,1362960000,61.62872814222008,91.0,0,0.000108574266166,0.000214910524555,0.000123526819775,-0.8608885595646901,0,0,1,0,0,0,0,0,0,0,0,0,0,1,0,0,0,0,0,0,0,0,0,1,0,0,0,0,0,0,1,0,0,0,0,0,0,0,0,1,0,0,0,0,0,1,1,0,0,0,0,1,0,0,0,0,0,0
46,78.75,4,1245715200,76.60709081391911,74.0,0,3.3206893347e-05,2.4761536596e-05,3.2019343103e-05,0.2637621868287142,0,0,0,0,0,0,0,0,1,0,0,1,0,0,1,0,0,1,0,0,0,0,0,1,1,0,0,0,0,0,0,1,0,0,0,0,0,0,0,0,0,0,0,0,0,1,1,1,0,0,0,0,1,0,0,0,0,0
10952,60.0,3,1393286400,60.32778674850338,15.0,0,6.0725531708e-05,0.000102576504077,6.6610437924e-05,-0.628315433942602,0,0,0,0,0,0,0,0,1,0,0,1,0,0,0,1,0,1,1,0,0,1,0,0,1,0,0,0,0,0,0,0,0,0,0,0,0,0,0,0,0,0,0,0,0,1,1,1,0,0,0,0,0,1,0,0,0,0
120170,77.5,2,1603152000,73.0580696525325,22.0,0,0.000142687750223,0.000127877400876,0.000140605181718,0.10534028936599563,0,0,0,0,0,0,0,0,1,0,0,1,1,1,0,0,0,1,0,0,0,0,0,0,1,0,0,0,0,0,0,0,0,0,0,0,0,0,0,0,0,0,0,0,0,1,1,1,0,0,0,0,0,1,0,0,0,0
101,57.4,4,1226966400,60.99502128104476,299.0,0,4.7888849091e-05,9.5957083403e-05,5.4648000309e-05,-0.8796213483508364,0,0,0,0,0,0,1,0,0,0,0,0,0,0,0,0,0,0,0,1,0,0,0,1,0,0,0,0,0,0,0,0,0,0,0,0,0,0,1,0,0,0,0,0,0,1,1,0,0,0,0,1,1,0,0,0,0,0
11134,76.5,6,1498176000,70.02829491637527,15.0,0,4.6204034497e-05,8.4875682867e-05,5.1641877658e-05,-0.7488621377360376,0,0,0,0,0,0,0,1,0,0,0,1,0,0,0,0,0,0,0,0,0,0,0,1,1,0,0,0,0,0,0,0,0,0,0,0,0,0,0,0,0,0,0,0,0,0,1,1,0,0,0,0,1,0,0,0,0,0
121731,79.2,5,1629158400,78.70700389222941,40.0,0,0.000149009816412,0.000425211971011,0.000187848191827,-1.47048578502654,0,0,0,0,0,0,0,0,0,1,0,1,1,0,0,0,0,0,0,0,0,0,0,1,0,0,0,0,0,1,0,0,0,0,0,0,0,0,0,0,0,1,0,0,0,1,1,0,0,0,0,0,0,1,0,0,0,0
19531,75.8125,16,1493856000,80.41069202300318,674.0,0,0.000372111360308,0.000228100333158,0.000351861140521,0.4093556946735533,0,0,1,0,0,1,0,0,1,0,0,0,0,0,0,0,0,1,0,0,0,0,0,1,0,1,1,0,1,0,1,0,0,0,0,0,0,0,0,0,0,0,0,0,0,1,0,0,0,0,0,1,0,0,0,0,0,0
7598,60.0,1,1278720000,70.3724540174141,65.0,0,0.000161894636589,5.369085658e-05,0.000146679480012,0.737742698864597,0,0,1,0,0,0,0,0,0,0,0,0,0,0,0,0,0,0,0,0,0,0,0,1,0,1,0,0,0,0,0,0,0,0,0,0,0,0,0,1,0,0,0,0,0,1,1,1,0,0,0,0,0,1,0,0,0,0
1318,88.5,12,1349740800,82.56065862359661,551.0,8,0.000422944623474,0.000181274060981,0.000388961934069,0.6214427135394713,0,0,0,0,0,0,0,0,1,1,0,1,1,1,0,0,0,0,0,0,0,0,0,1,0,1,0,0,0,0,0,0,0,0,0,0,0,0,0,1,0,0,0,0,0,1,1,0,0,0,0,0,0,1,0,0,0,0
28794,77.8,5,1526947200,70.89356634884899,15.0,0,5.2927247018e-05,8.7082156425e-05,5.7729965504e-05,-0.5916493276965288,0,0,0,0,0,0,0,1,0,0,0,1,0,1,0,0,0,0,0,0,0,0,0,0,0,0,0,0,0,1,0,0,0,0,0,0,0,0,0,1,0,0,0,0,0,1,1,1,0,0,0,0,0,1,0,0,0,0
22399,66.25,4,1502409600,65.10425328274135,5.0,0,4.889171492e-05,8.4385355409e-05,5.3882680093e-05,-0.6587385160758138,0,0,0,0,0,0,0,1,0,1,0,1,0,0,0,0,0,0,0,0,0,0,0,0,0,0,0,0,0,1,0,0,0,0,0,0,0,0,0,1,0,0,0,0,0,1,1,1,0,0,0,0,0,1,0,0,0,0
23248,86.22222222222223,9,1524528000,84.25722163846429,408.0,0,0.000917140858403,0.000452621275877,0.000851822085058,0.545556879331203,0,0,0,0,0,0,0,0,0,1,0,1,0,0,0,0,0,0,1,0,0,0,0,0,0,0,0,0,1,0,0,0,0,1,0,0,0,0,0,0,0,0,0,0,0,1,0,0,0,0,0,0,0,1,0,0,0,0
137427,77.5,4,1661385600,70.0472401790154,6.0,0,3.4193713323e-05,0.000102184242111,4.3754253086e-05,-1.5539521627969606,0,0,1,0,0,0,0,0,0,0,0,0,0,0,0,0,0,0,0,0,0,0,0,1,0,0,0,0,0,0,0,0,0,0,0,0,0,0,0,0,0,0,0,0,0,1,1,1,0,0,0,0,1,0,0,0,0,0
8254,82.25,16,1417046400,85.22720839801245,464.0,9,0.000197468293294,0.000105616534313,0.000184552488553,0.49774584550936285,0,0,1,0,0,1,0,0,0,0,0,0,0,0,0,0,0,1,0,0,0,0,0,1,0,0,1,0,1,0,0,0,0,0,0,0,0,0,0,0,0,0,0,0,0,1,0,0,0,0,0,0,1,0,0,0,0,0
2188,76.5,4,1372204800,74.27537058614924,22.0,0,3.0350731464e-05,3.9030065605e-05,3.1571182616e-05,-0.2749175174800702,0,0,0,0,0,0,0,0,0,0,0,1,1,1,0,0,0,0,0,0,0,1,0,0,1,0,0,0,0,0,0,0,0,0,0,0,0,0,0,0,0,0,0,0,0,1,1,1,0,0,0,0,0,1,0,0,0,0
14758,81.33333333333333,12,1547769600,82.74256419236369,99.0,0,0.000338583549896,0.000293706146951,0.00033227307985,0.1350842455515355,0,0,1,0,0,0,0,0,0,1,0,0,0,0,0,0,0,0,0,1,0,0,0,1,0,1,0,0,0,0,0,0,0,1,0,0,0,0,0,1,0,0,0,0,0,1,1,0,0,0,0,1,1,0,0,0,0,1
33572,82.5,2,1505433600,68.25153123438633,5.0,0,3.4747295261e-05,3.3489365337e-05,3.4570410491e-05,0.0363881032821156,0,0,0,0,0,0,0,0,0,1,0,1,0,0,0,0,0,0,1,0,0,1,0,0,0,0,0,0,1,0,0,0,0,0,0,1,1,1,0,0,0,0,0,0,0,1,0,0,0,0,0,0,0,0,0,0,0,0
6038,82.45454545454545,11,1414108800,70.50908593382584,105.0,0,0.000109143893957,0.000440019860223,0.000155670268859,-2.1256577880834824,0,0,0,0,0,0,0,0,0,1,0,1,1,0,0,0,0,0,0,0,0,0,0,0,0,1,0,0,0,0,0,0,0,0,0,0,0,0,0,0,0,1,0,0,0,1,1,0,0,0,0,0,0,1,0,0,0,0
472,79.91666666666667,10,1320883200,87.64572306971189,4196.0,0,0.002414218968694,0.000802371851203,0.002187567863995,0.7376271677987242,0,0,0,0,0,0,0,0,1,0,0,0,0,0,0,0,0,1,0,0,0,0,0,1,1,0,0,0,0,0,1,0,0,0,0,1,0,0,1,0,0,0,0,0,0,1,0,0,0,0,0,1,1,0,0,0,0,0
576,73.71428571428571,7,1294704000,63.25900159306133,65.0,0,0.000135771987462,0.000200691028292,0.000144900627617,-0.4480570249350929,0,1,0,0,0,0,0,0,1,0,0,0,0,0,1,0,0,1,1,0,0,0,0,1,1,0,0,0,0,0,0,0,0,0,0,0,0,0,1,0,0,0,0,0,0,1,1,1,0,1,0,0,1,0,0,0,0,0
1990,79.75,4,1263168000,79.64223669108256,184.0,0,7.7982846903e-05,1.8485345142e-05,6.9616560575e-05,0.8546755578162826,0,0,0,0,1,1,0,0,0,0,0,0,0,0,0,0,0,1,1,1,0,0,0,1,1,1,0,0,0,0,0,0,0,0,0,0,0,0,0,0,0,0,0,0,0,1,1,0,0,0,0,0,0,0,1,0,0,0
165347,85.5,6,1669939200,75.07250342653987,63.0,0,0.000143377721913,0.000196278081176,0.000150816346046,-0.3507865670346166,0,0,0,0,0,0,0,0,1,0,0,1,0,1,0,0,0,0,0,0,0,0,0,1,0,0,0,0,0,0,0,0,0,0,0,0,0,0,0,0,0,0,0,0,0,1,0,0,0,0,0,0,1,0,0,0,0,0
137894,83.33333333333333,3,1699315200,80.04127664086283,39.0,0,0.000166082604293,4.8444352786e-05,0.000149540812352,0.7867220011531965,0,0,1,0,0,0,0,0,0,0,0,0,0,0,0,0,0,0,1,0,0,0,0,1,0,0,0,0,0,0,0,0,0,0,0,0,0,0,0,0,0,0,0,0,0,1,1,1,0,0,0,1,0,0,0,0,0,0
6632,80.2,20,1414972800,71.92302192134545,605.0,0,0.00023854567767,0.000844343881552,0.000323730451489,-1.8716072382698365,0,0,1,0,0,0,0,0,0,0,0,0,0,0,0,0,0,0,0,0,0,0,0,1,0,1,0,0,0,0,0,0,0,0,0,0,0,0,0,1,0,0,0,0,0,1,1,1,1,0,0,1,0,0,0,0,0,0
114420,90.0,1,1547251200,75.44099417115812,21.0,0,6.1543870225e-05,3.1528055507e-05,5.7323173678e-05,0.5236394477959826,0,0,0,0,0,0,0,0,0,0,0,0,0,0,0,0,0,1,1,0,0,0,0,0,0,0,1,1,0,0,0,0,0,1,0,0,0,0,0,0,0,0,0,1,0,1,0,0,0,0,0,1,0,0,0,0,0,0
108048,85.0,1,1710979200,62.49428265593232,8.0,0,4.5826956945e-05,8.4679551884e-05,5.1290244045e-05,-0.7575240093599928,0,0,0,0,0,0,0,0,0,0,0,0,0,0,0,0,0,0,1,0,0,0,0,1,0,0,1,0,0,0,0,0,0,0,0,0,0,0,0,0,0,0,0,0,0,0,1,1,0,0,0,1,0,0,0,0,0,0
76,90.2,10,1257206400,86.30220688431348,1667.0,0,7.7469379598e-05,4.2658488789e-05,7.257441979e-05,0.479675264157186,0,0,0,0,0,0,0,0,1,0,0,0,0,0,0,0,0,0,0,0,0,0,0,1,1,0,0,0,0,0,0,0,0,0,0,0,0,0,1,0,0,0,0,0,0,1,0,0,0,0,0,0,1,1,0,0,0,0
9195,70.0,1,1415577600,74.48661539335207,120.0,0,0.000170663695403,6.9871662672e-05,0.000156490747289,0.6441270220879608,1,0,0,0,0,0,0,0,0,1,0,1,0,0,0,0,0,1,1,0,0,0,0,1,0,0,1,0,1,0,0,0,0,0,0,0,0,0,0,0,0,0,0,0,0,1,0,0,0,0,0,1,0,0,0,0,0,0
11583,55.0,2,1437609600,65.0103641194804,82.0,0,0.000109801773941,5.2219874207e-05,0.000101704851446,0.5661954866943717,1,0,0,0,0,0,0,0,0,1,0,1,0,0,0,0,0,1,1,0,0,0,0,1,0,0,1,0,1,0,0,0,0,0,0,0,0,0,0,0,0,0,0,0,0,1,0,0,0,0,0,1,0,0,0,0,0,0
2029,80.0,2,1365033600,67.02589492328606,106.0,8,3.8887125405e-05,5.0013400649e-05,4.0451655036e-05,-0.27505673799266805,0,0,0,0,0,0,0,0,1,0,0,0,1,0,0,0,0,1,1,0,0,0,0,1,1,0,0,0,0,0,0,1,0,0,0,0,0,0,0,0,0,0,0,0,0,1,0,0,0,0,0,0,0,1,1,0,0,0
3019,87.4,5,1469145600,71.4017036015005,227.0,0,0.001220688287678,0.000625461704592,0.001136990050334,0.5238083676947948,0,0,0,0,1,0,0,0,1,0,0,0,0,0,0,0,0,1,1,0,0,0,0,1,0,1,0,0,1,0,0,0,0,0,0,1,0,0,0,0,0,0,0,0,0,1,1,1,0,0,0,0,0,0,1,0,0,0
200544,85.0,1,1752796800,79.08523908523908,6.0,0,3.6736981067e-05,1.7455657482e-05,3.402572313e-05,0.5666786724843583,0,0,0,0,0,0,0,0,1,1,0,1,0,0,0,0,0,1,1,0,0,0,0,0,0,0,0,0,0,0,0,0,0,0,0,0,0,0,0,0,0,0,0,1,0,1,0,0,0,0,0,0,0,1,0,0,0,0
121270,85.0,1,1572566400,80.0,4.0,0,3.8181107861e-05,3.0841597067e-05,3.7149056985e-05,0.19757290539223907,0,0,0,0,0,0,0,0,1,0,0,1,0,0,0,0,0,0,1,0,0,1,0,0,0,0,0,0,1,0,0,0,0,0,0,0,0,0,0,1,0,0,0,0,0,1,0,0,0,0,0,0,0,0,1,0,0,0
290808,76.0,1,1721692800,79.90166485829492,7.0,0,2.8850444183e-05,4.7806927091e-05,3.1516024402e-05,-0.6014966031602934,0,0,0,0,0,0,1,0,0,1,1,1,0,0,0,0,0,0,0,0,0,0,0,0,0,0,0,0,0,0,0,0,0,0,1,0,0,0,0,0,0,0,0,0,0,1,0,0,0,0,0,0,0,1,1,0,0,0
236660,86.33333333333333,6,1688083200,94.65012756157081,19.0,9,4.6653318389e-05,6.472322437e-06,4.1003237174e-05,0.9799670097097392,1,0,0,0,0,1,0,0,0,0,0,0,0,0,0,0,0,1,0,0,0,0,0,1,1,0,0,0,0,0,0,1,0,0,0,0,0,0,0,0,0,0,0,1,0,1,0,0,0,0,0,0,0,0,1,0,0,0
113115,88.0,2,1596499200,79.1098662882452,55.0,0,0.000115128997228,1.7063395516e-05,0.000101339428279,0.9677434760543971,0,0,0,0,0,1,0,0,1,0,0,0,0,0,0,0,0,1,1,0,0,0,0,1,1,0,0,0,0,0,0,0,0,0,0,0,0,0,0,0,0,0,0,0,0,1,0,0,0,0,0,0,1,0,0,0,0,0
133939,75.0,7,1597881600,69.91214760176359,12.0,0,5.1202317791e-05,6.0457375491e-05,5.2503724748e-05,-0.17627893458601807,0,0,0,0,0,0,0,0,0,1,1,0,0,0,0,0,0,0,0,0,0,0,0,0,0,0,0,0,0,0,0,0,0,0,1,1,0,0,0,0,0,0,0,0,0,1,1,0,0,0,0,0,1,0,0,0,0,0
9655,82.5,2,1421625600,78.69706115355568,145.0,0,0.000211725033926,4.9130811226e-05,0.000188861724005,0.8609980502192834,0,0,0,0,0,1,0,0,1,1,0,1,0,0,0,0,0,0,1,0,1,0,0,0,1,0,0,0,0,0,0,1,0,0,0,0,0,0,0,0,0,0,1,0,1,1,0,0,0,0,0,1,0,0,0,1,0,0
7329,74.33333333333333,6,1682035200,68.78854758322986,141.0,0,8.3374253602e-05,0.000146264680527,9.2217638674e-05,-0.6820097281616752,0,0,1,0,0,0,0,0,1,0,0,0,0,0,1,0,0,1,0,0,0,0,0,1,0,0,1,0,1,0,0,1,0,0,0,0,0,0,1,0,0,0,0,0,0,1,1,1,0,0,0,1,0,0,0,0,0,0
13205,80.75,4,1549411200,73.51966908428078,125.0,0,0.000953260074118,0.000497143009004,0.000889122827131,0.513224712269284,0,0,0,0,0,0,0,0,0,1,0,0,0,0,0,0,0,1,1,0,0,0,0,0,0,1,0,0,1,0,0,0,0,0,0,1,0,1,1,0,0,0,0,0,0,1,1,1,0,0,0,0,1,0,0,0,0,0
16992,72.76923076923077,13,1469145600,68.75392618774102,246.0,0,0.001622660980926,0.000558335875681,0.001473000099168,0.7230880629536621,0,0,0,0,1,1,0,0,0,1,0,0,0,0,0,0,0,1,1,0,0,0,0,1,0,0,0,0,0,0,0,1,0,0,0,1,0,0,0,0,0,0,0,0,0,1,1,1,1,0,0,0,1,0,0,0,0,0
239561,70.0,1,1694649600,52.010482269463,4.0,0,2.4967347691e-05,0.000105175239601,3.6245841234e-05,-2.212925477012725,0,0,1,0,0,0,0,0,1,0,0,0,0,0,0,0,0,0,0,0,0,0,0,1,0,0,1,0,0,0,0,0,0,0,0,0,0,0,0,0,0,0,0,0,0,0,1,1,0,0,0,1,0,0,0,0,0,0
120552,77.0,1,1578441600,71.63460498410439,38.0,0,4.5241283301e-05,1.8338246905e-05,4.1458292437e-05,0.6489315523548046,0,0,0,0,0,1,0,0,0,0,0,0,0,0,0,0,0,1,1,0,1,0,0,0,0,0,0,0,0,0,0,0,0,0,0,0,0,0,0,0,0,0,0,1,0,1,0,0,0,0,0,0,0,0,0,0,0,0
236694,85.0,3,1678233600,82.71837471415174,19.0,0,3.9881968308e-05,1.0738171316e-05,3.5783891194e-05,0.8144535838798659,1,0,0,0,0,0,0,0,0,1,0,0,0,0,0,0,0,1,0,0,1,0,0,0,0,0,1,1,0,0,0,0,0,0,0,0,0,0,0,0,0,0,0,1,0,1,0,0,0,0,0,0,0,0,0,1,0,0
2355,86.25,4,1317772800,70.90599688321207,112.0,0,6.3028111653e-05,1.632790433e-05,5.6461326587e-05,0.8271418422388901,0,0,1,0,0,0,0,0,0,0,0,1,0,0,0,0,0,0,1,0,0,0,0,1,0,0,0,0,0,0,0,0,0,0,0,0,0,0,0,0,0,0,0,0,0,1,0,0,0,0,0,1,1,0,0,0,0,0
2117,69.0,1,1544659200,51.42172597091918,181.0,0,0.0026503657913,0.004898518397135,0.002966491474757,-0.7589725241233406,0,0,1,0,0,0,0,0,1,1,0,0,0,1,0,0,0,1,1,0,0,0,0,1,0,0,1,1,1,0,0,0,0,1,0,1,0,0,1,1,0,0,0,0,0,0,1,1,0,1,1,1,1,0,0,0,0,0
28856,62.3,10,1530230400,74.37737777000089,111.0,0,0.000583459316682,0.001036601277578,0.000647178217133,-0.7004076541639694,0,0,0,0,0,0,1,0,0,0,0,0,0,0,0,0,0,0,0,0,0,0,0,1,0,0,0,0,0,0,0,0,0,0,0,0,0,0,1,0,0,0,0,0,0,1,1,1,0,1,0,0,1,0,0,0,0,0
134582,90.66666666666667,15,1623369600,85.95867319122044,297.0,0,9.9243602488e-05,6.4085798675e-05,9.4299861245e-05,0.372847435942784,0,0,1,0,1,0,0,0,0,0,0,0,0,0,0,0,0,1,0,0,0,0,0,1,0,1,0,0,0,0,0,0,0,0,0,0,0,0,0,0,0,0,0,0,0,1,0,0,0,0,0,0,1,0,0,0,0,0
281,68.2,5,1006128000,78.84362929642673,455.0,0,6.2835561414e-05,2.8684156255e-05,5.803333568e-05,0.5884961756758914,0,0,1,0,0,0,0,0,0,0,0,0,0,0,0,0,0,0,0,0,0,0,0,1,1,1,1,0,0,1,1,0,0,0,0,0,0,0,0,0,0,0,0,0,0,1,1,0,0,0,0,1,0,0,0,0,0,0
204350,77.33333333333333,12,1662076800,92.84579741793407,756.0,8,0.000511164724764,0.00079148658165,0.00055058239524,-0.5092771261311458,0,0,1,0,0,0,0,0,0,0,0,0,0,0,0,0,0,1,0,0,0,0,0,1,0,0,1,0,1,0,1,0,0,0,0,0,0,0,0,0,0,0,0,0,0,1,0,0,0,0,0,0,1,0,0,0,0,0
277143,87.25,8,1705622400,92.17636901329698,167.0,9,0.000179882038107,0.000115374050714,0.000170811198543,0.37768891694329365,0,0,1,0,0,0,0,0,0,0,0,0,0,0,0,0,0,1,0,0,0,0,0,1,0,0,1,0,1,0,1,0,0,0,0,0,0,0,0,0,0,0,0,0,0,1,0,0,0,0,0,0,1,0,0,0,0,0
8114,82.75,8,1391731200,74.84581814539192,68.0,0,5.7484269347e-05,2.471250385e-05,5.2876042691e-05,0.6198011470245421,0,0,0,0,0,1,0,0,0,0,0,0,0,0,0,0,0,1,1,0,0,0,0,1,0,0,0,0,0,0,0,1,0,0,0,0,0,0,0,0,0,0,0,0,0,1,0,0,0,0,0,1,0,0,0,0,0,0
77654,80.0,1,1535587200,,,0,5.6272807425e-05,3.9373294825e-05,5.3896469646e-05,0.31356354356685495,0,0,0,0,0,0,0,0,0,1,1,0,0,0,0,0,0,1,0,0,0,0,0,0,0,0,0,0,0,0,0,0,0,0,0,0,0,0,0,0,0,0,0,0,0,1,1,1,0,0,0,1,0,0,0,0,0,0
7789,95.0,2,1415059200,87.63344510874742,537.0,8,0.002680981279343,0.000453798061775,0.002367804222319,0.9417243723678563,0,0,1,0,0,1,0,0,1,0,0,0,0,0,0,0,0,1,1,1,0,0,0,1,1,0,1,0,0,0,0,1,0,0,0,0,0,0,0,0,0,0,0,0,0,1,1,1,0,0,0,0,0,1,0,0,0,0
19698,87.5,4,1500249600,77.71294938248039,131.0,0,0.000526167597574,0.000857631755646,0.000572776681512,-0.5788627351371287,0,0,0,0,0,0,0,0,1,0,0,0,0,0,0,0,0,0,0,0,0,0,0,0,1,0,0,0,0,0,0,0,0,0,0,1,0,0,1,0,0,0,0,0,0,0,1,0,0,1,0,0,0,1,0,0,0,0
3812,66.0,13,1385078400,70.61318269680197,321.0,0,0.000284131946817,0.000265316187171,0.000281486154506,0.06685375961996654,0,0,0,0,0,0,0,0,0,0,0,0,0,0,1,0,0,1,0,0,0,0,0,1,0,0,0,0,0,1,0,0,0,0,0,0,0,0,0,0,0,0,0,0,0,1,1,1,0,0,0,0,1,0,0,0,0,0
158603,72.0,2,1663027200,69.94068953020358,9.0,0,9.9291740048e-05,0.000128171597351,0.000103352703082,-0.2794445507635921,0,0,1,0,0,0,0,0,0,1,0,1,0,0,0,0,0,0,1,0,0,0,0,1,0,0,0,0,0,1,0,0,0,0,0,0,0,0,0,1,0,0,0,0,0,1,1,1,0,0,0,1,0,0,0,0,0,0
23353,73.0,2,1400803200,78.27613726111073,5.0,11,5.0512346101e-05,0.000103213929772,5.7923019253e-05,-0.9098819545902517,0,0,0,0,0,0,0,0,0,0,0,0,0,0,1,0,0,0,0,0,0,0,0,1,0,1,0,0,1,0,0,0,0,0,0,0,0,0,0,0,0,0,0,0,0,1,0,0,0,0,0,0,1,0,0,0,0,0
133307,71.22222222222223,9,1627516800,72.09313089984445,83.0,0,0.000135844193802,0.000291842902613,0.000157780070536,-0.9887878405748498,0,0,1,0,0,0,0,0,1,0,0,0,0,0,0,0,0,1,1,0,0,0,0,1,0,1,0,0,0,0,0,0,0,0,0,0,0,0,1,0,0,0,0,0,0,1,1,1,0,0,0,0,0,1,0,0,0,0
23354,79.0,2,1384214400,72.4388885371073,103.0,3,0.000132651069001,0.000129985808943,0.000132276291437,0.02015052206647057,0,1,0,0,0,0,0,0,0,0,0,0,0,0,0,0,0,0,0,0,0,0,0,1,0,0,0,0,0,0,0,0,0,0,0,0,0,0,0,0,0,0,0,0,0,1,1,0,0,0,0,0,0,0,1,0,0,0
201156,85.14285714285714,7,1682640000,81.69606528436861,284.0,0,0.000370105628649,0.001025912139007,0.000462322358405,-1.4188327338285922,0,0,0,0,0,0,0,0,0,0,0,0,0,0,0,0,0,1,0,0,0,0,0,1,1,1,0,0,0,0,0,0,0,0,0,0,0,0,0,0,0,0,0,0,0,1,0,0,0,0,0,0,1,0,0,0,0,0
231547,66.0,2,1690416000,72.28161106503414,7.0,0,4.6958189601e-05,2.1574408123e-05,4.338882992e-05,0.5850430216050974,0,0,0,0,0,0,0,0,0,1,0,1,0,0,0,0,0,0,1,0,0,0,0,0,0,0,0,0,0,0,0,1,1,0,0,1,0,0,0,0,0,0,0,0,0,1,0,0,0,0,0,0,0,1,0,0,0,0
55047,71.46153846153847,13,1567036800,67.69293888621127,264.0,0,7.0698029517e-05,0.00013714458982,8.0041462981e-05,-0.8301849695482001,0,0,0,0,0,0,0,0,0,0,0,0,0,0,0,0,0,1,0,0,0,0,0,0,0,0,1,0,1,0,0,0,0,0,0,0,0,0,0,0,0,0,0,1,0,1,1,1,0,0,0,0,1,0,0,0,0,0
7842,82.33333333333333,9,1290643200,81.9553096904042,348.0,0,0.000234510145572,5.8888327627e-05,0.000209814950467,0.837119761729924,1,0,0,0,0,0,0,0,0,0,0,0,0,0,0,0,0,1,0,0,1,0,0,1,0,0,0,1,0,0,0,0,0,0,0,0,0,0,0,0,0,0,0,1,0,1,0,0,0,0,0,1,1,0,0,0,0,0
5778,45.0,1,1351209600,58.82742722379789,78.0,0,6.8419518352e-05,9.7428065775e-05,7.2498577246e-05,-0.40014025173305373,0,0,0,0,0,1,0,0,0,0,0,0,0,0,0,0,0,1,1,0,0,0,0,1,0,0,1,1,0,0,1,0,0,0,0,0,0,0,0,0,0,0,0,0,0,1,0,0,0,0,0,0,1,0,0,0,0,0
144455,73.0,2,1652140800,82.24090117152393,31.0,0,0.000118923841526,6.7861320097e-05,0.000111743646355,0.4569868265244149,0,0,0,0,0,1,0,0,0,0,0,0,0,0,0,0,0,1,1,0,0,0,0,0,1,0,0,0,0,0,0,0,0,0,0,0,0,0,0,0,0,0,0,1,0,0,1,1,0,0,0,1,0,0,0,0,0,0
17032,79.75,8,1502928000,82.66547039100688,78.0,0,0.000164702660912,5.3396660105e-05,0.000149051283204,0.746818768408196,0,0,0,0,0,0,0,0,1,0,0,1,0,0,0,0,0,1,1,0,0,0,0,1,0,0,1,0,1,0,0,0,0,0,0,0,0,0,0,0,0,0,0,0,0,1,0,0,0,0,0,0,0,1,0,0,0,0
41496,70.0,1,1415318400,73.38513869082487,33.0,0,5.4491717712e-05,1.4317561755e-05,4.8842598308e-05,0.8225429941452176,0,0,0,0,0,0,0,1,0,0,0,1,0,0,0,0,0,0,1,0,0,0,0,1,1,0,0,0,0,0,0,0,0,0,0,0,0,0,0,0,0,0,0,0,0,1,0,0,0,0,0,0,0,0,0,0,0,0
741,80.0,1,1249603200,87.05190663328841,36.0,0,3.6416064001e-05,6.9724564435e-05,4.1099764048e-05,-0.8104471080701156,0,0,0,0,0,0,0,1,0,0,0,1,0,0,0,0,0,0,0,0,0,0,0,0,0,0,0,0,0,1,0,0,0,0,0,0,0,0,0,0,0,0,0,0,0,1,1,1,0,0,0,0,0,1,0,0,0,0
496,80.66666666666667,9,1285286400,73.9443228544518,219.0,0,5.0745010973e-05,8.7033123679e-05,5.5847691459e-05,-0.6497873959010605,0,0,0,0,0,0,0,0,0,0,0,0,0,0,1,0,0,1,0,0,0,0,0,1,0,0,1,0,1,0,0,1,0,0,0,1,0,0,1,0,0,0,0,0,0,1,1,1,0,0,0,0,1,0,0,0,0,0
9180,72.0,6,1437696000,64.777729978979,48.0,0,4.3773087726e-05,4.4325602144e-05,4.385077996e-05,-0.012600152893735353,0,0,0,0,0,0,0,0,1,0,0,0,0,0,1,0,0,1,1,0,0,0,0,1,1,0,0,0,0,1,0,0,0,0,0,0,0,0,0,0,0,0,0,0,0,1,1,1,0,0,0,0,0,1,0,0,0,0
115054,76.0,3,1627430400,68.66752157777397,48.0,0,9.4542167479e-05,0.000125327698098,9.8871098212e-05,-0.31138576439719,0,0,1,0,0,0,0,0,1,1,0,0,0,0,0,0,0,1,0,0,0,0,0,1,0,1,1,0,1,0,0,0,0,0,0,0,0,0,0,0,0,0,0,0,0,1,1,1,0,0,0,1,0,0,0,0,0,0
20875,81.0,4,1473292800,66.34382509311727,28.0,0,3.1096863641e-05,3.3979692794e-05,3.1502234849e-05,-0.09151333466849616,0,0,0,0,0,0,0,0,0,1,0,1,0,0,0,0,0,0,1,0,0,0,0,0,0,0,0,0,0,0,0,0,1,0,0,1,0,0,0,0,0,0,0,0,0,1,0,0,0,0,0,0,0,0,1,0,0,0
1048,80.33333333333333,3,1148601600,82.7698689857222,545.0,0,0.000106006929642,4.0255884248e-05,9.6761296535e-05,0.6795509028459303,0,0,1,0,0,0,0,0,0,0,0,0,0,0,0,0,0,0,0,0,0,0,0,1,0,0,0,0,0,0,1,0,0,0,0,0,0,0,0,0,0,0,0,0,0,1,0,0,0,0,0,1,1,0,0,0,0,0
5607,78.0,4,1395705600,68.86646364800227,201.0,0,0.000757107540793,0.001246804658542,0.000825966672345,-0.5931223898887902,0,0,0,0,0,0,0,0,1,0,0,1,0,0,0,0,0,1,0,0,0,0,1,1,1,0,0,0,0,0,0,0,0,0,0,0,0,0,0,0,0,0,0,0,0,0,1,1,0,0,0,0,1,0,0,0,0,0
205780,80.66666666666667,3,1664496000,65.83133801436671,94.0,0,0.000691512092616,0.003198258906038,0.001044000196667,-2.402351183407845,0,0,0,0,0,0,0,0,0,1,1,0,0,0,0,0,0,0,0,0,0,0,0,0,0,0,0,0,0,0,0,0,0,0,1,0,0,0,0,0,0,0,0,0,0,1,1,1,0,0,0,0,1,1,0,0,0,0
18158,79.4,5,1457049600,78.06839589714517,115.0,0,0.000371613938856,9.71338693e-05,0.000333017715736,0.8243578566861305,0,0,1,0,1,0,1,0,0,0,0,0,0,0,0,0,0,1,1,1,0,0,0,1,0,0,0,0,0,0,0,1,0,0,0,0,0,0,0,0,1,0,0,0,0,1,1,1,1,0,0,0,0,0,1,0,0,0
670,65.0,1,1268697600,45.33686714086318,43.0,0,6.08137839e-06,0.000185736040843,3.1343654984e-05,-5.731861138941198,0,0,0,0,0,0,0,1,0,0,0,1,0,0,0,0,0,0,0,0,0,0,0,0,0,1,0,0,0,0,0,0,0,0,0,0,0,0,0,0,0,0,0,0,0,1,1,0,0,0,0,0,0,1,0,0,0,0
26381,73.6,5,1487203200,69.14209482853597,64.0,0,0.001264742177837,0.000979134899577,0.001224581293827,0.23337129082097913,0,0,1,0,0,0,0,0,0,1,1,1,0,0,0,0,0,1,0,0,0,0,0,1,0,0,0,0,0,0,0,0,0,0,0,0,0,0,1,0,0,0,0,0,0,1,1,1,0,0,0,1,0,0,0,0,0,0
21062,85.4375,16,1502755200,83.36806685591006,316.0,0,0.000196561702584,7.9972408293e-05,0.000180167410557,0.6471747382659312,0,0,0,0,1,0,0,0,0,0,0,0,0,0,0,0,0,1,0,0,0,0,0,1,0,0,0,0,0,0,0,0,0,0,0,0,0,1,0,0,0,0,0,0,0,1,1,1,0,0,0,0,1,0,1,0,0,0
13212,74.83333333333333,6,1443657600,80.06781037485317,249.0,0,0.000155396066014,0.00012910321952,0.000151698877466,0.17333576345760623,0,0,0,0,0,0,0,0,0,0,0,0,0,0,0,0,0,1,1,0,0,0,0,0,0,0,0,0,0,0,0,1,0,1,0,0,0,0,0,0,0,0,0,0,0,1,0,0,0,0,0,1,0,0,0,0,0,0
36198,83.0,11,1567468800,70.10320575283956,142.0,0,0.000149427008597,0.000114785657765,0.000144555888781,0.2396571656087634,0,0,0,0,0,0,0,0,1,0,0,0,0,0,0,0,0,1,1,0,0,0,0,1,1,0,0,0,0,0,0,0,0,0,0,0,0,0,0,0,0,0,0,0,0,1,1,1,0,0,0,0,0,1,0,0,0,0
9559,72.375,8,1428969600,72.06064512830838,95.0,0,8.3013221903e-05,0.000135624574702,9.0411207173e-05,-0.5819381549728363,0,0,0,0,0,0,0,0,1,0,0,0,0,0,0,0,0,1,1,0,0,0,0,1,1,0,0,1,1,0,0,0,0,0,0,0,0,0,0,0,0,0,0,0,0,1,0,0,0,0,0,0,0,1,0,0,0,0
19457,81.6842105263158,19,1477526400,87.77999662172655,413.0,9,0.002488406971297,0.001318784729281,0.002323939652805,0.5038774481811935,0,0,0,0,0,0,0,0,1,0,0,0,0,0,0,0,0,1,0,0,0,0,0,1,1,0,0,0,0,1,0,0,0,0,0,1,0,0,1,0,0,0,0,0,0,1,0,0,0,0,0,1,1,0,0,0,0,0
732,93.14285714285714,6,1098748800,90.02873164544782,3899.0,0,0.000610191708233,0.000322292237714,0.00056970850587,0.5054891565698656,0,0,1,0,0,0,1,0,0,0,0,0,0,0,0,0,0,1,0,0,0,0,0,1,0,0,0,0,0,0,1,0,0,0,0,0,0,0,1,0,0,0,0,0,0,1,0,1,0,0,0,1,1,0,0,0,0,0
76747,71.5,4,1676937600,68.9972197285911,207.0,0,0.000250050554466,0.000334795587877,0.000261967041602,-0.3235373908525105,0,0,1,0,0,0,0,0,1,0,0,0,0,0,0,0,0,1,0,0,0,0,0,1,0,1,0,0,0,0,0,0,0,0,0,0,0,0,1,0,0,0,0,1,0,1,0,0,0,0,0,1,0,0,0,0,0,0
8036,57.5,6,1430179200,61.24598429030733,32.0,0,0.000257872907937,0.000253744459177,0.000257292382984,0.016047812214846656,0,0,1,0,0,0,0,0,0,1,0,1,0,0,0,0,0,0,1,0,0,0,0,1,0,0,0,0,0,0,0,0,0,0,0,0,0,0,0,1,0,0,0,0,0,1,1,1,0,1,0,1,0,0,0,0,0,0
3049,75.0,7,1370390400,75.46084786956324,146.0,0,0.000118875703967,0.000132927773687,0.000120851646406,-0.11628239439592099,0,0,1,0,0,0,0,0,1,1,0,1,0,0,0,0,0,1,0,0,0,0,0,1,0,0,1,0,1,0,1,0,0,0,0,1,0,0,1,0,0,0,0,0,0,1,0,0,0,0,0,0,1,0,0,0,0,0
195883,90.0,1,1691625600,80.00682083089528,13.0,0,7.3939291878e-05,4.104040818e-05,6.9313190399e-05,0.47465747368914296,0,0,0,0,1,1,0,0,0,0,0,0,0,0,0,0,0,1,1,0,0,0,0,1,0,0,0,0,0,0,0,0,0,1,0,0,0,0,0,0,0,0,0,0,0,0,1,1,0,0,0,0,0,0,1,0,0,0
18812,82.14285714285714,14,1471478400,79.10779114104724,132.0,0,0.000135065969918,7.7128509041e-05,0.000126919049923,0.45652041610875754,0,0,0,0,0,0,0,0,1,0,0,0,0,0,0,0,0,0,0,0,0,0,0,1,1,0,0,0,0,0,0,0,0,0,0,0,0,0,1,0,0,0,0,0,0,1,1,1,0,0,0,0,1,0,0,0,0,0
95118,76.66666666666667,3,1708473600,69.68692677487846,83.0,0,0.000706234162994,0.001107943922622,0.000762720885463,-0.5268807292839943,0,0,0,0,0,0,0,0,1,0,0,0,0,0,1,0,0,1,1,0,0,0,0,1,0,0,0,0,0,0,0,0,0,0,0,0,0,0,0,0,0,0,0,0,0,1,1,1,0,1,0,0,0,1,0,0,0,0
26227,73.28571428571429,7,1575936000,80.26339709712518,12.0,0,8.6591447183e-05,9.6251279877e-05,8.7949771883e-05,-0.10983834603534383,0,1,1,0,0,0,0,0,0,1,0,0,0,1,0,0,0,0,0,0,0,0,0,1,0,1,0,0,0,0,0,0,0,0,0,0,0,0,0,0,0,0,0,0,0,1,1,1,0,0,0,1,1,0,0,0,0,0
121762,86.6,5,1680739200,63.38991931586308,16.0,0,8.0935283905e-05,7.5510428431e-05,8.0172463739e-05,0.06766753421436547,0,0,1,0,0,0,0,0,1,1,0,0,0,0,0,0,0,1,1,0,0,0,0,1,0,1,0,0,0,0,0,0,0,0,0,0,0,0,0,0,0,0,0,0,0,1,0,0,0,0,0,1,1,0,0,0,0,0
11161,84.66666666666667,18,1508198400,79.48476226584049,332.0,0,0.000198679755216,0.000221628010721,0.000201906641565,-0.11366922827181561,0,0,0,0,0,0,0,0,1,0,0,1,0,0,0,0,0,1,0,0,0,0,0,1,0,0,0,0,0,0,0,1,0,0,0,0,0,0,0,0,0,0,0,0,0,1,0,0,0,0,0,0,0,0,1,0,0,0
2602,79.28571428571429,7,1329868800,68.62679966376965,262.0,4,5.2365642154e-05,0.000119296670373,6.1777199441e-05,-1.0834595321430505,0,0,1,0,0,0,0,0,0,0,0,0,0,0,0,0,0,1,0,0,0,0,0,1,0,1,1,0,1,0,0,0,0,1,0,0,0,0,0,0,0,0,0,0,0,1,0,0,0,0,0,0,1,0,0,0,0,0
37,88.16666666666667,6,1223942400,85.61446893707091,1211.0,0,0.000203686061437,0.000111402398309,0.000190709524167,0.4839425977186786,0,0,1,0,0,1,0,0,0,0,0,0,0,0,0,0,0,0,0,0,0,0,0,1,0,1,1,0,1,0,0,0,0,0,0,0,0,0,0,0,0,0,0,0,0,1,0,0,0,0,0,0,1,0,0,0,0,0
9278,81.0,3,1410998400,69.32076025051293,75.0,0,0.00012506940333,0.000149157612525,0.000128456585132,-0.18753228012150538,0,0,0,0,0,0,0,0,1,0,0,1,1,0,0,0,0,0,1,0,0,0,0,0,1,0,0,0,0,0,0,0,0,0,0,0,0,0,0,0,0,1,0,0,0,1,1,0,0,0,0,0,0,1,0,0,0,0
3241,85.0,1,1376092800,72.87080656299096,98.0,0,0.000619514348984,0.000131113562095,0.000550837501979,0.8868954773824361,1,0,0,0,0,0,0,0,0,1,0,1,0,0,0,0,0,0,1,0,0,0,0,0,1,1,0,0,0,0,0,1,1,0,0,0,0,0,0,0,0,0,0,0,0,1,0,0,0,0,0,0,0,0,0,1,0,0
113378,78.22222222222223,9,1580947200,77.25927178222376,20.0,0,5.6850458143e-05,7.1244579553e-05,5.887449844e-05,-0.2444954184000625,0,1,0,0,0,0,0,0,1,0,0,0,0,0,0,0,0,0,0,0,0,0,0,1,1,0,0,0,0,0,0,0,0,0,0,0,0,0,0,0,0,0,0,0,0,1,1,1,0,0,0,0,0,0,1,0,0,0
352,87.16666666666667,6,1267488000,80.86911059674537,639.0,0,0.000254719897769,0.000266640071305,0.00025639606201,-0.04649721029263818,0,0,1,0,0,0,0,0,0,0,0,1,0,0,0,0,0,1,0,0,0,0,0,1,0,0,0,0,0,0,0,0,0,0,0,0,0,0,0,1,0,0,0,0,0,1,1,0,0,0,0,1,0,0,0,0,0,0
3224,79.0,3,1391126400,60.0597697652768,46.0,0,0.000274528503633,0.000249772806773,0.000271047462547,0.09134581619105182,0,0,1,0,0,0,0,0,0,0,0,0,0,0,0,0,0,0,1,1,0,0,0,1,0,1,0,0,0,0,0,1,0,0,0,0,0,0,0,0,0,0,0,0,0,0,1,1,0,0,0,0,1,0,0,0,0,0
119368,69.25,4,1615248000,58.87556137840672,11.0,0,2.6082534494e-05,8.6003436019e-05,3.45083575e-05,-1.7364470448933882,0,0,0,0,0,0,0,1,0,1,0,1,0,0,0,0,0,0,0,0,0,0,0,0,0,0,0,0,0,1,0,0,0,0,0,0,0,0,0,1,0,0,0,0,0,1,1,1,0,0,0,0,0,1,0,0,0,0
1339,84.83333333333333,6,1113868800,83.55462164551766,404.0,0,0.000136710669879,4.3393979975e-05,0.000123588872765,0.755104032827747,0,0,0,0,1,1,0,0,0,0,0,0,0,0,0,0,0,1,0,0,0,0,0,1,0,0,0,0,0,0,0,1,0,0,0,0,0,0,0,0,0,0,0,0,0,1,0,0,0,0,0,0,1,0,0,0,0,0
234702,90.0,1,1592006400,86.91821680864722,51.0,11,0.000609806607755,0.000114638559528,0.000540178177164,0.9169229647094587,0,0,0,0,0,0,0,0,1,0,0,0,0,0,0,0,0,1,0,0,1,0,0,0,1,0,0,0,0,0,0,1,0,1,0,0,0,0,0,0,0,0,0,1,0,1,0,0,0,0,0,0,1,0,0,0,0,0
1064,72.14285714285714,7,1341273600,74.87429631473026,25.0,0,4.8971944187e-05,0.000144940796392,6.2466677113e-05,-1.536368733490283,0,0,0,0,0,1,0,0,1,0,0,0,0,0,0,0,0,1,0,0,0,0,0,1,1,1,1,0,0,1,0,0,0,0,0,0,0,0,0,0,0,0,0,0,0,1,1,1,0,1,0,0,1,0,0,0,0,0
23409,96.0,1,1404172800,70.03093963176786,17.0,0,2.5111760371e-05,0.000127239975182,3.9472596741e-05,-2.587370450968513,0,0,1,0,0,0,0,0,0,0,0,0,0,0,0,0,0,1,0,0,0,0,0,1,0,0,0,0,0,0,0,0,0,0,0,0,0,0,0,0,0,0,0,0,0,1,1,0,0,1,0,1,0,0,0,0,0,0
3267,85.0,2,1127692800,71.0561709952315,75.0,8,0.000166860828177,9.2720922184e-05,0.000156435589075,0.47396954452737433,0,0,1,0,0,0,0,0,0,0,0,0,0,0,0,0,0,0,0,0,0,0,0,1,0,0,0,0,0,0,0,0,0,0,0,0,0,0,0,1,0,0,0,0,0,0,1,0,0,0,0,1,0,0,0,0,0,0
102057,83.75,8,1565049600,68.05994852856033,32.0,0,4.121377413e-05,6.3448372981e-05,4.4340309108e-05,-0.5014645192863225,0,0,0,0,0,0,0,0,0,1,0,1,1,1,0,0,0,0,0,0,0,0,0,0,0,1,0,0,0,0,0,0,0,0,0,0,0,0,0,0,0,1,0,0,0,1,1,1,0,0,0,0,0,1,0,0,0,0
127842,81.0,3,1611100800,67.09421542507846,34.0,0,0.000410918256446,0.000180587602541,0.000378530136886,0.6086021224028237,0,0,0,0,1,0,0,0,0,0,0,0,0,0,0,0,0,0,1,0,0,0,0,1,0,0,0,0,0,0,0,0,0,0,0,0,0,0,0,0,0,0,0,0,0,1,0,0,0,0,0,0,0,0,1,0,0,0
28204,75.27777777777777,18,1509580800,74.38092769878914,588.0,0,0.000332542286139,0.001068962889763,0.000436094627749,-1.6890397625215563,0,0,1,0,0,0,0,0,0,0,0,0,0,0,0,0,0,0,0,0,0,0,0,1,0,0,0,0,0,1,0,0,0,0,0,0,0,0,0,1,0,0,0,0,0,1,1,1,1,0,0,1,0,0,0,0,0,0
142596,76.0,1,1620864000,69.79667858144795,17.0,0,3.7314631784e-05,3.8098443436e-05,3.7424848054e-05,-0.020944008050307376,0,0,0,0,1,1,0,0,1,0,0,1,0,0,0,0,0,1,1,0,0,0,0,1,1,0,1,0,1,0,0,0,0,0,0,0,0,0,0,0,0,0,0,0,0,1,0,0,0,0,0,0,0,0,1,0,0,0
65,80.0,2,1247616000,84.64570280940984,161.0,8,4.4358761371e-05,1.3238841348e-05,3.9982810218e-05,0.7783480445747206,1,0,0,0,0,1,0,0,0,0,0,0,0,0,0,0,0,1,0,0,0,0,0,0,0,0,0,0,0,1,0,1,0,0,0,0,0,0,0,0,0,0,0,0,0,1,0,0,0,0,0,0,0,0,1,0,0,0
308034,78.6,5,1725580800,61.3660750458929,24.0,0,0.000150566264179,0.000647575472918,0.000220453590951,-2.2547330180220397,0,0,0,0,0,0,0,0,0,1,1,0,0,0,0,0,0,0,0,0,0,0,0,0,0,0,0,0,0,0,0,0,0,0,0,0,0,0,0,0,0,0,0,0,0,1,1,1,0,0,0,0,1,0,0,0,0,0
19000,74.85964912280701,13,1482192000,69.62464340403402,329.0,0,0.000111895757793,0.000142145929885,0.000116149408681,-0.2604570197243128,1,0,0,0,0,0,0,0,0,0,0,0,0,0,0,0,0,1,0,0,0,0,0,1,0,0,1,1,1,0,0,0,0,1,0,0,0,0,0,0,0,0,0,0,0,1,0,0,0,0,0,0,1,0,0,0,0,0
7610,74.92307692307692,52,1417478400,70.56759725152595,352.0,0,6.4424100888e-05,0.000125474796335,7.3008790723e-05,-0.8362407243566767,1,0,0,0,0,0,0,0,0,0,0,0,0,0,0,0,0,1,0,0,0,0,0,0,1,0,0,0,0,1,0,0,0,1,0,0,0,0,0,0,0,0,0,0,0,1,0,0,0,0,0,0,1,0,0,0,0,0
2021,65.25,4,1222732800,71.6022722902779,123.0,0,4.7608046658e-05,2.4418307376e-05,4.4347203884e-05,0.5229248170619006,0,0,1,0,0,0,0,0,1,1,0,0,0,0,0,0,0,1,1,0,0,0,0,1,0,0,0,0,0,0,0,0,0,0,0,1,0,0,0,0,0,0,0,0,0,1,0,0,0,0,0,0,1,0,0,0,0,0
3078,66.9090909090909,11,1335744000,72.2655258399731,232.0,0,0.000178614415699,0.000145038861883,0.000173893163739,0.19309829258979697,0,0,1,0,0,0,0,0,0,0,0,0,0,1,0,0,0,0,0,0,0,0,0,1,0,0,0,0,0,1,1,0,0,0,0,0,0,0,0,1,0,0,0,0,0,1,1,1,0,0,0,0,1,0,0,0,0,0
2444,80.5,2,1254441600,76.45002254703559,179.0,0,7.0088287093e-05,5.4132151291e-05,6.7844602957e-05,0.235194494023973,0,0,0,0,0,0,0,0,1,0,0,0,0,0,1,0,0,1,0,0,0,0,0,1,1,0,0,0,0,0,0,0,0,0,0,0,0,0,1,0,0,0,0,0,0,1,0,0,0,0,0,0,1,0,0,0,0,0
180876,92.0,3,1699920000,89.7907189116226,10.0,0,5.254214654e-05,1.7896952193e-05,4.7670486265e-05,0.7267813448445413,0,0,0,0,1,0,0,0,0,0,0,0,0,0,0,0,0,1,1,0,0,0,0,1,1,0,0,0,0,0,0,0,0,0,0,0,0,0,0,0,0,0,0,0,0,1,1,1,0,0,0,0,0,0,1,0,0,0
5503,91.8125,16,1435017600,84.96758686164584,1465.0,0,0.000996022273088,0.000779669689928,0.000965599690546,0.2241684866625259,0,0,0,0,0,0,0,0,0,0,0,0,0,0,1,0,0,1,0,0,0,0,0,1,0,0,0,1,0,0,1,0,0,1,0,0,0,0,1,0,0,0,0,0,0,1,0,0,0,0,0,0,1,0,0,0,0,0
119298,72.0909090909091,11,1567123200,73.04548560557866,110.0,0,4.5859048652e-05,7.506913372e-05,4.9966446914e-05,-0.5846086049360618,0,0,0,0,0,0,0,0,0,0,0,0,0,0,0,0,0,1,1,0,0,0,0,1,0,0,1,1,1,0,0,0,0,0,0,0,0,0,0,0,0,0,0,0,0,1,0,0,0,0,0,1,0,0,0,0,0,0
55034,91.33333333333333,3,1520294400,72.40015328896075,24.0,11,0.000358079261621,0.000444040545374,0.000370166772721,-0.23226610034476958,0,0,0,0,0,0,0,0,1,0,0,0,0,0,1,0,0,1,0,0,0,0,0,1,1,1,0,0,1,0,0,0,0,0,0,1,0,0,0,1,0,0,0,0,0,1,1,1,0,0,0,0,1,0,0,0,0,0
9448,80.0,1,1371686400,77.11730818961867,27.0,0,4.6861914481e-05,3.6088100861e-05,4.5346946509e-05,0.23759169530390445,0,0,0,0,0,0,1,0,0,0,1,0,0,0,0,0,0,0,0,0,0,0,0,0,0,0,0,0,0,0,0,0,0,0,0,0,0,0,0,0,0,0,0,0,0,1,1,0,0,0,0,1,1,0,0,0,0,1
8756,72.5,2,1418601600,78.49985038893348,18.0,0,3.7651594703e-05,2.6281551714e-05,3.6052787486e-05,0.3153777763523983,0,0,0,0,0,0,0,0,1,0,0,0,1,0,0,0,0,0,1,0,0,0,0,0,0,1,0,0,1,0,0,0,0,0,0,0,0,0,0,0,0,0,0,0,0,1,0,0,0,0,0,0,0,1,0,0,0,0
287578,76.66666666666667,3,1717113600,62.05977988650216,15.0,0,9.4879130398e-05,0.000214273098861,0.000111667803811,-1.0692485254939814,0,0,0,0,0,0,1,0,0,1,1,0,0,0,0,0,0,0,0,0,0,0,0,0,0,0,0,0,0,0,0,0,0,0,0,0,0,0,0,0,0,0,0,0,0,1,1,1,0,0,0,1,1,0,0,0,0,1
9461,51.66666666666666,3,1319500800,46.6667831997722,20.0,0,1.2146710927e-05,0.000153913788861,3.2081396094e-05,-4.4190518252179665,0,0,0,0,0,0,0,1,0,1,0,1,0,0,0,0,0,0,0,0,0,0,0,0,1,0,0,0,0,1,0,0,0,0,0,0,0,0,0,1,0,0,0,0,0,1,1,0,0,0,0,0,0,1,0,0,0,0
12523,82.5,2,1488931200,78.13421862979675,24.0,0,4.7784551044e-05,5.7270247018e-05,4.9118389377e-05,-0.19312377815036744,0,0,0,0,0,1,0,0,1,0,0,1,1,1,0,0,0,1,1,0,0,1,0,0,1,0,0,0,0,0,0,0,0,0,0,0,0,0,0,0,0,0,0,0,0,1,1,1,0,0,0,0,0,1,0,0,0,0
25638,80.0,1,1477440000,70.0808494054395,8.0,0,4.2385121418e-05,3.069449883e-05,4.0741235658e-05,0.28695400477604976,0,0,0,0,0,0,0,0,1,0,0,0,0,0,0,0,0,1,1,0,0,0,0,0,0,0,0,0,0,0,0,0,0,0,0,0,0,0,1,0,0,0,0,0,0,0,1,1,0,1,0,0,1,0,0,0,0,0
117497,80.66666666666667,3,1602633600,67.83046523578075,8.0,0,5.3978250407e-05,7.1489743281e-05,5.6440642257e-05,-0.3102726395203613,0,0,0,0,0,0,0,0,0,0,0,1,0,1,0,0,0,0,1,0,0,0,0,1,0,0,0,0,0,1,1,0,0,0,0,0,0,0,0,1,0,0,0,0,0,1,0,0,0,0,0,0,0,0,0,0,0,0
204408,77.5,2,1670284800,14.07238651135156,11.0,0,3.5565633778e-05,0.000107773975125,4.5719264452e-05,-1.5794215601688337,0,1,0,0,1,0,0,0,0,0,0,0,0,0,0,0,0,0,0,0,0,0,0,1,1,0,0,0,0,0,0,0,0,0,0,0,0,0,0,0,0,0,0,0,0,0,1,1,0,0,0,0,1,0,0,0,0,0
769,78.875,7,1282089600,74.36386889059558,118.0,0,3.3335260173e-05,1.9024705345e-05,3.1322970654e-05,0.4568780882712004,0,0,1,0,1,1,0,0,0,0,0,0,0,0,0,0,0,1,0,0,0,0,0,1,1,0,0,0,0,1,0,0,0,0,0,0,0,0,0,0,0,0,0,0,0,1,1,1,0,0,0,0,0,1,0,0,0,0
101439,79.0,5,1535068800,78.02156322104327,46.0,0,9.5561079162e-05,7.0361990129e-05,9.2017690149e-05,0.2738630838852612,0,0,0,0,0,0,1,0,0,1,1,0,0,0,0,0,0,0,0,0,0,0,0,0,0,0,0,0,0,0,0,0,0,0,1,0,0,0,0,0,0,0,0,0,0,1,1,0,0,0,0,1,1,0,0,0,0,0
3193,84.73684210526316,15,1351555200,73.19722266749336,432.0,0,0.000141091187822,0.000253205098974,0.000156856170455,-0.7148121969080842,0,0,0,0,0,0,1,0,0,0,0,0,0,0,0,0,0,1,0,0,0,0,0,1,0,0,0,0,0,0,0,0,0,0,0,0,0,0,1,0,0,0,0,0,0,1,1,0,0,0,0,1,1,0,0,0,0,0
3110,10.0,1,1322006400,13.44911229500273,19.0,0,1.9166771734e-05,0.000142538191851,3.6514737527e-05,-3.378736392383444,0,0,1,0,0,0,0,0,0,0,0,0,0,0,0,0,0,0,0,0,0,0,0,1,0,0,0,0,0,0,0,1,0,0,0,0,0,0,1,0,0,0,0,0,0,1,0,0,0,0,0,1,0,0,0,0,0,0
18394,80.0,4,1457654400,78.98415518696373,11.0,0,5.6681976684e-05,6.4919355353e-05,5.7840281932e-05,-0.14242006812035288,0,0,0,0,0,0,0,0,0,0,0,1,1,0,0,0,0,0,1,0,0,1,0,0,1,0,0,0,0,0,0,0,0,0,0,0,0,0,0,0,1,0,0,0,0,1,1,1,0,0,0,0,0,0,1,0,0,0
152064,72.4,5,1636416000,70.93697003113627,48.0,0,0.000263288383416,0.000187354121452,0.000252610829589,0.30063577476972075,0,0,0,0,0,0,0,0,0,1,0,1,0,0,0,0,0,0,0,0,0,0,0,0,0,1,0,0,0,0,0,0,0,0,0,0,0,0,0,0,0,0,0,0,0,1,0,0,0,0,0,0,0,1,0,0,0,0
19847,75.0,1,1459728000,76.1907478434092,32.0,0,4.3925523332e-05,3.8490705402e-05,4.3161302288e-05,0.12592148355025753,0,0,0,0,0,0,0,0,0,1,0,1,0,0,0,0,0,0,1,0,0,0,0,0,0,0,0,0,0,0,0,0,1,0,0,0,0,0,0,0,0,0,1,0,0,1,0,0,0,0,0,0,0,1,0,1,0,0
6611,82.33333333333333,3,1334793600,77.8129136139326,130.0,0,4.7928963724e-05,1.5249183923e-05,4.3333671706e-05,0.7541592156102932,1,0,0,0,0,1,0,0,0,0,0,0,0,0,0,0,0,1,1,0,0,0,0,0,1,0,0,0,0,0,0,1,0,0,0,0,0,1,0,0,1,0,0,0,0,1,0,0,0,0,0,0,0,0,1,0,0,0
110834,70.0,1,1594339200,76.54129026006486,50.0,0,3.6961623012e-05,1.2160120942e-05,3.3474140992e-05,0.7409276664664863,1,0,0,0,1,1,0,0,0,0,0,0,0,0,0,0,0,1,1,0,0,0,0,0,0,0,0,0,0,0,0,0,0,0,0,0,0,0,0,0,0,0,0,1,0,1,0,0,0,0,0,0,0,0,1,0,0,0
28380,64.9375,16,1543276800,71.67643977651608,132.0,0,9.3274545071e-05,0.000175095935019,0.000104779921864,-0.7809289703305413,0,0,0,0,0,0,0,0,1,0,0,0,0,0,1,0,0,1,0,0,0,0,0,1,1,0,0,0,0,0,0,0,0,0,0,0,0,0,1,0,0,0,0,0,0,1,0,0,0,0,0,0,1,0,0,0,0,0
19297,78.0,10,1502755200,81.9789989785551,45.0,0,5.2606329953e-05,2.5595093274e-05,4.8808124424e-05,0.5534303187494721,1,0,0,0,0,1,0,0,0,0,0,0,0,0,0,0,0,1,1,0,1,0,0,0,0,0,0,0,0,1,0,0,0,1,0,0,0,0,0,0,0,0,0,0,0,1,0,0,0,0,0,0,0,0,1,0,0,0
2165,64.66666666666667,3,1359331200,74.20677832457791,228.0,0,0.003886859244451,0.013367160043961,0.005219938930343,-1.820906863382727,0,0,1,0,0,0,0,0,0,1,0,0,0,1,0,0,0,0,0,0,0,0,0,1,0,0,0,0,0,1,0,0,0,0,0,0,0,0,0,1,0,0,0,0,0,1,1,1,0,1,0,1,1,0,0,0,0,1
308099,80.0,3,1730851200,71.72413793103448,7.0,0,4.8731256388e-05,0.000158964161672,6.4231739954e-05,-1.7162300998027136,0,0,0,0,0,0,0,0,0,1,0,1,0,0,0,0,0,1,0,0,0,0,0,0,0,0,0,0,0,0,0,0,0,0,0,1,0,0,0,0,0,0,0,0,0,1,1,0,0,0,0,0,0,1,0,0,0,0
152257,86.5,2,1681257600,79.20016836018999,36.0,0,0.000211211566621,0.000147588564661,0.000202265169955,0.31458424659036804,0,0,0,0,0,0,0,0,1,0,0,1,1,1,0,0,0,1,1,0,0,0,0,0,0,0,0,0,1,0,0,0,0,0,0,1,0,0,1,0,0,0,0,0,0,1,1,1,0,0,0,0,0,1,0,0,0,0
119177,80.0909090909091,11,1571961600,79.57200748314226,438.0,0,0.000133260811425,0.000214665360827,0.000144707573869,-0.5625858896720852,0,0,1,0,0,0,0,0,0,0,0,0,0,0,0,0,0,0,0,0,0,0,0,1,0,0,0,0,0,0,0,0,0,0,0,0,0,0,0,1,0,0,0,0,0,1,1,1,1,0,0,1,0,0,0,0,0,0
26167,76.78571428571429,14,1491523200,75.22603662363588,76.0,9,6.1014357067e-05,4.6237879228e-05,5.8936551431e-05,0.25072578753349817,0,0,1,0,0,0,0,0,0,0,0,0,0,0,0,0,0,1,0,0,0,0,0,1,0,1,0,0,0,0,0,1,0,0,0,0,0,0,0,0,0,0,0,0,0,1,1,1,0,0,0,1,0,0,0,0,0,0
17696,70.0,1,1436313600,80.3777376807023,24.0,0,0.000135715826976,0.00033969886245,0.000164399056191,-1.2408818338157803,0,0,0,0,0,0,0,0,0,0,0,1,1,0,0,0,0,0,0,0,0,1,0,0,1,0,0,0,0,0,0,0,0,0,0,0,0,0,0,0,0,0,0,0,0,1,1,1,0,0,0,0,0,1,0,0,0,0
8792,80.0,1,1304380800,69.74100691892409,57.0,0,9.5962225494e-05,7.908981887e-05,9.3589699242e-05,0.18028903063130766,0,0,0,0,0,0,0,0,1,0,0,1,0,0,0,0,0,0,0,0,0,0,0,1,0,0,0,0,0,1,0,0,0,0,0,1,0,0,0,0,0,0,0,0,0,1,1,0,0,0,0,1,1,1,0,0,0,0
34894,65.0,2,1496102400,60.95058779052302,55.0,0,0.000386857499465,0.000780601312097,0.000442224084256,-0.8905685640747175,0,0,1,0,0,0,1,0,0,1,0,0,0,0,0,0,0,0,0,0,0,0,0,1,0,0,0,0,0,0,0,0,0,0,0,0,0,0,0,0,0,0,0,0,0,0,1,1,0,1,0,0,1,0,0,0,0,0
9786,80.0,1,1407110400,71.04882380768971,70.0,4,0.00014169290732,2.5153798562e-05,0.000125305672169,0.9300968431342433,0,0,1,0,1,0,0,0,0,0,0,0,0,0,0,0,0,1,1,0,0,0,0,1,0,0,0,0,0,0,0,1,0,0,0,0,0,0,0,0,0,0,0,0,0,1,1,1,0,0,0,0,0,0,1,0,0,0
19545,74.0,12,1502755200,75.94635390376038,155.0,0,3.6769072773e-05,6.0849637457e-05,4.0155179637e-05,-0.5996996745664112,0,0,0,0,0,0,0,0,0,0,0,0,0,0,0,0,0,1,1,0,0,0,0,0,0,1,1,1,0,0,0,0,0,0,0,0,0,0,0,0,0,0,0,1,0,1,0,0,0,0,0,1,0,0,0,0,0,0
75252,75.0,1,1589932800,,,0,5.1338707544e-05,8.3845995206e-05,5.5909744449e-05,-0.5814406184642605,0,0,0,0,0,0,0,0,0,1,0,1,0,0,0,0,0,0,1,0,0,0,0,1,0,0,0,0,0,0,0,0,0,0,0,0,0,0,0,0,0,0,0,0,0,1,1,1,0,0,0,0,0,0,0,0,0,0
373,77.66666666666667,3,1318464000,73.50016415162568,97.0,0,3.3969071377e-05,0.000228296464141,6.129456507e-05,-3.170482539320368,0,0,0,0,0,0,0,0,1,0,0,1,1,0,0,0,0,0,0,0,0,0,0,0,1,0,0,0,0,1,0,0,0,0,0,0,0,0,0,0,0,0,0,0,0,1,1,0,0,0,0,0,0,1,0,0,0,0
6655,72.625,8,1473033600,66.70909453642585,48.0,0,3.6055032303e-05,3.3391299845e-05,3.5680469543e-05,0.07465652816366669,0,1,0,0,0,0,0,0,0,0,0,0,0,0,1,0,0,0,1,1,0,0,0,1,0,0,0,0,0,0,0,0,0,0,0,0,0,0,0,0,0,0,0,0,0,1,1,1,0,0,0,0,0,0,1,0,0,0
82090,90.78571428571429,14,1538438400,81.87538482249448,416.0,0,0.002117587302178,0.001322658316194,0.002005807760015,0.39671097747268336,0,0,0,0,0,0,1,0,0,0,1,0,0,0,0,0,0,1,0,0,0,0,0,1,0,0,0,0,0,0,0,0,0,0,0,0,0,0,1,0,0,0,0,0,0,1,1,1,0,0,1,1,1,0,0,0,0,0
76882,90.0909090909091,11,1553212800,89.84232775219895,1307.0,0,0.002463367417266,0.000744954505948,0.002221731482659,0.7743155033399185,0,0,0,0,0,0,0,0,0,0,0,0,0,0,0,0,0,1,0,0,0,0,0,1,1,0,0,0,0,1,1,0,0,0,0,0,0,0,0,0,0,0,0,0,0,1,0,0,0,0,0,0,1,0,0,0,0,0
143612,88.83333333333333,6,1655337600,82.7567984029529,114.0,0,0.000139582877614,1.5935642364e-05,0.000122196127867,1.0119370544819901,0,0,1,0,1,0,0,0,0,0,0,0,0,0,0,0,0,0,1,1,1,0,0,1,1,0,0,0,0,0,0,0,0,0,0,0,0,0,0,0,0,0,0,0,0,1,0,0,0,0,0,1,0,0,0,1,0,0
13557,81.55555555555556,9,1380153600,81.93114827385193,53.0,0,4.1406324369e-05,1.3925299789e-05,3.7542059258e-05,0.7320200587569758,0,0,0,0,0,0,0,0,1,0,0,1,1,0,0,0,0,1,0,0,0,0,0,1,1,1,0,0,0,0,0,1,0,0,0,0,0,0,0,0,1,0,0,0,0,1,0,0,0,0,0,0,1,0,0,0,0,0
20,92.625,8,1187654400,86.64535642514379,3121.0,0,0.000233683784129,8.8455073305e-05,0.000213262338829,0.6810588169407664,0,0,1,0,0,1,0,0,1,0,0,0,0,0,0,0,0,1,0,0,0,0,0,1,0,1,1,0,0,0,1,0,0,0,0,0,0,0,1,0,0,0,0,0,0,1,0,0,0,0,0,1,0,0,0,0,0,0
41621,87.5,4,1541116800,88.89888123666834,60.0,0,8.7273395947e-05,8.139435792e-05,8.6446710557e-05,0.06801059400879934,0,0,0,0,0,0,0,0,0,1,1,0,0,0,0,0,0,0,0,0,0,0,0,0,0,0,0,0,0,0,0,0,1,0,0,0,0,0,0,0,0,0,0,0,0,1,1,0,0,0,0,0,0,1,0,1,0,0
16999,70.5,10,1525737600,69.92105964930367,100.0,0,0.000678539020246,0.001122359549868,0.00074094718057,-0.5992126628623229,0,1,0,0,0,0,0,0,1,1,0,1,0,0,0,0,0,1,0,0,0,0,0,1,1,0,0,0,1,0,0,0,0,0,0,0,0,0,1,0,0,0,0,0,0,1,1,1,0,1,0,1,1,0,0,0,0,0
52014,75.0,1,1540252800,70.31396365629062,50.0,0,8.2908923857e-05,3.3930660048e-05,7.6021808151e-05,0.6442904567096334,0,0,0,0,0,1,0,0,0,1,0,1,0,0,0,0,0,1,1,0,0,0,0,0,0,0,0,0,0,0,0,0,0,0,0,0,0,0,0,0,0,0,0,0,0,1,0,0,0,0,0,1,0,0,0,0,0,0
76253,90.33333333333333,15,1552003200,82.32818614233886,531.0,0,0.001125295689976,0.0002879693157,0.001007554406907,0.8314668901971951,0,0,0,0,0,0,0,0,0,0,0,0,0,0,1,0,0,1,0,0,0,0,0,1,1,0,0,0,0,0,0,0,0,0,0,0,0,0,0,0,0,0,0,0,0,1,1,1,0,0,0,0,1,0,0,0,0,0
110069,91.75,4,1569542400,84.85989961272851,85.0,10,7.5158776727e-05,3.3097103371e-05,6.9244242632e-05,0.607460317345044,0,0,0,0,0,0,0,0,1,0,0,0,1,0,0,0,0,1,0,0,0,0,0,1,1,0,0,0,0,0,0,0,0,0,0,0,0,0,0,0,0,0,0,0,0,1,0,0,0,0,0,0,1,1,0,0,0,0
102584,76.81818181818181,11,1643846400,71.41843004195806,208.0,0,0.001236509499005,0.001996025013369,0.001343309349002,-0.5657859322873008,0,0,0,0,0,0,0,0,1,0,0,0,0,0,0,0,0,1,0,0,0,0,0,1,0,0,1,0,1,0,0,0,0,0,0,0,0,0,1,0,0,0,0,0,0,1,1,1,0,0,0,1,0,0,0,0,0,0
25211,80.5,2,1495756800,76.83239025729782,55.0,0,4.4735838923e-05,1.966213104e-05,4.1210080475e-05,0.6084488124070184,0,0,0,0,0,0,0,0,1,1,0,0,0,0,0,0,0,1,1,0,1,0,0,0,0,0,0,0,0,0,0,0,0,0,0,0,0,0,0,0,0,0,0,0,1,1,0,0,0,0,0,0,0,0,0,1,0,0
1254,81.5,12,1358208000,75.91664089822174,485.0,0,0.000224232776552,9.978163757e-05,0.000206732985272,0.6020519775922095,0,0,0,0,0,1,0,0,0,0,0,0,0,0,1,0,0,1,0,0,0,0,0,1,1,0,0,0,0,0,0,0,0,0,0,0,0,0,0,0,0,0,0,0,0,1,0,0,0,0,0,0,1,0,0,0,0,0
25837,72.5,2,1580256000,77.39311946229505,59.0,0,4.104529267e-05,8.384599521e-06,3.6452684536e-05,0.8959913061574327,0,0,0,0,1,1,0,0,0,0,0,0,0,0,0,0,0,1,1,0,0,0,0,0,0,0,0,0,0,0,0,0,0,0,0,0,0,0,0,0,0,0,0,0,0,1,0,0,0,0,0,0,0,0,1,0,0,0
1162,69.0,6,1180656000,76.5110021881662,244.0,8,4.4029821379e-05,5.8643163899e-05,4.6084687619e-05,-0.3171048779562802,0,0,1,0,1,0,0,0,0,1,0,1,0,0,0,0,0,1,0,0,0,0,0,1,0,0,0,0,0,0,0,0,0,0,0,0,0,0,0,0,0,0,0,0,0,1,0,0,0,0,0,0,1,0,0,0,0,0
121586,90.0,3,1600300800,83.37124407649816,15.0,0,7.8111213729e-05,2.8488025272e-05,7.1133411454e-05,0.6976321303176725,0,0,0,0,0,0,0,0,0,0,0,1,0,0,0,0,0,0,1,0,0,1,0,0,0,0,0,0,0,0,0,0,0,0,0,0,0,1,0,0,0,0,0,0,0,1,1,1,0,0,0,0,0,0,1,0,0,0
27433,89.0909090909091,11,1505952000,82.47951962995485,190.0,0,5.8110057625e-05,1.6573068058e-05,5.2269302339e-05,0.7946935056235351,0,0,0,0,1,1,0,0,0,0,0,0,0,0,0,0,0,1,1,0,0,0,0,1,0,1,0,0,0,0,0,0,0,0,0,0,0,0,0,0,0,0,0,0,0,1,0,0,0,0,0,0,0,0,1,0,0,0
4847,69.33333333333333,12,1414454400,65.62856819560955,158.0,0,9.430147968e-05,0.000399175583026,0.00013717158291,-2.222727232795051,0,0,0,0,0,0,0,0,1,0,0,0,0,0,1,0,0,0,0,0,0,0,0,1,1,0,0,0,0,0,0,0,0,0,0,0,0,0,0,0,0,0,0,0,0,1,0,0,0,0,0,0,1,0,0,0,0,0
124,88.6,5,1258416000,82.05215296339249,1164.0,0,0.007543324104695,0.001165116104148,0.006646447550065,0.9628272490824027,0,0,1,0,0,0,0,0,0,0,0,0,0,0,0,0,0,0,0,0,0,0,0,1,0,0,1,0,1,0,0,0,0,0,0,0,0,0,0,0,0,0,0,0,0,1,1,1,0,0,0,1,0,0,0,0,0,0
138871,85.0,1,1614816000,80.50214876423412,38.0,0,7.8175397142e-05,4.4227536653e-05,7.3401792996e-05,0.4625105873438629,0,0,0,0,0,0,0,0,1,1,0,1,0,0,0,0,0,1,1,0,1,0,0,0,1,0,0,0,0,0,0,0,0,0,0,0,0,0,0,0,0,0,0,0,0,1,0,0,0,0,0,1,0,0,0,0,0,0
12731,70.0,1,1439251200,24.40045225551812,30.0,0,0.000457338909963,0.000426339724163,0.000452979935945,0.06844940319480589,0,0,0,0,0,0,0,0,0,1,1,0,0,0,0,0,0,0,0,0,0,0,0,0,0,0,0,0,0,0,0,0,0,0,0,0,0,0,0,0,0,0,0,0,0,1,1,1,0,1,0,0,0,0,0,0,0,1
27979,84.55555555555556,9,1489017600,90.6378299938737,57.0,3,5.1033836332e-05,6.0849637457e-05,5.2414092651e-05,-0.18727899061933656,0,0,0,0,0,0,0,0,1,0,0,0,0,0,0,0,0,1,0,0,0,0,0,1,1,0,0,0,0,0,0,0,0,0,0,0,0,0,0,0,0,0,0,0,0,1,0,0,0,0,0,0,1,0,0,0,0,0
117514,75.0,3,1568073600,84.81471329137726,55.0,3,0.000240439088356,5.2563103428e-05,0.000214020764268,0.8779339216665671,1,0,0,0,0,0,0,0,0,0,0,0,0,0,0,0,0,1,0,0,0,0,0,0,0,0,1,0,1,0,0,0,0,1,0,0,0,0,0,0,0,0,0,0,0,1,0,0,0,0,0,0,1,0,0,0,0,0
17447,88.91304347826087,23,1477612800,83.23573686601449,825.0,0,0.001961798112759,0.00057191794625,0.001766359059191,0.787556364562097,0,0,1,0,0,0,0,0,0,0,0,0,0,0,0,0,0,1,0,0,0,0,0,1,0,1,0,0,0,0,0,0,0,0,0,0,0,0,0,0,0,0,0,0,0,1,1,1,0,0,0,1,0,0,0,0,0,0
200903,76.66666666666667,3,1714003200,80.56905884906202,52.0,0,0.000129634448586,4.8101123566e-05,0.000118169578261,0.6900095904916498,0,0,0,0,1,0,0,0,1,0,0,0,0,0,0,0,0,1,1,0,0,0,0,1,0,0,0,0,0,0,0,0,0,0,0,0,0,0,0,0,0,0,0,0,0,1,0,0,0,0,0,0,1,0,0,0,0,0
3087,76.53846153846153,13,1390867200,74.52335417815307,179.0,0,5.3585127002e-05,6.4183864167e-05,5.5075476466e-05,-0.19244552580700353,1,0,0,0,0,1,0,0,0,0,0,0,0,0,0,0,0,1,1,0,0,0,0,0,1,1,0,0,0,0,0,1,0,0,0,0,0,0,0,0,0,0,0,0,0,1,0,0,0,0,0,0,0,0,1,0,0,0
979,81.07692307692308,9,1320710400,73.65379070199809,1126.0,0,0.000440996208405,0.000391869703912,0.000434088247723,0.11319626043465057,0,0,1,0,0,0,0,0,0,0,0,0,0,1,0,0,0,1,0,0,0,0,0,1,0,0,0,0,0,0,0,0,0,0,0,0,0,0,0,1,0,0,0,0,0,1,1,1,1,0,0,1,0,0,0,0,0,0
18927,77.875,16,1472515200,70.04508631779919,100.0,0,7.8111213729e-05,3.8637803639e-05,7.2560630236e-05,0.5440256245301113,0,0,0,0,1,1,0,0,0,0,0,0,0,0,0,0,0,1,1,0,0,0,0,1,0,0,0,0,0,0,0,0,0,0,0,0,0,0,0,0,0,0,0,0,0,1,0,0,0,0,0,0,0,0,1,0,0,0
110248,85.0,8,1658188800,81.85813863623261,679.0,0,0.001221988001793,0.000210595642931,0.001079770298307,0.937179229647873,0,0,0,0,1,0,0,0,0,0,0,0,0,0,0,0,0,1,1,0,0,0,0,1,0,1,0,0,0,0,0,0,0,0,0,0,0,0,0,0,0,0,0,1,0,1,0,0,0,0,0,0,1,0,0,0,0,0
197202,80.0,1,1761177600,70.11486940834153,38.0,0,0.000748779742945,0.000451052228014,0.000706914562664,0.42131362434017,0,0,0,0,0,1,0,0,0,1,0,0,0,0,0,0,0,1,1,0,0,0,0,1,0,0,1,0,0,0,0,0,0,0,0,0,0,0,0,0,0,0,0,0,0,1,1,1,0,0,0,1,0,0,0,0,0,0
144072,68.375,7,1632960000,71.53263091286136,53.0,0,4.5674521339e-05,7.6294952363e-05,4.9980236467e-05,-0.6126660934474684,0,0,0,0,0,0,1,0,0,0,0,0,0,0,0,0,0,0,0,1,0,0,0,1,0,0,0,0,0,0,0,0,0,0,0,0,0,1,0,0,0,0,0,0,0,1,1,0,1,0,0,0,1,0,0,0,0,0
222803,87.5,2,1725408000,79.93504343626708,19.0,8,0.000120688885386,8.1639521648e-05,0.000115197929493,0.33899578811541786,0,0,0,0,0,0,0,1,0,0,0,1,0,0,0,0,0,0,0,0,0,0,0,0,1,0,0,0,0,0,0,0,0,0,0,0,0,0,0,0,0,0,0,0,0,1,1,1,0,0,0,0,0,1,0,0,0,0
134595,85.25,16,1611100800,85.42369822507669,205.0,0,0.000316496432866,0.000310524378738,0.000315656667946,0.018922447216592603,0,0,1,0,0,0,0,0,0,0,0,0,0,1,0,0,0,1,0,0,0,0,0,1,0,0,0,1,0,0,1,0,0,0,0,1,0,0,0,0,0,0,0,0,0,1,0,0,0,0,0,0,1,0,0,0,0,0
146075,85.625,8,1627257600,87.49309167606154,35.0,3,6.1704328758e-05,2.2898292258e-05,5.6247588509e-05,0.6899340734678084,1,0,0,0,0,1,0,0,0,0,0,0,0,0,0,0,0,1,0,0,1,0,0,0,0,0,0,0,0,1,0,1,0,1,0,0,0,0,0,0,0,0,0,1,0,1,0,0,0,0,0,1,0,0,0,1,0,0
27316,80.86666666666666,15,1557792000,80.61438383887788,761.0,0,0.000472622585204,0.000202652338122,0.000434660514191,0.6212409609790821,0,0,0,0,0,0,0,0,0,0,0,0,0,0,0,0,0,1,0,0,0,0,0,1,1,0,0,0,0,1,1,0,0,1,0,0,0,0,0,0,0,0,0,0,0,1,0,0,0,0,0,0,1,0,0,0,0,0
126212,83.5,2,1687305600,77.94464462163798,46.0,0,0.00010477139894,4.4963027839e-05,9.6361399485e-05,0.6206972188402419,0,0,1,0,0,0,0,0,0,0,0,0,0,0,0,0,0,0,1,0,0,0,0,1,0,1,1,0,0,0,0,0,0,0,0,0,0,0,0,0,0,0,0,0,0,1,0,0,0,0,0,1,0,0,0,0,0,0
279643,84.0,6,1743033600,81.57563031664387,23.0,0,0.000126224704765,8.9043466254e-05,0.000120996436717,0.30731060247085107,0,0,0,0,0,0,0,0,1,0,0,0,0,0,1,0,0,0,0,0,0,0,0,1,0,0,0,0,0,0,0,0,0,0,0,0,0,0,0,0,0,0,0,0,0,1,0,0,0,0,0,0,1,0,0,0,0,0
252647,88.625,8,1706832000,88.28412882406185,106.0,8,0.000322377238091,0.000116943098577,0.000293489960781,0.7000726155048771,0,0,0,0,0,0,0,0,1,0,0,0,0,0,0,0,0,1,0,0,0,0,0,1,1,1,0,0,0,0,0,0,0,1,0,0,0,0,0,0,0,0,0,0,0,1,0,0,0,0,0,0,1,0,0,0,0,0
144765,84.27272727272727,11,1631232000,78.77902709421636,221.0,0,0.000111005212937,8.4140191681e-05,0.000107227567601,0.25055554431369587,0,0,0,0,0,0,0,0,0,0,0,0,0,0,0,0,0,1,0,0,0,0,0,1,1,0,0,1,0,0,0,0,0,1,0,0,0,0,0,0,0,0,0,1,1,1,0,0,0,0,0,0,1,0,0,0,0,0
54736,84.0,1,1571270400,70.95597942637382,8.0,0,3.4362194782e-05,2.4614438359e-05,3.2991506621e-05,0.2954674768473995,0,0,0,0,0,0,0,0,0,1,0,1,0,0,0,0,0,0,1,0,0,0,0,0,0,0,0,0,0,0,0,0,0,0,0,1,1,0,0,0,0,0,0,0,0,1,0,0,0,0,0,0,0,1,0,0,0,0
530,71.88235294117646,16,1353283200,75.18546974100441,658.0,0,0.000415338889023,0.000192796756229,0.000384045958265,0.5795787157041397,0,0,1,0,0,0,0,0,0,0,0,0,0,1,0,0,0,1,0,0,0,0,0,1,0,0,0,0,0,0,1,0,0,0,0,0,0,0,0,0,0,0,0,0,0,1,0,0,0,0,0,0,1,0,0,0,0,0
1017,79.75,3,1282780800,76.02872363133545,52.0,10,3.398511723e-05,3.0939662559e-05,3.3556878312e-05,0.09075652807672063,0,0,0,0,1,0,0,0,0,0,0,1,1,0,0,0,0,0,0,0,0,0,0,1,0,0,0,0,0,0,0,1,0,0,0,0,0,0,0,0,0,0,0,0,0,1,1,0,0,0,0,0,0,0,1,0,0,0
152122,82.5,2,1625011200,82.36269786118059,120.0,10,0.00021405168265,4.2119128586e-05,0.000189875256183,0.9055886473730383,0,0,0,0,0,0,0,0,1,1,0,0,0,0,0,0,0,1,1,0,1,0,0,0,0,0,1,0,0,0,0,0,0,0,0,0,0,0,0,0,0,0,0,0,1,1,0,0,0,0,0,0,0,0,0,1,0,0
122,84.85714285714286,7,1226880000,80.30536088585629,740.0,0,0.000478342931896,0.000111402398309,0.000426745310512,0.8600418424168339,0,0,1,0,0,0,0,0,0,0,0,0,0,0,0,0,0,0,0,0,0,0,0,1,0,0,1,0,1,0,0,0,0,0,0,0,0,0,0,0,0,0,0,0,0,1,1,1,0,0,0,1,0,0,0,0,0,0
11562,67.33333333333333,3,1444089600,64.045218889528,14.0,0,3.2468784096e-05,5.6093461121e-05,3.5790785971e-05,-0.6600888791461645,0,0,0,0,0,0,0,0,1,1,0,1,0,0,0,0,0,1,1,0,0,0,0,1,0,0,1,0,1,0,0,0,0,0,0,0,0,0,0,0,0,0,0,0,0,1,0,0,0,0,0,0,0,0,1,0,0,0
320,80.0,2,1174608000,81.21461881794993,465.0,0,0.000359114219157,0.000124052846709,0.000326060886022,0.7210300364257805,0,0,1,0,0,0,0,0,1,0,0,0,0,0,0,0,0,0,0,0,0,0,0,1,0,1,1,0,1,0,1,0,0,0,0,1,0,0,1,0,0,0,0,0,0,1,1,0,0,0,0,1,0,0,0,0,0,0
2990,87.5,2,1255651200,82.35580758445052,418.0,0,0.000131447630005,4.2168161332e-05,0.000118893529817,0.7509641279962777,1,0,0,0,0,1,0,0,0,0,0,0,0,0,0,0,0,1,1,0,0,0,0,0,1,1,0,0,0,0,0,0,0,0,0,0,0,0,0,0,0,0,0,0,0,1,0,0,0,0,0,0,0,0,1,0,0,0
27011,72.44444444444444,9,1600992000,65.51577651705928,55.0,0,0.000107956500815,0.000131015496603,0.000111198958994,-0.20737854059990202,0,0,1,0,0,0,0,0,0,0,0,0,0,0,0,0,0,1,1,0,0,0,0,1,0,1,0,0,0,0,0,0,0,0,0,0,0,0,0,0,0,0,0,0,0,1,1,1,0,0,0,1,0,0,0,0,0,0
7352,80.85185185185185,27,1470096000,77.28688705257552,460.0,0,0.000194580039705,9.1200907067e-05,0.000180043304576,0.5742420633890162,0,0,0,0,0,1,0,0,0,0,0,0,0,0,0,0,0,1,1,0,0,0,0,1,1,0,0,0,0,0,0,0,0,0,0,0,1,0,0,0,0,0,0,0,0,1,0,0,0,0,0,0,1,0,0,0,0,0
72767,85.6,5,1689292800,79.59627067018315,10.0,0,9.2873398739e-05,6.6880665182e-05,8.92184108e-05,0.29135122248724526,0,0,0,0,0,0,0,0,1,0,0,1,1,1,0,0,0,0,0,0,0,0,0,1,0,0,0,0,0,0,0,0,0,0,0,0,0,0,0,1,0,0,0,0,0,1,1,1,0,0,0,0,0,1,0,0,0,0
1184,72.9090909090909,11,1302566400,77.05697843230719,289.0,0,0.00058222378598,0.000748533896386,0.000605609608269,-0.2746991833574389,0,0,1,0,0,0,0,0,0,1,0,1,0,0,0,0,0,0,0,1,0,0,0,1,0,0,0,0,0,0,0,0,0,0,1,0,0,0,0,1,0,0,0,0,0,0,1,0,0,1,0,1,1,1,0,0,0,0
90055,74.55555555555556,9,1595462400,75.49502854514063,180.0,0,0.000207103828184,7.3352987619e-05,0.000188296352314,0.7103878058375254,0,0,0,0,1,0,0,0,0,0,0,0,0,0,0,0,0,1,1,0,0,0,0,1,0,1,1,0,0,0,0,0,0,0,0,0,0,0,0,0,0,0,0,0,0,1,0,0,0,0,0,0,0,0,1,0,0,0
9667,81.0,5,1454371200,81.2885413176682,111.0,0,0.001361771452574,0.000272229804319,0.001208564727499,0.9020616618323466,0,0,0,0,0,0,1,0,0,1,0,0,0,0,0,0,0,0,1,0,0,0,0,0,0,0,0,0,0,0,0,0,1,0,1,0,0,0,1,0,0,0,0,0,0,1,1,1,0,0,0,1,1,0,0,0,0,0
21610,82.25,12,1397692800,81.40572855617647,90.0,3,0.000291793841754,4.3344947229e-05,0.00025685801205,0.9673858300959097,0,0,0,0,0,1,0,0,0,1,0,0,0,0,0,0,0,1,0,0,1,0,0,0,0,0,0,0,0,0,0,1,0,1,0,0,0,0,0,0,0,0,0,1,0,1,0,0,0,0,0,1,1,0,1,1,0,0
268842,86.5,4,1696550400,89.53484410206165,26.0,3,0.000163065983878,0.000118168917221,0.000156752748804,0.2864420928944835,0,0,0,0,0,0,0,0,1,0,0,0,0,0,0,0,0,1,0,0,0,0,0,1,0,1,0,0,0,0,0,0,0,0,0,0,0,0,1,0,0,0,0,0,0,1,0,0,0,0,0,0,1,0,0,0,0,0
228535,83.5,6,1690243200,76.86337019010904,95.0,0,0.000403144040536,0.000495917190361,0.000416189407349,-0.2229572700524239,0,0,1,0,0,0,0,0,1,0,0,0,0,0,0,0,0,1,0,0,0,0,0,1,1,0,0,0,0,0,0,0,0,0,0,0,0,0,0,0,0,0,0,0,0,1,1,1,0,0,0,0,1,0,0,0,0,0
27270,64.4,5,1695254400,59.43248021920571,42.0,0,0.00020456056044,0.001627641994664,0.000404668235444,-3.517373562006333,0,0,1,0,0,0,0,0,0,0,0,0,0,0,0,0,0,0,0,0,0,0,0,1,0,0,0,0,0,0,1,0,0,0,0,0,0,0,0,0,0,0,0,0,0,1,1,1,0,0,0,1,0,0,0,0,0,0
26855,90.08333333333333,12,1533513600,82.9795270928557,619.0,0,0.001312141628403,0.000240995945286,0.001161521665915,0.9227272066210459,0,0,0,0,1,0,0,0,0,0,0,0,0,0,0,0,0,1,1,0,0,0,0,1,1,0,0,0,0,0,0,0,0,0,0,0,0,0,0,0,0,0,0,0,0,1,0,0,0,0,0,0,0,0,1,0,0,0
143114,78.33333333333333,3,1645056000,83.46379567459367,48.0,0,0.000699125849994,0.001604204342203,0.000826394148502,-1.095666538960812,0,0,0,0,0,0,0,1,0,0,0,1,0,0,0,0,0,0,0,0,0,0,0,1,1,0,0,0,0,0,0,0,0,0,0,0,0,0,0,1,0,0,0,0,0,1,1,1,0,0,0,0,0,1,0,0,0,0
14748,86.28571428571429,14,1521763200,77.08438916120488,127.0,0,7.2358775331e-05,8.5169879341e-05,7.4160218436e-05,-0.1727554113438996,0,0,0,0,0,0,0,0,1,0,0,0,0,0,0,0,0,1,0,0,0,0,0,1,1,0,0,0,0,0,0,0,0,0,0,0,0,0,0,0,0,0,0,0,0,1,0,0,0,0,0,0,1,0,0,0,0,0
109148,65.0,1,1553817600,70.36065918177084,19.0,0,0.000241690664912,5.805477095e-05,0.00021586856443,0.8507756298019354,1,0,0,0,0,1,0,0,1,0,0,0,0,0,0,0,0,0,1,0,0,0,0,0,0,0,1,0,0,0,0,0,0,0,0,0,0,0,0,0,0,0,0,1,0,1,0,0,0,0,0,0,0,1,0,0,1,0
11582,78.54545454545455,11,1462752000,78.2132380406345,268.0,0,0.001279873417473,0.001270242311004,0.001278519132133,0.007537831615218404,0,0,0,0,0,0,0,1,0,1,0,1,0,0,0,0,0,0,0,0,0,0,0,0,0,1,0,0,0,0,0,0,0,0,0,0,0,0,0,0,0,1,0,0,0,1,1,0,0,0,0,0,0,1,0,0,0,0
141533,84.85714285714286,7,1614816000,75.77437581147515,151.0,0,0.000258450558654,0.000119885063321,0.000238966066453,0.5799235554920182,0,0,0,0,0,0,0,0,1,0,0,1,0,0,0,0,0,1,1,0,0,1,0,0,1,0,0,0,0,0,0,0,0,0,0,0,0,0,0,0,0,0,0,0,0,1,0,0,0,0,0,0,0,1,0,0,0,0
30208,90.57142857142857,7,1730332800,69.32724263419597,133.0,0,0.000225588651153,0.000606093770027,0.000279093666983,-1.3635501615022028,0,0,0,0,0,0,0,0,1,0,0,1,0,0,0,0,0,1,0,0,0,0,0,1,1,0,0,0,0,0,0,0,0,0,0,0,0,0,0,0,0,0,0,0,0,1,0,0,0,0,0,0,1,0,0,0,0,0
140427,84.0,2,1698883200,83.23509420436743,20.0,0,0.000186276310636,0.000150285365677,0.000181215416619,0.19862662122856797,0,0,0,0,0,0,0,0,1,1,0,0,0,0,0,0,0,1,1,0,0,0,0,1,0,0,0,0,0,0,0,0,0,0,0,1,0,1,0,0,0,0,0,0,0,1,1,1,0,0,0,0,1,1,0,0,0,0
18088,77.33333333333333,6,1544572800,74.07302821528532,45.0,0,0.000865328798187,0.000934613166449,0.000875071272169,-0.07921032312151818,0,0,1,0,0,0,0,0,0,1,0,1,0,0,0,0,0,0,0,0,0,0,0,1,0,0,0,0,0,0,0,0,0,0,0,0,0,0,0,1,0,0,0,0,0,1,1,1,1,0,0,1,0,0,0,0,0,0
200899,83.0,1,1681257600,71.6962519566768,22.0,0,5.4050456747e-05,7.0558121112e-05,5.637169449e-05,-0.2928443040871029,0,0,0,0,0,0,0,0,0,0,0,1,0,1,0,0,0,1,1,0,0,1,0,0,1,0,0,0,0,0,0,0,0,0,0,0,0,0,0,0,0,0,0,0,0,1,0,0,0,0,0,0,0,0,1,0,0,0
27907,93.0,1,1764979200,87.94176941104858,26.0,0,0.000167526731088,1.6278871584e-05,0.000146258898632,1.0341860995935408,0,0,0,1,0,0,0,0,0,0,0,0,0,0,0,0,0,1,1,0,0,0,0,1,0,0,0,0,0,0,0,0,0,0,0,0,0,0,0,0,0,0,0,0,0,1,1,1,0,0,0,0,0,0,1,0,0,0
154775,73.66666666666667,6,1698883200,73.62226093697883,129.0,0,0.00016162988001,0.000125572861827,0.000156559695056,0.23032646195653292,0,0,1,0,0,0,0,0,1,0,0,0,0,0,0,0,0,1,0,0,0,0,0,1,0,1,0,0,0,0,0,1,0,0,0,0,0,0,0,0,0,0,0,0,0,1,0,0,0,0,0,1,0,0,0,0,0,0
267011,74.0,4,1729123200,78.49438202247191,6.0,0,2.7454454949e-05,5.6142493866e-05,3.1488445295e-05,-0.9110799315981811,0,0,1,0,0,0,0,0,0,1,0,0,0,0,0,0,0,0,0,0,0,0,0,1,0,1,0,0,0,0,0,0,0,0,0,0,0,0,0,0,0,0,0,0,0,1,1,1,0,0,0,1,0,1,0,0,0,0
275404,92.5,2,1701216000,70.20346616851009,66.0,0,6.2947882387e-05,2.6869944663e-05,5.7874755815e-05,0.623397562664051,0,0,0,0,0,1,0,0,0,1,0,0,0,0,0,0,0,1,1,0,0,0,0,0,0,0,1,0,0,0,0,0,0,0,0,0,0,0,0,0,0,0,0,1,0,1,0,0,0,0,0,1,0,0,0,0,0,0
6739,87.66666666666667,3,1583452800,87.6353425516487,536.0,8,0.000975283007734,0.0003006197641,0.000880414724129,0.7666389183442643,0,0,1,0,1,0,0,0,0,0,0,0,0,0,0,0,0,1,1,0,0,0,0,1,0,1,0,0,0,0,0,0,0,0,0,0,0,0,0,1,0,0,0,0,0,1,1,0,0,0,0,1,0,0,0,0,0,0
28815,73.76923076923077,13,1510617600,70.10981124671193,48.0,0,6.3677968711e-05,5.9868982542e-05,6.3142365232e-05,0.060325684790819616,0,0,0,0,0,1,0,0,0,0,0,0,0,0,1,0,0,1,0,0,0,0,0,1,1,1,0,0,0,0,0,1,0,0,0,0,0,1,1,0,0,0,0,0,0,1,1,1,1,0,0,0,1,0,0,0,0,0
6574,80.0,3,1202083200,80.86332634050524,220.0,10,0.000246544535527,0.000274779507097,0.000250514817465,-0.11272190742040564,0,0,0,0,0,0,0,0,0,0,0,0,0,0,0,0,0,1,0,0,0,0,0,1,0,0,0,0,0,0,0,1,0,0,0,1,0,0,1,0,0,0,0,0,0,1,0,0,0,0,0,0,1,0,0,0,0,0
103292,87.83333333333333,12,1567987200,80.68311038509563,268.0,0,0.000131575996832,0.000338767240281,0.000160710350644,-1.2893251185219965,0,0,1,0,0,0,0,0,0,0,0,0,0,0,0,0,0,1,0,0,0,0,0,1,0,1,0,0,0,0,0,0,0,0,0,0,0,0,0,0,0,0,0,0,0,1,1,1,0,0,0,0,1,0,0,0,0,0
11157,78.58974358974359,29,1457654400,80.24691109142412,553.0,0,0.000248494106699,0.00030532690769,0.000256485694107,-0.22161114785595395,0,0,1,0,0,0,0,0,0,0,0,0,0,1,0,0,0,1,0,0,0,0,0,1,0,0,0,0,0,0,1,0,0,0,0,0,0,0,1,0,0,0,0,0,0,1,0,0,0,0,0,0,1,0,0,0,0,0
7584,67.5,6,1265068800,64.13804629734008,38.0,0,0.000127877427652,0.00020623172856,0.000138895277091,-0.5641641958197816,0,0,0,0,0,0,0,0,1,1,0,1,0,1,0,0,0,1,0,0,0,0,0,1,0,1,0,0,0,0,0,0,0,0,0,0,0,0,0,1,0,0,0,0,0,0,1,1,0,1,0,0,1,0,0,0,0,0
9495,82.5,2,1600819200,82.01672762955285,88.0,0,0.001404718178857,0.00173884826199,0.001451702133869,-0.23033137816077942,0,0,1,0,0,0,0,0,0,1,0,1,0,1,0,0,0,0,1,0,0,0,0,1,0,0,0,0,0,0,0,0,0,0,0,0,0,0,0,1,0,0,0,0,0,0,1,0,0,0,0,1,0,0,0,0,0,0
235846,90.0,2,1724630400,89.21112087631536,43.0,0,0.000223045383409,5.9721884305e-05,0.000200079525734,0.8163745730809379,0,0,0,0,0,0,0,0,1,0,0,0,0,0,0,0,0,0,1,0,0,0,0,1,0,0,0,0,0,0,0,0,0,0,0,0,0,0,0,0,0,0,0,0,0,1,0,0,0,0,0,0,0,1,0,0,0,0
69483,59.0,1,1524787200,70.11164629076545,38.0,0,0.000104715238454,4.6384977465e-05,9.6513084573e-05,0.6044058794567775,0,0,0,0,0,0,0,0,0,1,0,0,0,0,0,0,0,1,1,0,1,0,0,0,0,0,0,0,0,0,0,1,0,0,0,0,0,0,0,0,0,0,0,0,0,1,1,0,0,0,0,0,0,0,0,1,0,0
159299,81.5,4,1679529600,74.52880539761165,57.0,0,5.2293435814e-05,4.3786241941e-05,5.1097190296e-05,0.16649469704143724,1,0,0,0,0,1,0,0,0,1,0,0,0,0,0,0,0,1,1,0,1,0,0,0,1,0,0,0,0,0,0,0,0,0,0,1,0,0,0,0,0,0,0,1,1,1,0,0,0,0,0,0,0,0,1,0,0,0
62151,81.75,8,1537920000,76.71098802400239,306.0,0,0.000253652848526,0.000246046318097,0.000252583250482,0.030118747047311642,0,0,0,0,0,0,0,0,0,0,0,0,0,0,0,0,0,1,0,0,0,0,0,1,1,1,0,0,0,0,0,0,0,1,0,0,0,0,0,0,0,0,0,0,0,1,0,0,0,0,0,0,1,0,0,0,0,0
19795,20.0,1,1026691200,50.12748295286096,36.0,0,4.3981683819e-05,0.00026497295795,7.505653941e-05,-2.9444412063840986,0,0,0,0,0,0,0,0,1,0,0,0,0,0,0,0,0,1,0,0,0,0,0,1,1,0,0,0,0,1,0,0,0,0,0,0,0,0,0,0,0,0,0,0,0,1,1,1,0,1,0,0,1,0,0,0,0,0
203258,83.0,5,1684800000,77.1658207290187,41.0,0,0.000109721544675,6.6390337725e-05,0.000103628494151,0.4181615533459867,0,0,1,0,0,0,0,0,0,0,0,0,0,0,0,0,0,0,1,1,0,0,0,1,1,1,0,0,0,0,0,0,0,0,0,0,0,0,0,0,0,0,0,0,0,1,0,0,0,0,0,1,0,0,0,0,0,0
116200,78.8,10,1633996800,67.25297702347264,119.0,0,0.000375737723147,0.001059499569836,0.00047188541372,-1.4493416044231873,0,0,1,0,0,0,0,0,0,0,0,0,0,0,0,0,0,0,0,0,0,0,0,1,0,0,1,0,1,0,0,0,0,0,0,0,0,0,0,0,0,0,0,0,0,1,1,1,0,0,0,1,0,0,0,0,0,0
12482,76.11764705882354,17,1455494400,71.2957218924103,265.0,0,0.000189148518372,0.000149059547034,0.000183511377268,0.21847500799978373,0,0,0,0,0,1,0,0,0,0,0,0,0,0,0,0,0,1,1,0,0,0,0,0,0,0,1,0,0,0,0,0,0,0,0,0,0,0,0,0,0,0,0,1,0,1,0,0,0,0,0,1,0,0,0,0,0,0
228258,84.5,4,1686009600,73.95856082180869,74.0,0,6.8202899333e-05,2.9076418221e-05,6.2701099522e-05,0.6240354321401672,0,0,1,0,0,1,0,0,0,0,0,0,0,0,0,0,0,1,1,0,0,0,0,1,0,0,1,0,1,0,1,0,0,0,0,0,0,0,0,0,0,0,0,1,0,1,0,0,0,0,0,1,0,0,0,0,0,0
9608,80.0,1,1585526400,78.8269077912075,147.0,0,0.001864207233158,0.001570567878629,0.001822916912652,0.1612289135734532,0,0,0,0,0,0,0,0,1,1,0,1,0,1,0,0,0,1,0,0,0,0,0,1,0,0,0,0,0,1,0,0,0,0,0,0,0,0,1,0,0,0,0,0,0,1,1,0,0,0,0,1,1,0,0,0,0,0
217623,87.4,5,1706227200,82.98381364742411,64.0,0,0.000146442479888,8.1688554394e-05,0.000137337057552,0.47152875635553887,0,0,0,0,0,0,0,0,1,0,0,0,0,0,1,0,0,1,0,0,0,0,0,1,0,0,0,0,0,0,0,0,0,1,0,0,0,0,0,0,0,0,0,0,0,1,0,0,0,0,0,0,1,0,0,0,0,0
12527,82.44444444444444,18,1481155200,83.60191264652136,86.0,0,5.4010342114e-05,2.4663471105e-05,4.9883709593e-05,0.588320379694222,0,0,0,0,0,0,0,0,1,0,0,0,0,0,1,0,0,1,0,0,0,0,0,1,0,0,0,0,0,0,0,0,0,1,0,0,0,0,1,0,0,0,0,0,0,1,0,0,0,0,0,0,1,0,0,0,0,0
1144,75.5,2,1298505600,79.84503257377632,13.0,0,3.486763916e-05,2.9517712932e-05,3.4115355227e-05,0.1568213916929643,0,0,0,0,0,0,0,1,0,1,0,1,0,1,0,0,0,0,0,0,0,0,0,1,0,0,0,0,0,1,0,0,0,0,0,0,0,0,0,1,0,0,0,0,0,1,1,1,0,0,0,0,0,1,0,0,0,0
13200,75.0,1,1444953600,76.96336376093488,34.0,0,6.3052180433e-05,9.7722262249e-05,6.7927340278e-05,-0.5104168540089464,0,0,0,0,0,0,0,0,0,1,0,1,0,0,0,0,0,0,1,0,0,0,0,0,0,1,0,0,0,0,0,0,0,0,0,0,0,0,0,0,0,0,0,0,0,1,0,0,0,0,0,0,0,1,0,0,0,0
7615,66.0,2,1443484800,68.20341158283914,45.0,0,2.9396003195e-05,0.000151118922354,4.6512163775e-05,-2.617073471878736,0,0,0,0,0,0,0,0,1,0,0,1,1,0,0,0,0,0,0,0,0,0,0,0,1,0,0,0,0,0,0,0,0,0,0,0,0,0,0,0,0,0,0,0,0,1,1,0,0,0,0,0,0,1,0,0,0,0
11233,86.95238095238095,21,1492992000,83.51357324383592,962.0,0,0.000346012779961,9.4388035539e-05,0.000310630375715,0.8101713264975865,0,0,0,0,0,1,0,0,0,0,0,0,0,0,0,0,0,1,1,0,0,0,0,0,0,0,1,0,0,0,0,0,0,1,0,0,0,0,0,0,0,0,0,1,0,1,0,0,0,0,0,1,0,0,0,0,0,0
77730,85.0,1,1707955200,61.67584724712296,10.0,0,5.6040142553e-05,7.1293612298e-05,5.8185020768e-05,-0.26216220774837096,0,0,0,0,0,0,0,0,1,0,0,0,0,0,0,0,0,1,1,0,0,0,0,1,0,0,0,0,1,0,0,0,0,0,0,0,0,0,1,0,0,0,0,0,0,1,1,1,0,0,0,0,1,0,0,0,0,0
28010,72.75,8,1544659200,60.06930751389287,16.0,0,5.9770803439e-05,9.4191904556e-05,6.4610952674e-05,-0.5327612683374866,0,0,0,0,0,0,0,0,1,0,0,0,0,0,0,0,0,1,0,0,0,0,0,1,1,0,0,0,0,0,0,0,0,0,0,0,0,0,0,0,0,0,0,0,0,1,1,1,0,0,0,0,1,0,0,0,0,0
1981,84.14285714285714,14,1376956800,74.44422092870143,561.0,0,0.000543697692273,0.000459731024009,0.000531890655543,0.15790650945414436,0,0,1,0,0,0,0,0,0,0,0,0,0,0,0,0,0,1,0,0,0,0,0,1,0,1,0,0,0,0,0,1,0,0,0,1,0,0,1,0,0,0,0,0,0,1,1,1,0,0,0,0,1,0,0,0,0,0
9806,88.9090909090909,11,1459382400,80.81831070508245,247.0,0,0.000133316971912,6.0114146271e-05,0.000123023501074,0.5950678345480866,0,0,1,0,0,0,0,0,1,0,0,0,0,0,1,0,0,1,1,0,0,0,0,1,1,1,0,0,0,0,0,0,0,0,0,0,0,0,0,0,0,0,0,0,0,1,1,1,0,0,0,0,0,1,0,0,0,0
4797,82.4,5,1154995200,75.10457399021223,209.0,0,4.7672230072e-05,3.9177163842e-05,4.6477689892e-05,0.1827815380613393,0,0,0,0,0,0,0,0,0,0,0,0,0,0,1,0,0,1,0,0,0,0,0,1,0,0,1,0,1,0,0,1,0,0,0,1,0,0,1,0,0,0,0,0,0,1,0,0,0,0,0,0,1,0,0,0,0,0
86316,66.66666666666667,3,1529020800,73.3709136248267,80.0,0,0.000862392407038,0.000585352918581,0.000823436289288,0.3365816379472961,0,0,0,1,0,0,0,0,0,0,0,0,0,0,0,0,0,0,1,0,0,0,0,1,0,0,0,0,0,0,0,1,0,0,0,0,0,0,0,0,0,0,0,0,0,1,0,0,0,0,0,0,0,0,1,0,0,0
138951,86.27272727272727,11,1625702400,79.81029472038594,27.0,0,0.000105790310623,0.000137340720803,0.000110226795476,-0.2862475395579482,0,0,0,0,0,0,0,0,1,0,0,0,0,0,0,0,0,1,0,0,0,0,0,1,0,0,0,0,0,0,0,0,0,0,0,0,0,0,0,0,0,0,0,0,0,1,1,1,0,0,0,0,1,0,0,0,0,0
78153,83.9090909090909,11,1521158400,69.4175811779596,54.0,9,3.6841279113e-05,0.000137046524329,5.0931715655e-05,-1.9674930584638564,0,0,0,0,0,0,1,0,0,0,0,0,0,0,0,0,0,1,0,0,0,0,0,1,0,0,0,0,0,0,0,0,0,0,0,0,0,0,1,0,0,0,0,0,0,1,1,1,0,0,0,0,1,0,0,0,0,0
57372,80.0,1,1459900800,63.7109247131771,28.0,0,0.000149226435431,0.000293657114205,0.000169535664849,-0.8519913590589664,0,0,0,0,0,0,0,0,1,0,0,0,0,0,0,0,0,0,0,0,0,0,0,1,0,0,0,0,0,0,0,0,0,0,0,0,0,0,0,0,0,0,0,0,0,1,1,1,0,1,0,0,1,0,0,0,0,0
17003,72.14285714285714,7,1453852800,69.92480099104034,6.0,0,3.3720360651e-05,0.000153570559641,5.0573187265e-05,-2.3698966992076675,0,0,0,0,0,0,0,0,0,1,0,1,0,0,0,0,0,0,0,0,0,0,0,1,0,0,0,0,0,1,0,0,0,0,0,0,0,0,0,1,0,0,0,0,0,1,0,0,0,0,0,0,0,1,0,0,0,0
132164,68.42857142857143,7,1595462400,71.76315218495621,54.0,9,8.0004624415e-05,0.000154257018081,9.0445681056e-05,-0.8209983124961598,0,0,1,0,0,0,0,0,0,0,0,0,0,0,0,0,0,1,0,0,0,0,0,1,0,0,0,0,0,0,0,0,0,0,0,1,0,0,0,1,0,0,0,1,0,1,0,0,0,0,0,1,0,0,0,0,0,0
25657,82.44,25,1504656000,74.36941343086542,613.0,0,0.003994542965761,0.006262707448966,0.004313482634529,-0.526964638692377,0,0,1,0,0,0,0,0,1,0,0,0,0,0,0,0,0,1,0,0,0,0,0,1,1,1,0,0,0,0,0,0,0,0,0,0,0,0,1,1,0,0,0,0,0,1,1,1,0,1,0,1,1,0,0,0,0,0
4786,75.11764705882354,17,1413244800,74.81848119073017,440.0,0,0.000207151965743,0.00021991186462,0.0002089462086,-0.06107424481320726,0,0,1,0,0,1,0,0,0,0,0,0,0,0,0,0,0,1,0,0,0,0,0,1,0,0,1,0,1,0,1,0,0,0,0,0,0,0,0,0,0,0,0,0,0,1,0,0,0,0,0,0,1,0,0,0,0,0
7211,69.0,2,1401235200,68.60667698590596,156.0,0,0.000212439074397,0.000119492801356,0.000199369363731,0.4662478543004224,0,0,0,0,1,1,0,0,0,0,0,0,0,0,0,0,0,1,1,0,0,0,0,1,1,1,0,0,0,0,0,0,0,0,0,0,0,0,0,0,0,0,0,0,0,1,0,0,0,0,0,1,0,0,0,0,0,0
114285,77.25,8,1567641600,73.09829274030366,63.0,0,0.000242773760008,0.00149123289603,0.000418326788133,-2.9850353484238883,0,0,0,0,0,0,0,0,0,1,1,0,0,0,0,0,0,0,0,0,0,0,0,1,0,0,0,0,0,0,0,0,0,0,0,0,0,0,0,0,0,0,0,0,0,1,1,1,0,0,0,0,0,1,0,0,0,0
19470,86.38888888888889,18,1494892800,80.93863387134347,244.0,0,0.000155002942609,0.000150873758626,0.000154422314272,0.02674161965086727,0,1,0,0,0,0,0,0,0,0,0,0,0,0,0,0,0,0,0,0,0,0,0,1,0,0,0,0,0,0,0,0,0,0,0,0,0,0,0,0,0,0,0,0,0,1,1,0,0,0,0,0,0,0,1,0,0,0
146650,81.5,2,1642636800,72.15067513328256,12.0,0,4.1318072176e-05,3.3489365337e-05,4.0217232627e-05,0.1946644199767972,0,0,0,0,0,0,0,0,1,0,0,1,1,0,0,0,0,0,0,0,0,0,0,0,0,0,0,0,0,1,0,0,0,0,0,0,0,0,0,1,0,0,0,0,0,1,0,0,0,0,0,0,0,1,0,0,0,0
3075,88.8,5,1347580800,83.86095200857427,415.0,0,0.000574128653004,0.00017117331536,0.000517466782638,0.7789091013744819,0,0,0,0,0,0,0,0,1,1,0,1,0,0,0,0,0,0,1,0,0,0,0,0,0,1,0,0,0,0,0,0,0,0,0,0,0,0,0,0,0,0,0,0,0,1,0,0,0,0,0,0,0,1,0,0,0,0
1021,45.0,14,1360627200,47.2032182817732,105.0,0,5.6673953757e-05,0.000220549290315,7.9717408475e-05,-2.0557851975479857,0,0,1,0,0,0,0,0,0,0,0,0,0,0,0,0,0,0,0,0,0,0,0,1,0,1,1,0,0,0,0,0,0,0,0,0,0,0,0,0,0,0,0,0,0,1,1,1,1,0,0,1,0,0,0,0,0,0
2108,80.0,1,1368576000,69.9046636812786,46.0,0,0.000103142744833,7.0361990129e-05,9.8533254153e-05,0.33270361317604635,0,0,1,0,0,0,0,1,0,0,0,1,0,0,0,0,0,0,1,0,0,0,0,1,0,1,0,0,1,0,0,0,0,0,0,0,0,0,0,1,0,0,0,0,0,1,1,1,0,0,0,1,0,0,0,0,0,0
83728,77.41176470588235,17,1542672000,70.89500073449167,404.0,0,0.001422882084761,0.003576252342907,0.001725679876523,-1.2489151478199647,0,0,1,0,0,0,0,0,0,0,0,0,0,0,0,0,0,0,0,0,0,0,0,1,0,0,0,0,0,1,0,0,0,0,0,0,0,0,0,1,0,0,0,0,0,1,1,1,0,0,0,1,0,0,0,0,0,0
152061,75.71428571428571,7,1648166400,71.54341151870864,75.0,0,0.000127829290093,0.000296795209932,0.000151588561039,-1.1147195079074599,0,0,1,0,0,0,0,0,1,0,0,0,0,0,0,0,0,1,0,0,0,0,0,1,1,0,0,0,0,0,0,0,0,0,0,0,0,0,0,0,0,0,0,0,0,1,1,1,1,0,0,1,0,0,0,0,0,0
36813,81.2,15,1507766400,81.52575983075576,265.0,0,0.000213851109485,0.000110372710649,0.000199300415964,0.5192598803013736,0,0,1,0,0,0,0,0,1,0,0,0,0,0,0,0,0,1,0,0,0,0,0,1,0,0,1,0,1,0,1,0,0,0,0,0,0,0,0,0,0,0,0,0,0,1,0,0,0,0,0,1,1,0,0,0,0,0
343,85.0,10,1319500800,79.90803619848988,1052.0,0,8.6230415485e-05,0.000226139023329,0.00010590377047,-1.321161801103431,0,0,1,0,0,0,0,0,0,0,0,0,0,0,0,0,0,0,0,0,0,0,0,1,0,0,0,0,0,0,1,0,0,0,0,0,0,0,0,1,0,0,0,0,0,1,1,1,0,0,0,1,1,1,0,0,0,0
144024,91.6923076923077,13,1623283200,85.7098963586899,108.0,3,0.000265390390195,0.000207310448966,0.000257223435216,0.22582472169003634,0,0,0,0,0,0,0,0,1,0,0,0,0,0,0,0,0,1,0,0,0,0,0,1,1,1,0,0,0,0,0,0,0,0,0,0,0,0,0,0,0,0,0,0,0,1,0,0,0,0,0,0,1,0,0,0,0,0
3018,67.5,4,1317340800,73.93729999853535,36.0,0,5.8543295663e-05,3.368549632e-05,5.5047897359e-05,0.45157916494792716,0,0,0,0,1,1,0,0,1,0,0,0,0,0,0,0,0,1,1,1,0,0,0,1,1,0,0,0,0,0,0,1,0,0,0,0,0,0,0,0,0,0,0,0,0,1,1,1,0,0,0,0,0,0,1,0,0,0
103295,40.0,1,1571788800,59.79737255701122,21.0,0,0.000128294619837,0.000122974126303,0.000127546474604,0.041716816151949054,0,0,0,0,0,0,0,0,0,0,0,0,0,0,0,0,0,1,1,0,0,0,0,1,0,0,1,0,0,0,0,0,0,0,0,0,0,0,0,0,0,0,0,0,0,1,1,1,0,0,0,1,0,0,0,0,0,0
204628,83.83333333333333,6,1677801600,71.12739701571716,51.0,0,0.000107884294475,0.000698275332008,0.000190902577915,-3.092925175628502,0,0,0,0,0,0,0,0,1,0,0,0,0,0,0,0,0,1,0,0,0,0,0,1,1,0,0,0,0,0,0,0,0,0,0,0,0,0,0,0,0,0,0,0,0,1,1,1,0,0,0,0,1,0,0,0,0,0
18854,76.75,8,1480723200,74.26612559880616,22.0,0,3.5332968905e-05,7.2911692908e-05,4.0617129677e-05,-0.9252127727052722,0,0,0,0,0,0,0,0,0,0,0,0,0,0,1,0,0,0,0,0,0,0,0,1,0,0,1,0,0,0,0,1,0,0,0,0,0,0,0,0,0,0,0,0,0,1,1,0,0,0,0,0,1,0,0,0,0,0
10964,53.33333333333334,15,1493078400,54.11717786944303,57.0,0,9.9010937616e-05,0.000302090746472,0.000127567158935,-1.5920458167546665,0,0,1,0,0,0,0,0,0,0,0,0,0,1,0,0,0,0,0,0,0,0,0,1,0,0,0,0,0,0,1,0,0,0,0,0,0,0,0,1,0,0,0,0,0,1,1,0,0,0,0,1,0,0,0,0,0,0
229794,80.5,2,1699401600,61.58993844841901,29.0,8,0.000201271160519,0.00013415359233,0.000191833372773,0.3499078638280545,0,0,1,0,0,0,0,0,0,0,0,0,0,0,1,0,0,0,1,0,0,0,0,1,0,1,0,0,0,0,0,0,0,0,0,0,0,0,0,0,0,0,0,0,0,1,1,1,0,0,0,0,0,0,1,0,0,0
240556,90.0,1,1758067200,78.35337139421654,42.0,0,0.000254270613877,0.000238544307999,0.000252059247451,0.0623991697754223,0,0,1,0,0,0,0,0,0,0,0,0,0,0,0,0,0,0,0,0,0,0,0,1,0,1,0,0,1,0,0,0,0,0,0,0,0,0,0,0,0,0,0,0,0,1,0,0,0,0,0,0,0,1,0,0,0,0
7709,85.2,10,1458000000,80.44522656470592,115.0,0,0.000148303798868,0.000106253960007,0.00014239092889,0.29533364853776595,0,0,0,0,1,0,0,0,1,0,0,0,0,0,0,0,0,1,1,0,0,0,0,1,1,0,1,0,0,0,0,0,0,0,0,0,0,0,0,0,0,0,0,0,0,1,1,1,0,0,0,0,0,0,1,0,0,0
11577,81.66666666666667,3,1440633600,82.08078320808409,15.0,0,2.9981676839e-05,7.3156856636e-05,3.6052787486e-05,-1.1975761403159322,0,0,0,0,0,0,0,1,0,0,0,1,0,0,0,0,0,0,1,0,0,0,0,1,0,1,0,0,0,0,0,0,0,0,0,0,0,0,1,0,0,0,0,0,0,1,1,1,0,0,0,0,0,1,0,0,0,0
10345,77.5,2,1395878400,70.67153215156341,18.0,0,6.3172524332e-05,0.000118070851729,7.0892094269e-05,-0.7744202490956251,0,0,0,0,0,0,0,0,0,1,0,1,1,0,0,0,0,0,1,0,0,0,0,0,0,1,0,0,0,0,0,0,0,0,0,0,0,0,0,0,0,1,0,0,0,1,1,1,0,0,0,0,0,1,0,0,0,0
21063,56.72727272727273,11,1510012800,55.46376526653924,106.0,0,3.7972511769e-05,0.000157738343029,5.481347495e-05,-2.185030482558561,0,0,0,0,1,0,0,0,0,0,0,0,0,0,0,0,0,0,0,0,0,0,0,1,1,1,0,0,0,0,0,0,0,0,0,0,0,0,0,0,0,0,0,0,0,1,1,1,0,0,0,0,1,0,0,0,0,0
3251,83.33333333333333,3,1346371200,79.38909995661727,137.0,0,0.000191788061235,3.7804246961e-05,0.000170135510424,0.9051426864164606,0,0,0,1,0,0,0,0,0,0,0,0,0,0,0,0,0,0,1,1,0,0,0,1,0,0,0,0,0,0,0,0,0,0,0,0,0,0,0,0,0,0,0,0,0,1,0,0,0,0,0,0,0,0,1,0,0,0
137,64.5,5,1288051200,64.40576780312145,287.0,0,3.7643571776e-05,0.000132192282501,5.0938610432e-05,-1.8561778186067273,0,0,0,0,0,0,0,0,1,0,0,0,0,0,1,0,0,1,0,0,0,0,0,1,1,1,0,0,0,0,0,0,0,0,0,0,0,0,0,0,0,0,0,0,0,1,0,0,0,0,0,0,1,0,0,0,0,0
7336,72.75,4,1501545600,,,0,3.5702023531e-05,0.000102478438586,4.509183977e-05,-1.4809313818199468,0,0,1,0,0,0,0,0,0,1,0,0,0,0,0,0,0,0,0,0,0,0,0,1,0,1,0,0,0,0,0,0,0,0,0,0,0,0,0,0,0,0,0,0,0,0,1,1,0,1,0,0,1,0,0,0,0,0
134599,77.36363636363636,11,1599091200,71.20462023312419,46.0,0,0.000130236168083,0.001119074355903,0.000269282399706,-3.6726177473363277,0,0,0,0,0,0,0,0,0,1,1,0,0,0,0,0,0,0,0,0,0,0,0,1,0,0,0,0,0,0,0,0,1,0,1,0,0,0,0,0,0,0,0,0,0,1,1,1,1,0,0,0,0,1,0,0,0,0
89354,80.0,3,1554422400,85.98833791211743,68.0,0,0.000100495179043,3.0792564321e-05,9.0693893018e-05,0.7685829018402754,0,0,0,0,1,1,0,0,0,0,0,0,0,0,0,0,0,1,1,0,0,0,0,1,0,0,0,0,0,0,0,1,0,0,0,0,0,0,1,0,0,0,0,0,0,1,0,0,0,0,0,1,0,0,0,0,0,0
27283,67.11111111111111,9,1512604800,71.41380046968636,15.0,0,8.1561072182e-05,2.9272549204e-05,7.4208481873e-05,0.7046426737236003,0,0,1,0,0,0,0,0,0,0,0,0,0,0,0,0,0,0,0,0,0,0,0,1,0,1,0,0,0,0,0,0,0,0,0,0,0,0,0,0,0,0,0,0,0,1,1,1,0,0,0,0,1,0,0,0,0,0
14144,86.44444444444444,18,1388016000,84.80724267431,81.0,3,0.000144661390175,9.8850015401e-05,0.000138219588972,0.3314619950508428,0,0,0,0,0,0,0,0,1,0,0,0,0,0,0,0,0,0,0,0,0,0,0,0,1,0,0,0,0,0,0,0,0,0,0,0,0,0,0,0,0,0,0,0,0,1,0,0,0,0,0,0,1,0,0,0,0,0
11064,77.76470588235294,17,1476316800,74.90422720317214,122.0,0,0.00019060869102,0.000170241693191,0.000187744770176,0.10849255427327953,0,0,1,0,0,1,0,0,1,0,0,0,0,0,0,0,0,1,0,0,0,0,0,1,0,1,1,0,0,0,0,1,0,0,0,0,0,0,0,0,0,0,0,0,0,1,1,1,0,0,0,1,0,0,0,0,0,0
23719,45.0,1,1522108800,65.0350079565589,17.0,9,6.1912924851e-05,4.1677833875e-05,5.9067552189e-05,0.34258552858283897,0,0,0,0,0,0,0,0,1,0,0,0,0,0,0,0,0,1,0,0,0,0,0,0,1,0,0,0,0,0,0,0,0,0,0,0,0,0,0,0,0,0,0,0,0,1,1,1,0,0,0,0,1,1,0,0,0,0
7857,43.33333333333334,3,1433116800,48.55077217582611,71.0,0,0.000147718125223,0.00018186245393,0.000152519355896,-0.22388589484741153,0,0,1,0,0,0,0,0,0,0,0,0,0,0,0,0,0,0,1,0,0,0,0,1,0,0,0,1,0,0,0,0,0,0,0,0,0,0,0,0,0,0,0,0,0,1,0,0,0,0,0,0,0,1,0,0,0,0
11133,86.07692307692308,26,1458777600,87.2236755077326,1863.0,0,0.003131556862152,0.001149768854733,0.002852886238687,0.695651143093726,0,0,0,0,0,0,0,0,1,0,0,0,0,0,0,0,0,1,0,0,0,0,0,1,1,0,0,0,0,0,0,0,0,0,0,0,0,0,0,0,0,0,0,0,0,1,1,1,0,0,0,0,1,0,0,0,0,0
11821,75.0,1,1440633600,73.1711866631178,117.0,0,0.000148440188621,2.5202831308e-05,0.00013111107417,0.9400078277737177,1,0,0,0,0,1,0,0,0,0,0,0,0,0,0,0,0,1,1,0,0,0,0,0,1,0,1,0,0,0,0,0,0,0,0,0,0,0,0,0,0,0,0,0,0,1,0,0,0,0,0,0,0,0,1,0,0,0
9425,78.75,8,1334016000,77.04088234731009,89.0,0,0.00023766315574,0.000550637734601,0.000281672313477,-1.1112865551637878,0,1,0,0,0,0,0,0,0,0,0,0,0,0,0,0,0,0,1,1,0,0,0,1,0,1,1,0,0,0,0,1,0,0,0,0,0,0,0,0,0,0,0,0,0,1,1,0,0,0,0,0,0,0,1,0,0,0
27448,83.9,10,1594857600,76.641081897282,94.0,0,8.137654487e-05,9.1789300015e-05,8.2840742331e-05,-0.1257012690400722,0,0,1,0,0,1,0,0,0,0,0,0,0,0,0,0,0,0,1,0,0,0,0,1,0,1,0,0,0,0,0,0,0,0,0,0,0,0,0,0,0,0,0,0,0,1,0,0,0,0,0,1,0,0,0,0,0,0
132181,94.5,6,1679616000,90.45130910575952,624.0,8,0.001424382372042,0.000204417516968,0.001252836088839,0.9743723975357979,0,0,1,0,0,1,0,0,0,0,0,0,0,0,0,0,0,1,0,0,0,0,0,1,0,0,1,0,0,0,0,0,0,0,0,0,0,0,0,0,0,0,0,1,0,1,0,0,0,0,0,0,1,0,0,0,0,0
192840,81.0,1,1654819200,67.65774369105478,10.0,0,9.8304920072e-05,3.4273889269e-05,8.930114812e-05,0.7170556160900183,0,0,0,0,0,0,0,0,1,0,0,1,0,1,0,0,0,1,1,0,0,0,0,0,1,0,0,0,0,0,0,0,0,1,0,0,0,0,0,1,0,0,0,0,1,1,0,0,0,0,0,0,1,1,0,0,0,0
107218,85.88888888888889,9,1592265600,85.4208221905644,97.0,0,0.00011276223387,2.3780881681e-05,0.000100250053557,0.8876385513005953,0,0,0,0,0,0,0,1,0,1,0,1,0,1,0,0,0,0,0,0,0,0,0,1,0,0,0,0,0,0,0,0,0,0,0,0,0,0,0,0,0,0,0,0,0,1,0,0,0,0,0,0,0,1,0,0,0,0
38,90.0,8,1295913600,86.45801277770623,1036.0,0,0.000195727318214,7.6000755889e-05,0.000178891876863,0.6693276025727818,0,0,1,0,0,0,0,0,0,0,0,0,0,0,0,0,0,1,0,0,0,0,0,1,0,1,1,0,1,0,0,0,0,0,0,0,0,0,0,0,0,0,0,0,0,1,1,1,0,0,0,0,1,0,0,0,0,0
37059,70.0,4,1519084800,80.9749383440225,69.0,9,9.3868241642e-05,0.000109833350446,9.6113187523e-05,-0.16611535244981804,0,0,0,0,0,0,0,1,0,1,0,1,0,0,0,0,0,1,0,0,0,0,0,1,0,0,0,0,0,1,0,0,0,0,0,0,0,0,0,1,0,0,0,0,0,1,1,1,0,0,0,0,0,1,0,0,0,0
14172,82.5,4,1495670400,72.10617235476987,40.0,0,6.9542728081e-05,0.000115325017968,7.5980439491e-05,-0.6025765243125777,0,1,1,0,0,0,0,0,0,1,0,0,0,0,0,0,0,0,1,0,0,0,0,1,0,1,0,0,0,0,0,0,0,0,0,0,0,0,0,0,0,0,0,0,0,1,0,0,0,0,0,1,1,0,0,0,0,1
26402,72.6,5,1486598400,82.63761770369003,5.0,0,3.2629242629e-05,2.9223516458e-05,3.2150343861e-05,0.10593295465408009,0,0,0,0,0,0,0,0,1,0,0,0,0,0,0,0,0,0,0,0,0,0,0,1,0,1,0,0,0,0,0,0,0,0,0,0,0,0,0,0,0,0,0,0,0,1,1,0,0,0,0,0,1,0,0,0,0,0
86395,70.0,1,1521072000,70.16064970292456,24.0,0,9.604245476e-05,3.6578428318e-05,8.768087559e-05,0.6782166912990979,0,0,1,0,0,0,0,0,0,0,0,0,0,0,0,0,0,0,1,0,0,0,0,1,0,1,0,0,0,0,0,0,0,0,0,0,0,0,0,0,0,0,0,0,0,1,1,1,0,0,0,0,0,1,0,0,0,0
19333,74.73333333333333,15,1503964800,61.92779047374047,49.0,0,8.4216660899e-05,0.000198043260023,0.00010022247445,-1.1357961739133446,0,1,0,0,0,0,0,0,1,0,0,0,0,0,0,0,0,1,1,0,0,0,0,1,1,0,0,0,0,0,0,0,0,0,0,0,0,0,0,0,0,0,0,0,0,1,1,1,0,0,0,0,1,0,0,0,0,0
18167,36.75,8,1512691200,46.40217650416055,98.0,0,0.000131592042685,0.00015783640852,0.000135282414088,-0.1940099988050735,0,0,0,0,0,1,0,0,1,0,0,1,0,0,0,0,0,1,1,0,0,0,0,1,0,0,1,1,0,0,1,1,0,0,0,1,0,0,0,0,0,0,0,0,0,1,0,0,0,0,0,1,0,0,0,0,0,0
2137,62.0,15,1417392000,66.29712589783463,166.0,0,8.6013796465e-05,0.000309788887552,0.000117480100588,-1.9049033348598297,0,0,0,0,0,0,1,0,0,0,0,0,0,0,0,0,0,1,0,0,0,0,0,1,0,0,0,0,0,0,0,0,0,0,0,0,0,0,1,0,0,0,0,0,0,1,1,1,0,1,0,1,1,0,0,0,0,0
8508,70.0,1,1405555200,79.6752343363402,14.0,0,3.4217782103e-05,3.0596433338e-05,3.37085634e-05,0.1074329320094763,0,0,0,0,0,0,0,0,0,1,0,1,1,1,0,0,0,0,1,0,0,0,0,0,0,1,0,0,0,0,0,0,0,0,0,0,0,0,0,0,0,0,0,0,0,1,0,0,0,0,0,0,0,1,0,0,0,0
8190,86.0,2,1228694400,71.19517132400696,39.0,0,3.9681395142e-05,9.610418164e-06,3.5452941911e-05,0.8482091585697166,0,0,0,0,0,0,0,1,0,1,0,1,0,1,0,0,0,0,1,0,0,0,0,0,0,1,0,0,0,0,0,0,0,0,0,0,0,0,0,0,0,0,0,0,0,1,0,0,0,0,0,0,0,1,0,0,0,0
3242,87.5,5,1370217600,83.18720786469879,112.0,0,0.000102452773143,1.5837576872e-05,9.0273311638e-05,0.9595206397194224,0,0,0,0,1,1,0,0,0,0,0,1,0,0,0,0,0,1,1,0,0,0,0,1,0,1,0,0,0,0,1,1,0,0,0,0,0,0,0,0,0,0,0,0,0,1,0,0,0,0,0,0,0,0,1,0,0,0
11657,82.5,2,1459296000,70.88842264225556,36.0,0,5.0022947576e-05,1.6965330024e-05,4.5374525616e-05,0.728566681070238,0,0,0,0,0,1,0,0,1,0,0,0,0,0,0,0,0,1,1,0,0,0,0,1,1,0,0,0,0,0,0,0,0,0,0,0,1,0,0,0,0,0,0,0,0,1,0,0,0,0,0,0,0,1,0,0,0,0
22436,75.0,4,1470787200,69.9387801512562,103.0,0,5.5494583542e-05,4.9130811226e-05,5.4599736872e-05,0.11655635006969542,0,0,0,0,0,0,0,0,1,1,0,1,0,0,0,0,0,1,1,0,0,1,0,0,1,0,0,0,0,1,0,0,0,0,0,0,0,0,0,0,0,0,0,0,0,1,0,0,0,0,0,0,0,0,0,1,0,0
5892,88.0,10,1369872000,80.10708551012249,179.0,0,5.5590858661e-05,2.1574408123e-05,5.0807609674e-05,0.6695318850113349,0,0,0,0,1,1,0,0,0,0,0,1,0,0,0,0,0,1,1,0,0,0,0,1,0,1,0,0,0,0,0,0,0,0,0,0,0,0,0,0,0,0,0,1,0,1,0,0,0,0,0,0,0,0,1,0,0,0
44,70.0,2,1182816000,77.53467823377017,151.0,0,4.7768505191e-05,2.0103425751e-05,4.3878359067e-05,0.6305086829355219,0,0,0,0,0,0,0,0,1,0,0,1,0,0,1,0,0,1,0,0,0,0,0,1,1,1,0,0,0,0,0,1,0,0,0,0,0,0,0,0,0,0,0,0,0,1,1,0,0,0,0,0,1,0,0,0,0,0
3099,84.5,2,1413763200,69.1209034379952,40.0,0,7.4428690403e-05,2.7507370357e-05,6.7830813404e-05,0.691763949581289,0,0,1,0,0,1,0,1,0,1,0,1,0,1,0,0,0,0,1,0,0,0,0,1,0,0,0,0,0,0,0,0,0,0,0,0,0,0,0,0,0,0,0,0,0,1,1,1,0,0,0,0,0,1,0,0,0,0
26776,76.0,3,1484179200,75.67703028858264,83.0,0,9.4526121626e-05,0.000127289007927,9.9133099728e-05,-0.33051029683634003,1,0,0,0,0,1,0,0,1,0,0,0,0,0,0,0,0,1,1,0,0,0,0,0,0,0,1,1,1,0,0,0,0,0,0,0,0,0,0,0,0,0,0,0,0,1,0,0,0,0,0,0,0,0,1,0,0,0
2354,71.42857142857143,7,1343779200,69.71488365196248,129.0,0,7.9779982469e-05,0.000131652922298,8.7074135239e-05,-0.5957589822687224,0,0,0,0,1,1,0,0,0,0,0,0,0,0,0,0,0,1,1,0,0,0,0,1,1,0,1,0,1,1,0,0,0,0,0,0,0,0,0,0,0,0,0,0,0,1,0,0,0,0,0,0,0,0,1,0,0,0
10745,63.33333333333334,3,1214352000,78.75204935348029,28.0,0,3.7130104472e-05,3.701972303e-05,3.7114583102e-05,0.002974127179727944,0,0,0,0,0,0,0,0,0,0,0,1,1,0,0,0,0,1,1,0,0,1,0,0,0,0,0,0,0,0,0,0,0,0,0,0,0,0,0,0,1,0,0,0,0,1,1,0,0,0,0,0,0,1,0,0,0,0
122123,77.0,1,1715558400,69.76473465179397,7.0,0,2.5978236448e-05,0.000234915884815,5.5358162311e-05,-3.7743924796840815,0,0,0,0,0,0,0,1,0,1,0,1,0,0,0,0,0,0,0,0,0,0,0,0,0,1,0,0,0,0,0,0,0,0,0,0,0,0,0,1,0,0,0,0,0,1,1,1,0,0,0,0,1,1,0,0,0,0
113104,81.8,5,1644969600,80.72395977498252,16.0,0,5.6016073773e-05,6.7959385588e-05,5.7695491621e-05,-0.2070119521256176,0,1,0,0,0,0,0,0,0,0,0,0,0,0,0,0,0,0,0,0,0,0,0,1,0,0,0,0,0,0,0,0,0,0,0,0,0,0,0,0,0,0,0,0,0,1,1,0,1,0,0,0,0,0,1,0,0,0
9722,70.0,1,1338595200,66.56188342827906,41.0,0,5.3601172856e-05,1.7504690227e-05,4.8525438579e-05,0.7438852584912863,0,0,0,0,0,0,0,0,1,1,0,1,0,0,0,0,0,1,1,0,1,0,0,0,1,0,0,0,1,1,0,0,0,0,0,0,0,0,0,0,0,0,0,0,0,1,0,0,0,0,0,0,0,0,0,1,0,0
14147,85.0,4,1443484800,74.83279459986356,43.0,0,5.2437848493e-05,9.3407380625e-05,5.8198810321e-05,-0.7039787253978891,0,0,0,0,0,0,0,0,0,0,0,0,0,0,0,0,0,1,1,0,0,0,0,1,1,0,0,0,0,0,0,0,0,0,0,0,0,0,0,0,0,0,0,0,0,1,0,0,0,0,0,0,0,1,0,0,0,0
1163,72.25,4,1226966400,74.61713864028596,252.0,0,3.8092855668e-05,7.0509088367e-05,4.265108881e-05,-0.7600491544847833,0,0,1,0,1,0,0,0,0,0,0,0,0,0,0,0,0,1,0,0,0,0,0,1,0,0,0,0,0,0,0,0,0,0,0,0,0,0,0,0,0,0,0,0,0,1,0,0,0,0,0,0,1,0,0,0,0,0
11597,75.0,2,1468281600,75.08645929290353,51.0,0,0.000128968545675,7.3990413314e-05,0.000121237753903,0.4535011845426678,0,0,0,0,0,1,0,0,0,1,0,0,0,0,0,0,0,0,1,0,0,0,0,0,0,0,0,0,0,0,0,0,0,0,0,1,1,0,0,0,0,0,0,0,0,1,0,0,0,0,0,0,0,0,1,0,0,0
191797,84.2,5,1702512000,73.77742992949551,26.0,0,9.3330705557e-05,0.000100909390722,9.4396388119e-05,-0.08028954296504799,0,0,0,0,0,0,0,0,0,1,0,0,0,0,0,0,0,0,1,0,0,0,0,0,0,0,0,0,0,0,0,0,0,0,0,0,0,0,0,0,0,0,0,0,0,1,1,1,0,0,0,1,0,0,0,0,0,0
55984,66.25,4,1572912000,75.93782876214281,69.0,0,4.0363343906e-05,4.5551420788e-05,4.1092869271e-05,-0.1262550795257779,0,0,0,0,0,1,0,0,0,0,0,0,0,0,0,0,0,1,0,0,0,0,0,1,1,0,0,1,0,0,0,0,0,1,0,0,0,0,0,0,0,0,0,1,0,1,0,0,0,0,0,0,1,0,0,0,0,0
759,60.0,1,1236816000,72.50414015832054,41.0,4,3.5702023531e-05,4.2854619772e-05,3.6707791275e-05,-0.1948558404022853,0,0,0,0,0,0,0,1,0,0,0,1,0,0,0,0,0,0,0,0,0,0,0,1,1,1,0,0,0,1,0,0,0,0,0,0,0,0,0,0,0,0,0,0,0,1,1,0,0,0,0,0,0,1,0,0,0,0
11049,60.0,1,1491868800,65.8446291664951,43.0,0,5.3536989443e-05,1.7945984939e-05,4.8532333355e-05,0.7333640419453474,0,0,0,0,0,0,0,0,1,0,0,0,0,0,1,0,0,0,1,1,0,0,0,1,1,0,1,0,0,0,0,0,0,0,0,0,0,0,0,0,1,0,0,0,0,1,1,1,0,0,0,0,0,1,0,0,0,0
707,76.66666666666667,3,1206316800,80.25677507082035,62.0,2,3.8333543467e-05,1.4415627246e-05,3.4970307541e-05,0.6839612262192188,0,0,0,0,0,0,0,1,0,1,0,1,0,0,0,0,0,0,0,0,0,0,0,1,0,1,0,0,0,0,0,0,0,0,0,0,0,0,0,0,0,0,0,0,0,1,1,0,0,0,0,0,0,1,0,0,0,0
55190,74.8,5,1548288000,68.66509094236207,138.0,0,7.6827545467e-05,2.0838916937e-05,6.895466201e-05,0.811990911334971,0,0,0,0,1,1,0,0,0,0,0,0,0,0,0,0,0,1,1,0,0,0,0,1,0,0,0,0,0,0,0,0,0,0,0,0,0,0,0,0,0,0,0,0,0,1,1,1,0,0,0,0,0,0,1,0,0,0
283600,79.0,4,1709856000,76.5938538294928,25.0,0,4.5594292073e-05,9.4240937302e-05,5.2434776981e-05,-0.9277796799532314,0,1,0,0,0,0,0,0,0,1,1,0,0,0,0,0,0,0,0,0,0,0,0,0,0,0,0,0,0,0,0,0,0,0,1,0,0,0,0,0,0,0,0,0,0,1,1,1,1,0,0,0,1,0,0,0,0,0
233307,92.83333333333333,6,1692230400,79.51459640627066,14.0,0,3.5477381585e-05,1.7210493753e-05,3.29087693e-05,0.5550857351797172,0,0,0,0,0,0,0,0,1,0,0,1,0,1,0,0,0,1,1,0,0,0,0,1,1,0,0,0,0,0,1,0,0,0,0,1,0,0,0,0,0,0,0,0,0,1,0,0,0,0,0,0,0,1,0,0,0,0
119347,83.33333333333333,3,1606953600,77.09043068827032,5.0,0,3.3399443586e-05,6.4772257116e-05,3.7810955551e-05,-0.8297438186129507,0,0,0,0,0,0,0,0,0,1,0,1,0,0,0,0,0,0,1,0,0,0,0,0,0,0,0,0,0,0,0,0,0,0,0,1,0,0,0,0,0,0,0,0,0,1,1,1,0,0,0,0,0,0,0,0,0,0
20326,78.0,5,1570665600,79.3071709665496,83.0,0,5.9538138566e-05,4.6875304922e-05,5.7757544611e-05,0.2192475357610291,0,0,0,0,0,1,0,0,0,0,0,0,0,0,0,0,0,1,1,0,0,0,0,1,0,1,0,0,1,0,0,0,0,0,0,0,0,0,0,0,0,0,0,1,0,1,0,0,0,0,0,1,1,0,0,0,0,0
22704,85.83333333333333,6,1477526400,69.49649341372287,134.0,0,0.000108630426652,6.9332302469e-05,0.00010310449112,0.3811681686008829,0,0,0,0,0,0,0,0,0,1,0,0,0,0,0,0,0,1,1,0,1,0,0,0,0,1,0,1,0,0,0,0,0,1,0,0,0,0,0,0,0,0,0,1,0,1,0,0,0,0,0,0,0,0,0,1,0,0
3109,59.25,4,1050278400,71.87592764010682,290.0,0,0.000901889274867,0.000178675325457,0.000800193996954,0.9041598278914847,0,0,1,0,0,0,0,0,0,0,0,0,0,0,0,0,0,1,1,0,0,0,0,1,0,0,0,0,0,0,0,1,0,0,0,0,0,0,1,0,0,0,0,0,0,1,0,0,0,0,0,1,0,0,0,0,0,0
191435,89.0,4,1715212800,81.71196951702063,112.0,0,0.000160105523949,4.0893309943e-05,0.000143342408078,0.8317200714245911,0,0,0,0,1,1,0,0,0,0,0,0,0,0,0,0,0,1,1,0,0,0,0,1,0,0,1,0,1,0,0,0,0,0,0,0,0,0,0,0,0,0,0,1,0,1,0,0,0,0,0,0,0,0,1,0,0,0
55121,75.44444444444444,9,1534204800,59.94785450703208,9.0,0,2.6724368625e-05,5.7025083289e-05,3.0985126595e-05,-0.9779267483194762,0,0,0,0,0,0,0,0,1,1,0,1,1,1,0,0,0,1,0,0,0,0,0,1,1,1,0,1,0,1,0,0,0,0,0,0,0,0,0,0,0,0,0,0,0,1,1,0,0,0,0,0,0,1,0,0,0,0
152259,88.0,2,1646092800,72.23844575057147,45.0,0,3.4691134774e-05,1.7112428261e-05,3.2219291628e-05,0.5456044751442708,0,0,0,0,1,1,0,0,0,0,0,0,0,0,0,0,0,1,1,0,0,0,0,1,0,0,0,0,0,0,0,0,0,0,0,0,0,0,0,0,0,0,0,1,0,1,0,0,0,0,0,0,0,0,1,0,0,0
56870,78.5,2,1519948800,75.01796720577369,25.0,0,3.7531250804e-05,1.3434972331e-05,3.4142934334e-05,0.705759194384479,0,0,1,0,1,0,0,0,0,0,0,0,0,0,0,0,0,1,1,1,0,0,0,1,0,0,0,0,0,0,0,1,0,0,0,0,0,0,0,0,0,0,0,0,0,1,1,1,1,0,0,0,0,0,1,0,0,0
185253,77.0,2,1694649600,69.9451241843723,22.0,0,8.0012647342e-05,0.000124886403386,8.6322604576e-05,-0.5198602735205489,0,0,0,0,0,0,0,1,0,0,0,1,0,1,0,0,0,0,0,0,0,0,0,0,0,1,0,0,0,0,0,0,0,0,0,0,0,0,0,0,0,1,0,0,0,1,1,1,0,0,0,0,0,1,0,0,0,0
601,70.0,1,1277769600,66.38077155980702,27.0,4,0.000163780024349,8.2178881851e-05,0.000152305617818,0.5358131739697193,0,0,1,0,0,0,0,0,1,1,0,1,0,1,0,0,0,0,0,0,0,0,0,1,0,0,0,0,0,0,0,0,0,0,0,0,0,0,1,0,0,0,0,0,0,1,1,1,0,0,0,1,0,0,0,0,0,0
18859,68.44444444444444,9,1471910400,69.77461171892753,24.0,0,4.8402316395e-05,2.7605435849e-05,4.5477947267e-05,0.4573063361904456,0,0,0,0,1,1,0,0,0,0,0,0,0,0,0,0,0,1,1,0,0,0,0,1,0,1,0,1,0,0,0,0,0,0,0,0,0,0,0,0,0,0,0,0,0,1,0,0,0,0,0,1,0,0,0,0,0,0
11409,57.22222222222222,9,1438560000,59.6145778864088,43.0,0,2.8866490037e-05,5.6044428375e-05,3.2688136445e-05,-0.8314448448105276,0,0,0,0,1,1,0,0,0,0,0,0,0,0,0,0,0,1,1,0,0,0,0,0,1,0,1,0,0,0,0,0,0,0,0,0,0,0,0,0,0,0,0,0,0,1,0,0,0,0,0,0,1,0,0,0,0,0
83891,80.0,2,1516320000,72.90854434335466,19.0,0,4.5281397934e-05,1.8338246905e-05,4.1492766321e-05,0.6493592109435418,0,0,0,0,0,1,0,0,0,0,0,1,0,0,0,0,0,0,1,0,0,0,0,0,0,0,1,0,0,0,0,0,0,0,0,0,0,0,0,0,0,0,0,0,0,1,0,0,0,0,0,0,0,1,0,0,0,0
8925,85.0,4,1423180800,76.25350891902636,80.0,0,6.1896878997e-05,7.7128509041e-05,6.4038686206e-05,-0.23785806124417433,0,0,0,0,0,0,0,1,1,0,0,1,0,0,0,0,0,1,1,0,0,0,0,0,1,0,1,1,1,1,0,0,0,0,0,0,0,0,0,0,0,0,0,1,0,1,0,0,0,0,0,0,0,1,0,0,0,0
244,69.2,10,1375747200,58.70367365539274,105.0,0,6.6405763767e-05,0.000172055904783,8.1261838461e-05,-1.3001728193845519,0,0,1,0,0,0,0,0,0,0,0,1,0,1,0,0,0,0,0,0,0,0,0,1,1,1,0,0,0,1,0,0,0,0,0,0,0,0,0,0,0,0,0,0,0,1,0,0,0,0,0,1,0,0,0,0,0,0
58042,75.0,1,1445990400,77.7257946323436,34.0,0,4.1959906307e-05,1.26504484e-05,3.7838534658e-05,0.7746074915925851,1,0,0,0,0,1,0,0,0,0,0,0,0,0,0,0,0,1,1,0,0,0,0,1,0,0,0,0,0,0,0,0,0,0,0,0,0,0,0,0,0,0,0,1,0,1,0,0,0,0,0,1,0,0,0,0,0,0
18148,58.0,1,1581552000,51.98768624803379,34.0,0,0.000303635681469,0.001462695838012,0.000466617804303,-2.4845399037053233,0,0,0,0,0,0,0,0,1,0,0,0,0,0,1,0,0,1,1,0,0,0,0,1,1,0,1,0,0,1,0,0,0,0,0,0,0,0,1,0,0,0,0,0,0,1,1,1,0,0,0,0,0,1,0,0,0,0
145028,72.0,4,1660780800,71.36012679930741,39.0,0,5.7002893749e-05,6.6390337725e-05,5.8322916302e-05,-0.16096104790582655,0,0,0,0,0,0,0,0,1,0,0,0,0,0,1,0,0,1,0,0,0,0,0,1,1,0,0,0,0,0,0,0,0,0,0,0,0,0,0,0,0,0,0,0,0,1,0,0,0,0,0,0,1,0,0,0,0,0
143424,80.0,3,1626912000,79.38429857941993,8.0,0,3.9873945381e-05,3.2999037879e-05,3.890722505e-05,0.17670345890986267,0,0,0,0,0,0,0,0,0,0,0,1,1,1,0,0,0,0,0,0,0,0,0,1,0,1,0,0,0,0,0,0,0,0,0,0,0,0,0,0,0,0,0,0,0,1,1,1,0,0,0,0,0,1,0,0,0,0
200611,80.0,1,1664236800,75.91823217134917,42.0,0,0.000119958799063,6.1781259626e-05,0.000111778120238,0.5205024985260869,0,0,0,0,0,0,0,0,0,0,0,0,0,1,0,0,0,0,1,1,0,0,0,1,0,1,0,0,1,0,0,0,0,0,0,0,0,0,0,0,0,0,0,0,0,1,1,1,0,0,0,0,0,0,1,0,0,0
55137,71.66666666666667,3,1528329600,56.66666666666667,5.0,0,3.3848727478e-05,1.5690478635e-05,3.1295391547e-05,0.5802302536781129,0,0,0,0,0,0,0,0,0,0,0,0,0,0,1,0,0,0,0,0,0,0,0,1,1,0,0,0,0,0,0,0,0,0,0,0,0,0,0,0,0,0,0,0,0,1,1,0,0,0,0,0,1,0,0,0,0,0
120619,77.5,2,1627344000,60.42491240071627,28.0,0,0.000141355944401,0.00026163873124,0.000158269599684,-0.7600468149434424,0,1,0,0,0,0,0,0,1,0,0,0,0,0,0,0,0,1,1,0,0,0,0,1,0,0,0,0,1,0,0,0,0,0,0,0,0,0,0,0,0,0,0,0,0,1,1,1,0,0,0,0,0,1,0,0,0,0
28512,87.33333333333333,6,1597104000,83.76950469212136,249.0,0,0.002351736416052,0.001002719650275,0.002162043400565,0.6246287918635987,0,0,1,0,0,0,0,0,0,0,0,0,0,0,0,0,0,1,1,0,0,0,0,1,0,1,0,0,1,0,0,0,0,0,0,0,0,0,0,0,0,0,0,0,0,1,1,1,1,0,0,0,1,0,0,0,0,0
159119,90.57142857142857,7,1674777600,84.0026850468401,216.0,8,0.000372945744678,0.000234082328138,0.00035341936006,0.39298343356510973,0,0,1,0,0,0,0,0,1,0,0,0,0,0,0,0,0,1,0,0,0,0,0,1,0,1,1,0,1,0,0,0,0,0,0,0,0,0,0,0,0,0,0,0,0,1,0,0,0,0,0,0,1,0,0,0,0,0
264410,87.0,1,1727308800,82.99822891184262,99.0,0,0.000230619026154,5.4867642477e-05,0.000205905612065,0.8536410221725517,0,0,0,0,0,0,0,0,0,0,0,0,0,0,0,0,0,1,1,0,0,0,0,0,0,0,1,0,0,0,0,0,0,0,0,0,0,0,0,0,0,0,0,0,0,1,0,0,0,0,0,1,0,0,0,0,0,0
14523,84.16666666666667,6,1425340800,74.41008466108221,89.0,0,0.000228180056457,0.000150922791371,0.000217316467542,0.3555444292550979,0,0,1,0,0,0,0,0,0,0,0,0,0,0,0,0,0,0,0,0,0,0,0,1,0,1,0,0,0,0,0,0,0,0,0,0,0,0,0,0,0,0,0,0,0,1,1,1,1,0,0,0,0,1,0,0,0,0
325594,92.0,6,1741219200,88.68546294322043,194.0,0,0.000638191722193,9.8653884418e-05,0.0005623242,0.9597479908445872,0,0,0,0,1,1,0,0,0,0,0,0,0,0,0,0,0,1,0,0,0,0,0,1,1,1,0,0,0,0,0,0,0,0,0,0,0,0,0,0,0,0,0,0,0,0,1,1,1,0,0,0,1,0,0,0,0,0
11204,68.33333333333333,4,1454457600,67.20217640967026,207.0,0,4.8442431029e-05,7.4676871754e-05,5.2131406805e-05,-0.5032498861260994,1,0,0,0,0,0,0,0,0,0,0,0,0,0,0,0,0,1,0,0,0,0,0,1,0,0,1,0,1,0,0,0,0,1,0,0,0,0,0,0,0,0,0,0,0,1,0,0,0,0,0,0,1,0,0,0,0,0
144022,78.85714285714286,13,1644278400,82.02608898118135,196.0,0,0.000156735894762,7.8109163955e-05,0.000145679737387,0.5397624902344148,0,0,0,0,0,0,0,0,0,0,0,0,0,0,1,0,0,0,1,0,0,0,0,1,0,0,0,0,0,0,0,0,0,0,0,0,0,0,0,0,0,0,0,0,0,1,0,0,0,0,0,0,1,0,0,0,0,0
141536,75.33333333333333,3,1638403200,65.13018018622466,11.0,0,0.000106111227689,0.000221333814247,0.000122313339071,-0.9420855805197208,0,0,0,0,0,0,0,0,0,0,0,0,0,0,0,0,0,1,0,0,0,0,0,1,1,0,0,0,0,0,0,0,0,0,0,0,0,0,0,0,0,0,0,0,0,0,1,1,0,0,0,0,1,0,0,0,0,0
18671,72.0,1,1573516800,59.75822742287247,11.0,0,3.7667640556e-05,5.4230216783e-05,3.9996599772e-05,-0.4141078877348312,0,0,0,0,0,1,0,0,1,0,0,1,0,0,0,0,0,1,1,0,0,0,0,0,0,0,0,0,0,0,0,1,0,0,0,0,0,0,0,0,0,0,0,0,0,1,0,0,0,0,0,1,0,0,0,0,0,0
55163,86.8,15,1620259200,83.91527743704152,542.0,0,0.000915664639902,0.000255901899989,0.000822891601927,0.8020912569307497,0,0,1,0,0,0,0,0,0,0,0,0,0,0,0,0,0,1,0,0,0,0,0,1,0,0,1,0,1,0,1,0,0,0,0,0,0,0,0,0,0,0,0,0,0,1,0,0,0,0,0,1,0,0,0,0,0,1
36646,80.0,1,1639008000,74.81846931640051,27.0,0,0.000420056369885,0.000477578943456,0.000428144950187,-0.13438179445316503,0,0,1,0,0,0,0,0,0,0,0,0,0,0,0,0,0,1,0,0,0,0,0,1,0,0,1,0,0,0,0,0,0,0,0,0,0,0,0,0,0,0,0,0,0,0,1,1,0,0,0,1,0,0,0,0,0,0
27988,79.75,4,1491868800,83.88646141899636,34.0,9,3.768368641e-05,1.2797546637e-05,3.4184302994e-05,0.7280114833002697,0,0,0,0,0,0,0,0,1,0,0,1,0,0,0,0,0,1,0,0,0,0,0,0,1,0,0,0,0,0,0,0,0,1,0,0,0,0,0,0,0,0,0,0,0,1,0,0,0,0,0,0,0,1,0,0,0,0
54789,70.0,4,1509408000,77.24994526036289,60.0,0,0.000275579507022,0.000164112599974,0.000259905503362,0.42893047823087854,0,0,0,0,0,0,1,0,0,1,0,1,0,0,0,0,0,0,0,0,0,0,0,0,0,0,0,0,0,0,0,0,0,0,0,1,0,0,0,0,0,0,0,0,0,1,1,1,0,0,0,0,0,0,0,0,0,0
17583,74.0,7,1512604800,68.06904584562051,23.0,0,4.6829822775e-05,8.6591828968e-05,5.2420987427e-05,-0.7585329906477083,0,0,0,0,0,0,0,1,1,0,0,1,0,0,0,0,0,0,0,0,0,0,0,1,1,0,0,0,0,0,0,0,0,0,0,0,0,0,0,0,0,0,0,0,0,1,1,1,0,0,0,0,0,1,0,0,0,0
1871,84.3529411764706,7,1335225600,85.8282934665202,1713.0,0,0.000574706303722,9.7820327741e-05,0.000507648620584,0.9396401204584796,1,0,0,0,0,0,0,0,0,0,0,0,0,0,0,0,0,1,0,0,0,0,0,1,0,0,1,0,1,0,0,0,0,1,0,0,0,0,0,0,0,0,0,0,0,1,0,0,0,0,0,0,1,1,0,0,0,0
1902,60.0,1,1535414400,59.68377822759247,38.0,0,0.000372777263218,0.000524797477599,0.000394153700941,-0.3857636544204035,0,0,1,0,0,0,0,0,0,0,0,0,0,0,0,0,0,0,0,0,0,0,0,1,0,1,0,0,0,0,0,0,0,0,0,0,0,0,0,0,0,0,0,0,0,0,1,0,0,0,0,1,0,0,0,0,0,0
10160,80.0,4,1505952000,77.72749625342871,22.0,0,5.4202892353e-05,1.9122770837e-05,4.9270074465e-05,0.712014059039505,0,0,0,0,0,0,0,0,0,1,0,1,0,0,0,0,0,1,1,0,0,0,0,1,0,1,0,0,0,0,1,0,0,0,0,0,0,0,0,0,0,0,0,0,0,1,0,0,0,0,0,0,0,1,0,0,0,0
121235,75.0,1,1625702400,70.148036936526,11.0,0,4.4102027718e-05,4.8689516515e-05,4.4747100934e-05,-0.1025226514989914,0,0,0,0,1,0,0,0,1,0,0,1,0,0,1,0,0,1,1,0,0,0,0,1,1,0,0,0,0,0,0,0,0,0,0,0,0,0,0,0,0,0,0,0,0,1,0,0,0,0,0,0,0,0,1,0,0,0
55029,81.57142857142857,7,1635379200,72.23352004421052,117.0,0,0.000558066753879,0.000554609387005,0.000557580593614,0.006202387070850255,0,0,0,0,0,0,0,1,0,0,0,1,0,0,0,0,0,0,0,0,0,0,0,0,0,0,0,0,0,1,0,0,0,0,0,0,0,0,0,1,0,0,0,0,0,1,1,1,0,0,0,0,0,1,0,0,0,0
142688,85.0,1,1761177600,79.93055279050633,16.0,0,0.000134624708953,0.000133565199381,0.000134475725211,0.00787934631250315,0,0,0,0,0,0,0,0,0,1,0,1,0,0,0,0,0,0,1,0,0,0,0,0,0,0,0,0,0,0,0,0,0,0,0,0,0,0,0,0,0,1,0,0,0,1,0,0,0,0,0,0,0,1,0,0,0,0
18819,85.0,13,1473984000,80.87173672482096,52.0,0,3.7900305429e-05,0.000199759406123,6.0660245612e-05,-2.6683704989606913,0,0,0,0,0,0,0,0,0,0,1,0,0,0,0,0,0,0,0,0,0,0,0,0,0,0,0,0,0,0,0,0,0,0,1,0,0,0,0,0,0,0,0,0,0,1,1,1,0,0,0,0,1,0,0,0,0,0
16305,77.0,1,1346630400,79.57171928493918,23.0,0,0.000314041417316,0.000125425763589,0.000287519084139,0.6561052053039861,0,0,0,1,0,0,0,0,0,1,0,1,0,0,0,0,0,0,0,0,0,0,0,0,1,0,0,0,0,0,0,0,0,0,0,0,0,1,0,0,0,0,0,0,0,1,1,1,0,0,0,0,0,1,0,0,0,0
11590,72.0909090909091,11,1494806400,71.42874266062543,104.0,0,6.6076823775e-05,0.00013312390467,7.5504699897e-05,-0.8880190523169474,0,0,0,0,0,0,0,0,1,0,0,0,0,0,0,0,0,1,0,0,0,0,0,1,0,1,0,0,0,0,0,0,0,0,0,0,0,0,0,0,0,0,0,0,0,1,0,0,0,0,0,0,1,0,0,0,0,0
182116,60.0,1,1713398400,,,0,3.5332968905e-05,4.0599113468e-05,3.6073471816e-05,-0.14598649038687464,0,0,1,0,0,0,0,0,0,0,0,0,0,0,0,0,0,0,1,0,0,0,0,1,0,0,1,0,1,0,0,0,0,0,0,0,0,0,0,0,0,0,0,0,0,1,1,1,0,0,0,1,0,0,0,0,0,0
6844,70.0,3,1298851200,73.79627396540576,125.0,0,6.4432123814e-05,2.2064735581e-05,5.847460139e-05,0.7245646130431471,0,0,0,0,1,0,0,0,0,0,0,0,0,0,0,0,0,1,0,0,0,0,0,1,0,1,0,0,0,0,0,1,0,0,0,0,0,1,0,0,1,0,0,0,0,1,1,1,1,0,0,0,1,0,0,0,0,0
119273,81.0,3,1727308800,64.3236430571716,24.0,0,0.000103824693597,0.000121944438642,0.000106372615287,-0.17035125724190264,0,0,0,0,0,0,0,0,1,1,0,0,0,0,0,0,0,1,1,0,0,0,0,1,0,1,0,0,0,0,1,0,0,0,0,1,0,0,1,0,0,0,0,1,0,1,1,0,0,0,0,1,0,0,0,0,0,0
11444,70.0,1,1361404800,71.59994997771125,66.0,0,5.2983407505e-05,2.3388619715e-05,4.8821913978e-05,0.6061931581492231,1,0,0,0,0,1,0,0,1,0,0,0,0,0,0,0,0,1,1,0,0,0,0,0,1,1,0,1,0,1,0,0,0,0,0,0,0,0,0,0,0,0,0,0,0,1,0,0,0,0,0,0,0,0,1,0,0,0
35073,75.0,1,1638835200,,,0,2.5368494023e-05,7.7128509041e-05,3.2646767785e-05,-1.5854819151738666,0,0,0,0,0,0,0,0,0,1,0,1,0,1,0,0,0,0,1,0,0,0,0,1,0,0,0,0,0,0,0,0,0,0,0,0,0,0,0,1,0,0,0,0,0,1,1,1,0,0,0,0,0,1,0,0,0,0
136993,68.16666666666667,6,1666310400,64.04093997816999,65.0,0,0.000122518112659,0.000362597154708,0.000156277009211,-1.536360352619674,0,0,0,0,0,0,0,0,1,0,0,0,0,0,1,0,0,1,0,0,0,0,0,1,0,0,0,0,0,0,0,0,0,0,0,0,0,0,1,0,0,0,0,1,0,1,1,1,0,0,0,0,1,0,0,0,0,0
54548,85.3,10,1545264000,77.70080169675482,43.0,0,5.3585127002e-05,2.7164141137e-05,4.986992004e-05,0.5298112498387435,0,0,0,0,0,0,0,0,1,0,0,0,0,0,0,0,0,1,0,0,0,0,0,1,1,0,0,0,0,0,0,0,0,0,0,1,0,0,1,0,0,0,0,0,0,1,1,1,0,0,0,0,1,0,0,0,0,0
216958,80.0,2,1721606400,78.31220269098537,30.0,0,4.6131828157e-05,2.1868604598e-05,4.2720036578e-05,0.5679709981967659,1,0,0,0,0,1,0,0,0,1,0,0,0,0,0,0,0,1,1,0,0,0,0,0,0,0,0,1,0,0,0,0,0,0,0,0,0,0,0,0,0,0,0,1,0,1,0,0,0,0,0,1,0,0,0,1,0,0
912,84.6,1,846115200,80.77553262367161,468.0,0,3.1104886568e-05,3.2557743168e-05,3.1309181101e-05,-0.04640425883608032,0,0,1,0,1,1,0,0,0,0,0,0,0,0,0,0,0,1,0,0,0,0,0,1,0,0,0,0,1,0,0,0,0,0,0,1,0,0,0,0,0,0,0,0,0,1,0,0,0,0,0,0,1,0,0,0,0,0
25871,70.0,2,1479427200,70.92801894664943,22.0,0,5.1386845104e-05,9.904614638e-06,4.5553789811e-05,0.910641583660585,0,0,0,0,0,1,0,0,0,0,0,0,0,0,0,0,0,0,1,0,0,0,0,0,0,0,0,0,0,0,0,0,0,0,0,0,0,0,0,0,0,0,0,0,0,1,0,0,0,0,0,0,0,0,0,0,0,0
135998,78.0,5,1669766400,70.34133822665916,62.0,0,0.000643984275224,0.001602978523559,0.000778833978665,-1.2317999404385833,0,0,1,0,0,0,0,0,1,0,0,0,0,0,0,0,0,1,1,0,0,0,0,1,0,0,0,0,0,0,0,0,0,0,0,0,0,0,0,0,0,0,0,0,0,1,1,1,0,0,0,1,0,0,0,0,0,0
119171,94.5,10,1691020800,95.66274768046793,1441.0,0,0.005910393777675,0.001175511046244,0.005244594651905,0.9051773286896232,0,0,0,0,0,0,0,0,1,0,0,1,1,0,0,0,0,0,0,0,0,0,0,1,1,0,0,0,0,0,0,0,0,0,0,0,0,0,0,0,0,0,0,0,0,1,1,1,1,0,0,0,0,1,0,0,0,0
165479,70.0,3,1635206400,69.86373038408759,23.0,0,3.2757609455e-05,3.6382297335e-05,3.326729769e-05,-0.10895829908482974,0,0,1,0,0,0,0,0,0,0,0,0,0,0,0,0,0,0,1,0,0,0,0,1,1,0,1,0,0,0,0,0,0,0,0,0,0,0,0,0,0,0,0,0,0,1,0,0,0,0,0,1,0,0,0,0,0,0
110411,80.6,10,1551052800,76.4843666958515,86.0,0,0.000315966919708,0.000255558670769,0.000307472567976,0.19649731942132156,0,0,0,0,0,0,1,0,0,1,1,1,0,0,0,0,0,0,0,0,0,0,0,1,0,0,0,0,0,0,0,0,0,0,1,0,0,0,0,0,0,0,0,0,0,1,1,0,0,0,0,1,1,0,0,0,0,1
44516,82.0,4,1502323200,80.26599216477277,45.0,0,7.6506628402e-05,1.0885269553e-05,6.7279231266e-05,0.9753911432501792,0,0,0,0,0,0,0,0,1,0,0,0,1,0,0,0,0,1,1,0,0,0,0,0,0,0,0,0,0,0,0,1,0,0,0,0,0,0,0,0,0,0,0,0,0,1,0,0,0,0,0,0,0,0,1,1,0,0
11247,83.25,4,1399939200,85.39718217748225,105.0,0,0.000298228228916,6.3938700438e-05,0.000265283429206,0.8832839818539148,0,0,1,0,1,0,0,0,0,0,0,0,0,0,0,0,0,0,1,1,0,0,0,1,0,0,0,0,0,0,0,1,0,0,0,0,0,0,0,0,0,0,0,0,0,1,1,0,0,0,0,0,0,0,1,0,0,0
23582,70.0,1,1472601600,57.23496369574355,14.0,0,0.000164004666295,0.000151118922354,0.000162192727639,0.07945355557750736,0,1,0,0,0,0,0,0,1,0,0,0,0,0,0,0,0,1,1,1,0,0,0,1,1,0,0,0,0,0,0,0,0,0,0,0,0,0,0,0,0,0,0,0,0,1,1,1,0,0,0,0,0,0,1,0,0,0
17354,80.0,1,1406246400,69.52507127051882,18.0,0,2.9676805627e-05,0.00011012754692,4.098944762e-05,-1.9627585822406681,0,0,0,0,0,1,0,0,0,0,0,0,0,0,0,0,0,1,1,0,0,0,0,0,1,0,1,0,0,0,0,0,0,0,0,0,0,0,0,0,0,0,0,1,0,1,0,0,0,0,0,1,0,0,0,0,0,0
28863,74.75,4,1505433600,69.72777431527716,15.0,0,7.9884280515e-05,0.000114099199325,8.4695437269e-05,-0.40399304633883315,0,0,0,0,0,0,1,0,0,0,1,0,0,0,0,0,0,0,0,0,0,0,0,0,0,0,0,0,0,0,0,0,0,0,0,0,0,0,0,0,0,0,0,0,0,1,1,0,0,0,0,1,1,0,0,0,0,0
24985,72.25,4,1454025600,74.10169864105207,125.0,0,0.000474195078825,0.000391036147234,0.0004625016226,0.1798440407879734,0,0,0,0,0,0,0,0,0,1,1,1,0,1,0,0,0,0,1,0,0,0,0,0,0,0,0,0,0,0,0,0,0,0,0,0,0,1,0,0,1,0,0,0,0,1,1,0,0,0,0,0,1,1,0,0,0,0
146112,75.0,2,1637539200,70.01256774567116,30.0,0,0.000626670799544,0.000313907638194,0.00058269137044,0.5369124901653131,0,0,0,0,0,0,0,0,0,1,0,0,0,0,0,0,0,0,0,0,0,0,0,0,0,0,0,0,0,0,0,0,1,0,0,1,0,0,1,0,0,0,0,0,0,1,1,1,0,0,0,1,1,0,0,0,0,0
119161,69.8,10,1573171200,71.12425971563303,224.0,0,0.000894411907243,0.001047976874588,0.000916005561575,-0.16772309715044637,0,0,0,0,0,0,1,0,0,0,1,0,0,0,0,0,0,1,0,0,0,0,0,1,0,0,0,0,0,0,0,0,0,0,0,0,0,0,1,0,0,0,0,0,0,1,1,1,0,0,0,1,1,0,0,0,0,0
134584,89.89473684210526,19,1619740800,82.87598215706055,180.0,0,5.5558766955e-05,7.4578806263e-05,5.8233284205e-05,-0.3266275182993954,0,0,1,0,0,0,0,0,0,0,0,0,0,0,0,0,0,0,0,0,0,0,0,1,0,1,1,0,0,0,0,0,0,0,0,0,0,0,0,0,0,0,0,0,0,1,1,1,0,0,0,1,1,0,0,0,0,0
9139,79.0,5,1375747200,70.93316455953996,30.0,0,4.7808619824e-05,3.2557743168e-05,4.5664106238e-05,0.3339871535574776,0,0,0,0,1,1,0,0,0,0,0,0,0,0,0,0,0,1,1,0,0,0,0,1,0,0,0,0,0,0,0,0,0,0,0,0,0,0,0,0,0,0,0,0,0,1,1,1,0,0,0,0,0,0,1,0,0,0
133004,85.08333333333333,12,1604966400,74.03374411114501,439.0,0,0.000172926160714,0.000461888464821,0.000213558814228,-1.3532251491331966,0,0,0,0,0,0,0,0,1,0,0,0,0,0,0,0,0,1,0,0,0,0,0,1,0,0,0,0,0,1,1,0,0,0,0,0,0,0,1,0,0,0,0,0,0,1,0,0,0,0,0,0,1,0,0,0,0,0
5602,50.8,5,1508112000,51.56655356712359,18.0,0,5.516564355e-05,8.2718242054e-05,5.9039973082e-05,-0.46669079286444154,0,1,0,0,0,0,0,0,0,0,0,0,0,1,1,0,0,1,1,0,0,0,0,1,1,0,0,0,0,0,0,0,0,0,0,0,0,0,0,0,0,0,0,0,0,1,1,1,1,0,0,0,1,0,0,0,0,0
139090,82.25,4,1634601600,85.58933213067232,376.0,0,0.001025265840677,0.000200936192021,0.000909352102037,0.9069142667391159,0,0,0,0,0,1,0,0,0,0,0,1,0,0,0,0,0,1,1,0,0,1,0,0,0,0,1,0,0,0,0,0,0,0,0,0,0,0,0,0,0,0,0,1,0,1,0,0,0,0,0,1,0,1,0,0,0,0
3225,73.84210526315789,38,1470700800,71.75626927045417,596.0,0,0.002353381116012,0.002918723222605,0.002432877125033,-0.23265849565403549,0,0,1,0,0,0,0,0,0,1,0,0,0,0,0,0,0,1,1,1,0,0,0,1,0,1,0,0,1,0,0,0,0,0,0,1,0,0,1,0,0,0,0,0,0,1,1,1,0,0,0,1,1,0,0,0,0,1
119386,58.0,3,1606694400,65.38623307925118,18.0,0,2.2785111646e-05,0.000155629934962,4.1465187214e-05,-3.203834021756142,0,0,0,0,0,0,0,0,1,0,0,1,0,1,0,0,0,1,0,0,0,0,0,0,0,0,0,0,0,1,0,0,1,0,0,0,0,0,0,0,0,0,0,0,0,1,0,0,0,0,0,0,1,1,0,0,0,0
27367,84.5,10,1527552000,83.52686488140333,105.0,0,3.7226379591e-05,9.022025215e-06,3.3260402913e-05,0.8480000525330729,0,0,0,0,1,1,0,0,0,0,0,0,0,0,0,0,1,1,1,1,0,0,0,1,1,0,0,0,0,0,0,0,0,0,0,0,0,0,1,0,0,0,0,0,0,1,0,0,0,0,0,0,0,0,1,0,0,0
252827,80.33333333333333,9,1724976000,74.78177880563693,80.0,0,2.8473366631e-05,6.0947702948e-05,3.3039770058e-05,-0.9829025059599354,0,0,1,0,0,0,0,0,0,0,0,0,0,0,0,0,0,1,0,0,0,0,0,1,0,1,0,0,0,0,0,0,0,0,0,0,0,0,1,0,0,0,0,0,0,1,0,0,0,0,0,0,1,0,0,0,0,0
2552,72.0,15,1441065600,75.06787814105598,555.0,0,0.000611587697468,0.000315280555074,0.000569922243949,0.5200561542185147,0,0,0,0,0,0,1,0,0,0,0,0,0,0,1,0,0,1,0,0,0,0,0,1,0,0,0,0,1,0,0,0,0,0,0,0,0,0,1,0,0,0,0,0,0,1,0,0,0,0,0,0,1,0,0,0,0,0
51524,71.25,5,1534118400,78.74768517222988,258.0,0,0.000146835603293,4.8150156311e-05,0.000132958874332,0.742274691218923,1,0,0,0,0,0,0,0,0,0,0,0,0,0,0,0,0,1,0,0,0,0,0,1,0,0,1,0,1,0,0,0,0,1,0,0,0,0,0,0,0,0,0,0,0,1,0,0,0,0,0,0,1,0,0,0,0,0
1973,70.7,10,1364860800,51.06722448759371,23.0,0,7.7629838131e-05,0.000145333058358,8.7149977783e-05,-0.7768925715598656,0,0,1,0,0,0,0,0,1,0,0,1,0,0,0,0,0,0,0,0,0,0,0,1,0,1,0,0,0,0,0,0,0,0,0,0,0,0,0,0,0,0,0,0,0,0,1,1,0,1,0,0,1,0,0,0,0,0
116133,90.0,1,1554336000,71.35961097101118,38.0,0,0.000123825849701,4.3246881738e-05,0.000112495177017,0.716328489695885,0,0,0,0,0,1,0,0,0,0,0,1,1,0,0,0,0,0,1,0,0,0,0,0,0,0,0,0,0,0,0,0,0,0,0,1,0,0,0,0,0,0,0,0,0,1,0,0,0,0,0,0,0,1,0,0,0,0
75100,85.0,0,1519862400,69.94778083184627,23.0,0,6.4672811613e-05,5.506377346e-05,6.3321629427e-05,0.15175450263553306,0,0,0,0,0,0,0,0,1,0,0,0,0,0,0,0,0,1,1,0,0,0,0,1,1,0,0,0,0,0,0,0,0,0,0,0,0,0,0,0,0,0,0,0,0,1,1,1,0,0,0,0,0,1,0,0,0,0
119304,87.85714285714286,7,1597708800,85.24652379489555,132.0,0,0.000354549173901,0.00010909785926,0.000320034851166,0.7670745487231372,0,0,0,0,1,0,0,0,0,1,0,0,0,0,0,0,0,1,1,0,0,0,0,1,1,0,0,0,0,0,0,0,0,0,0,0,0,0,0,0,0,0,0,0,0,1,1,1,0,0,0,0,0,0,1,0,0,0
139077,88.33333333333333,3,1606089600,79.55842237698901,33.0,0,0.000179248226903,7.6393017855e-05,0.000164785163687,0.6242290326384413,0,0,0,0,0,0,0,0,0,1,1,0,0,0,0,0,0,0,0,0,0,0,0,0,0,0,0,0,0,0,0,0,0,0,0,0,0,0,0,0,0,0,0,0,0,1,0,0,0,0,0,0,0,1,0,0,0,0
86286,84.33333333333333,3,1724284800,79.82503561785173,11.0,0,7.4621240642e-05,8.139435792e-06,6.527285124e-05,1.0185547787765947,0,0,0,0,0,0,0,0,0,0,0,1,1,1,0,0,0,1,1,0,0,0,0,1,1,1,0,0,0,0,0,1,0,0,0,0,0,0,0,0,0,0,0,0,0,1,0,0,0,0,0,0,0,1,0,0,0,0
114156,60.0,1,1633392000,60.0442035124848,13.0,0,2.9885401719e-05,5.4132151291e-05,3.3294876797e-05,-0.7282547811744652,0,0,0,0,0,0,0,0,0,0,0,0,0,0,0,0,0,1,0,0,0,0,0,1,0,0,1,0,1,0,0,0,0,0,0,0,0,0,0,0,0,0,1,0,0,1,0,0,0,0,0,1,0,0,0,0,0,0
21712,70.25,4,1385596800,88.3781789972039,6.0,3,9.0996033906e-05,0.000105665567058,9.3058801434e-05,-0.15764458041515775,0,0,0,0,0,0,0,0,0,0,0,0,0,0,1,0,0,0,0,0,0,0,0,1,0,0,0,0,0,1,0,0,0,0,0,0,0,0,0,0,0,0,0,0,0,1,1,1,1,0,0,0,1,0,0,0,0,0
578,78.0,6,1315267200,74.90315516605317,182.0,0,0.000223959997046,0.000122630897083,0.000209711528816,0.4832339218738198,0,0,1,0,0,0,0,0,1,0,0,0,0,0,0,0,0,0,0,0,0,0,0,1,0,1,0,0,0,0,0,0,0,0,0,0,0,0,0,0,0,0,0,0,0,1,1,0,0,1,0,0,1,0,0,0,0,0
12815,70.75,8,1460419200,69.3548522814165,89.0,0,4.6163919864e-05,3.7608115979e-05,4.4960839013e-05,0.19029885583641834,0,0,0,0,0,0,0,0,1,0,0,0,0,0,0,0,0,1,1,0,0,0,0,1,1,0,0,0,0,0,0,0,0,0,0,0,0,0,0,0,0,0,0,0,0,1,0,0,0,0,0,0,0,1,0,0,0,0
121998,74.0,1,1632355200,69.16019688430927,40.0,0,0.000328875808666,0.000204662680697,0.000311409485485,0.398936041864626,0,0,0,0,0,0,0,0,1,1,0,0,0,0,0,0,0,1,1,0,0,0,0,1,0,0,0,0,1,0,0,0,0,0,0,0,0,0,0,0,0,0,0,0,0,1,1,1,0,0,0,1,1,0,0,0,0,0
5647,33.33333333333334,3,1402358400,56.55577130041592,48.0,0,2.8874512963e-05,9.0073153915e-05,3.7480006268e-05,-1.6328649299029325,0,0,1,0,0,0,0,0,0,0,0,0,0,0,0,0,0,0,0,0,0,0,0,1,0,0,0,0,0,1,1,0,0,0,0,0,0,0,0,1,0,0,0,0,0,1,1,1,0,0,0,1,0,0,0,0,0,0
13554,70.71428571428571,14,1489449600,75.34721884075046,38.0,0,3.9745578555e-05,4.9130811226e-05,4.1065290164e-05,-0.2285488629411981,0,0,0,0,0,0,0,0,1,0,0,0,0,0,0,0,0,1,0,0,0,0,0,1,1,0,0,0,0,0,1,0,0,0,0,0,0,0,0,0,0,0,0,0,0,1,1,1,0,0,0,0,1,0,0,0,0,0
55057,80.75,4,1602720000,81.82168888342719,32.0,9,0.000328466639407,0.000362891351183,0.000333307296358,-0.1032994141963797,0,0,0,0,0,0,0,1,0,0,0,1,0,0,0,0,0,0,0,0,0,0,0,0,0,0,0,0,0,1,0,0,0,0,0,0,0,0,0,1,0,0,0,0,0,1,1,1,0,0,0,0,0,1,0,0,0,0
9945,92.5,2,1287705600,66.3494271252789,17.0,0,4.629228669e-05,3.5107445946e-05,4.4719521827e-05,0.2501165123314847,0,0,1,0,1,0,0,0,0,0,0,0,0,0,0,0,0,0,1,1,0,0,0,1,0,0,0,0,0,0,0,1,0,0,0,0,0,0,0,0,0,0,0,0,0,1,1,0,0,0,0,0,0,0,1,0,0,0
247,70.0,1,1191888000,87.5884878297014,1454.0,4,0.000325377812653,6.0114146271e-05,0.000288077561053,0.9209390409758017,0,0,1,0,0,1,0,0,0,0,0,0,0,0,0,0,0,0,0,0,0,0,0,1,0,1,0,0,0,0,0,0,0,0,0,0,0,0,0,0,0,0,0,0,0,1,0,0,0,0,0,1,0,0,0,0,0,0
17683,70.0,1,1412467200,64.45238508055569,14.0,0,2.9853310013e-05,4.7512730617e-05,3.2336502832e-05,-0.5461229439733193,0,0,0,0,0,1,0,0,0,0,0,1,0,0,0,0,0,1,1,0,0,0,0,1,0,0,0,0,0,0,0,0,0,0,0,0,0,0,0,0,0,0,0,0,0,1,1,1,0,0,0,1,0,0,0,0,0,1
7603,84.27272727272727,22,1502064000,84.23979653660894,1058.0,0,0.000531214018428,0.000355977734034,0.000506573035415,0.3460126247979835,0,0,0,0,0,0,0,0,0,1,0,0,0,0,1,0,0,1,1,0,0,0,0,1,1,0,0,0,0,1,0,0,0,0,0,0,0,0,0,0,0,0,0,0,0,1,0,0,0,0,0,0,1,0,0,0,0,0
9767,64.0,4,1429833600,68.233589716555,15.0,0,3.3977094304e-05,4.6041748245e-05,3.5673574766e-05,-0.338201854272441,0,0,0,0,0,0,0,1,1,1,0,1,0,0,0,0,0,0,0,0,0,0,0,0,1,0,0,0,0,0,0,1,0,0,0,0,0,0,0,0,0,0,0,0,0,1,1,0,0,0,0,0,0,1,0,0,0,0
9181,80.0,8,1445558400,73.74825721314855,59.0,0,0.000135378864057,0.000206722056018,0.000145410841095,-0.4906675343791037,0,0,1,0,0,0,0,0,1,0,0,1,0,0,1,0,0,1,1,0,0,0,0,1,1,0,0,0,0,0,0,0,0,0,0,0,0,0,0,0,0,0,0,0,0,1,1,1,0,0,0,1,0,0,0,0,0,0
134581,88.625,16,1605139200,79.7892137668684,541.0,4,0.000326709618474,0.000145087894629,0.000301170742051,0.603143156636054,0,0,0,0,0,0,0,0,0,0,0,0,0,0,1,0,0,1,0,0,0,0,0,1,0,0,0,0,0,0,1,0,0,0,0,0,0,0,1,0,0,0,0,0,0,1,0,0,0,0,0,0,1,0,0,0,0,0
22778,56.5,5,1553558400,78.51583470685372,36.0,0,0.000166379452579,0.000378385698835,0.000196190871662,-1.0807181833946362,0,0,0,0,0,0,0,0,1,0,0,0,0,0,0,0,0,0,1,0,0,0,0,0,1,0,0,0,1,0,0,0,0,0,0,0,0,0,1,0,0,0,0,0,0,1,1,1,1,0,0,0,1,0,0,0,0,0
225512,90.0,1,1776902400,91.6652258496824,7.0,0,8.7096891561e-05,1.0051712876e-05,7.6263125337e-05,1.0102931942567304,0,0,0,0,0,1,0,0,0,1,0,1,0,0,0,0,0,0,1,0,0,0,0,0,0,0,0,0,0,0,0,0,0,0,0,1,0,0,1,0,0,0,0,0,0,1,0,0,0,0,0,0,0,1,0,0,0,0
2904,74.84615384615384,13,1376352000,76.45406406489137,114.0,8,5.1924381189e-05,4.4570765873e-05,5.0890346995e-05,0.14450289421593174,0,0,0,0,1,0,0,0,0,0,0,0,0,0,0,0,0,1,0,0,0,0,0,1,0,0,0,0,0,0,0,1,0,0,0,0,0,1,0,0,0,0,0,0,0,1,0,0,0,0,0,0,0,0,1,0,0,0
110474,73.58333333333333,12,1590451200,68.16653349585317,146.0,0,0.000102091741444,6.0163179016e-05,9.6195924844e-05,0.43588727009057116,0,0,0,0,0,0,0,0,1,0,0,0,0,0,1,0,0,1,0,0,0,0,0,1,1,0,0,0,0,0,0,0,0,0,0,0,0,0,0,0,0,0,0,0,0,1,1,1,0,0,0,0,0,1,0,0,0,0
55771,81.5,4,1556582400,88.53533939306715,26.0,0,4.2369075565e-05,3.4617118489e-05,4.1279028242e-05,0.18779795459524137,0,0,0,0,0,0,0,0,1,0,0,1,1,1,0,0,0,1,1,0,0,0,0,0,1,0,0,0,0,0,0,0,0,0,0,0,0,0,0,0,0,0,0,0,0,1,0,0,0,0,0,0,0,1,0,0,0,0
571,79.8,4,1277424000,76.11741001666263,265.0,0,4.1582828755e-05,1.9367934565e-05,3.8459064563e-05,0.5776355099041944,0,0,1,0,0,1,0,0,0,0,0,0,0,0,0,0,0,0,0,0,0,0,0,1,1,1,1,0,0,1,0,0,0,0,0,0,0,0,0,0,0,0,0,0,0,1,1,0,0,0,0,1,0,0,0,0,0,0
15150,58.0,2,1253577600,57.20430107526882,6.0,0,3.5974803036e-05,0.000149402776254,5.1924563503e-05,-2.1845329144646777,0,0,1,0,0,0,0,0,1,0,0,0,0,0,0,0,0,0,0,0,0,0,0,1,0,0,0,0,1,0,0,0,0,0,0,0,0,0,1,0,0,0,0,0,0,0,1,1,0,1,0,1,0,0,0,0,0,0
21593,72.0,7,1697155200,70.56464805212708,76.0,0,0.000224393235084,0.000694499810587,0.000290497627683,-1.6185152986276363,0,0,0,0,0,0,0,0,1,0,0,0,0,0,0,0,0,1,0,0,0,0,0,1,1,0,0,0,0,0,0,0,0,0,0,0,0,0,0,0,0,0,0,0,0,1,1,1,0,0,0,0,1,0,0,0,0,0
141538,64.71428571428571,7,1669939200,69.27449483094324,147.0,0,0.00020539494481,0.000678073840765,0.0002718610462,-1.7389146078175244,0,0,1,0,0,0,0,0,0,0,0,0,0,0,0,0,0,1,0,0,0,0,0,1,0,1,1,0,1,0,0,0,0,0,0,0,0,0,0,0,0,0,0,0,0,1,0,0,0,0,0,0,1,0,0,0,0,0
40477,92.66666666666667,6,1548201600,84.67854800055187,510.0,0,0.00143008667288,0.000197454867074,0.001256759216794,0.9814180694901464,0,0,0,0,0,0,0,0,1,0,0,1,1,0,0,0,0,1,1,0,0,1,0,0,1,0,0,0,0,0,0,0,0,0,0,0,0,0,0,0,0,0,0,0,0,1,0,0,0,0,0,0,0,0,1,0,0,0
115309,72.0,1,1607040000,80.10779113646021,26.0,0,6.9462498815e-05,2.9811909407e-05,6.3887001118e-05,0.6206560846376498,0,0,0,0,0,0,0,0,1,1,0,1,0,0,0,0,0,1,1,0,0,0,0,0,0,0,0,0,0,1,0,0,0,1,0,0,1,0,0,0,0,0,0,0,0,1,0,0,0,0,0,0,1,1,0,1,0,0
22739,52.5,2,1471305600,69.70632528293928,59.0,0,0.000298236251843,0.000703374737564,0.000355205107231,-1.1407787411912191,0,0,0,0,0,0,0,0,0,0,0,1,0,0,0,0,0,0,0,0,0,1,0,0,0,0,0,0,0,0,0,0,0,0,0,0,0,1,0,0,1,0,0,0,0,1,1,1,0,0,0,1,0,1,0,0,0,0
131785,81.77777777777777,9,1603152000,75.11097821925817,98.0,0,5.3561058222e-05,9.8555818927e-05,5.9888030619e-05,-0.7513372463625528,0,0,0,0,0,1,0,0,0,0,0,0,0,0,0,0,0,1,1,0,0,0,0,1,1,0,1,0,0,0,1,0,0,0,0,0,0,0,0,0,0,0,0,0,0,1,0,0,0,0,0,1,0,0,0,0,0,0
21892,92.0,1,1255392000,89.4715856010339,207.0,3,0.000329565780357,0.000466546575666,0.000348827438762,-0.3927577650900341,0,0,1,0,0,0,0,0,1,0,0,0,0,0,0,0,0,1,0,0,0,0,0,1,0,1,0,0,1,0,0,0,0,0,0,1,0,0,1,0,0,0,0,0,0,1,0,0,0,0,0,1,1,0,0,0,0,0
19817,63.33333333333334,3,1665705600,74.6811546531456,146.0,0,9.5368528923e-05,0.00017715531034,0.000106869039211,-0.7653400103565262,0,0,0,0,0,1,0,0,0,0,0,0,0,0,0,0,0,1,1,0,0,0,0,1,0,0,1,0,0,0,0,0,0,0,0,0,0,0,0,0,0,0,0,0,0,1,0,0,0,0,0,1,0,0,0,0,0,0
27150,0.0,0,1558656000,66.645733399117,28.0,0,0.000466196220969,0.000333275572759,0.000447505483226,0.2970921973811221,0,0,0,0,0,0,0,1,1,0,0,1,1,0,0,0,0,1,1,0,0,1,0,1,1,0,0,0,0,0,0,0,0,0,0,0,0,0,0,0,0,0,0,0,0,1,1,1,0,1,0,0,0,1,0,0,0,0
203722,92.75,8,1687910400,81.47858874214052,174.0,0,0.001006251504549,0.000191669003077,0.000891708368402,0.913914976481933,0,0,0,0,0,0,0,0,1,1,0,0,0,0,0,0,0,1,0,0,0,0,0,1,0,0,0,0,0,0,0,0,1,0,0,0,0,0,0,0,0,0,0,0,0,1,0,0,0,0,0,0,0,0,1,0,0,0
107140,73.4,5,1595894400,78.2158804880365,12.0,0,3.1818927039e-05,4.1824932112e-05,3.322592903e-05,-0.30115550094783045,0,0,0,0,0,0,0,0,1,0,0,1,1,1,0,0,0,1,1,0,0,0,0,1,0,0,1,0,0,0,0,0,0,0,0,0,0,0,0,0,0,0,0,0,0,1,0,0,0,0,0,0,0,1,0,0,0,0
19874,79.42857142857143,13,1440374400,90.57091868587393,36.0,3,3.3190847493e-05,3.3146136117e-05,3.3184560369e-05,0.0013473771344984396,0,0,1,0,1,0,0,0,0,0,0,0,0,0,0,0,0,0,0,0,0,0,0,1,0,1,0,0,0,0,0,0,0,0,0,0,0,0,0,0,0,0,0,0,0,1,0,0,0,0,0,0,0,0,1,0,0,0
18239,60.0,1,1422835200,78.86077242457881,33.0,0,3.3214916273e-05,3.7166821267e-05,3.3770616391e-05,-0.11702397365217834,0,0,0,0,0,1,0,0,0,0,0,0,0,0,0,0,0,1,1,0,0,0,0,0,0,0,0,0,0,0,0,1,0,0,0,0,0,0,0,0,0,0,0,0,0,1,0,0,0,0,0,0,0,0,1,0,0,0
528,75.4,5,1307318400,69.38406985060047,96.0,0,2.8377091512e-05,6.4429027895e-05,3.3446561885e-05,-1.0779146571255978,0,0,1,0,0,0,0,0,0,0,0,0,0,0,0,0,0,1,0,0,0,0,0,1,0,1,1,0,0,0,0,0,0,0,0,0,0,0,1,0,0,0,0,0,0,1,1,1,0,0,0,0,1,0,0,0,0,0
556,74.44444444444444,9,1286841600,69.03503815138387,288.0,0,6.1142723894e-05,0.000119541834101,6.935455906e-05,-0.8420662764986684,0,0,1,0,0,0,0,0,0,0,0,0,0,0,0,0,0,0,0,0,0,0,0,1,0,0,0,0,0,0,1,0,0,0,0,0,0,0,0,0,0,0,0,0,0,1,1,1,0,0,0,1,0,0,0,0,0,0
7348,86.0,16,1415664000,85.81349933109685,289.0,3,0.001794207198258,0.000903771569382,0.001668997917081,0.5339602169878672,0,0,1,0,0,0,0,0,0,0,0,0,0,0,0,0,0,0,0,0,0,0,0,1,0,1,0,0,0,0,0,0,0,0,0,0,0,0,0,1,0,0,0,0,0,1,1,1,1,0,0,1,1,0,0,0,0,0
19164,81.0,14,1568332800,76.45652270119469,552.0,0,0.001004855515315,0.001167812905164,0.00102776989226,-0.15863581730622683,0,0,1,0,0,0,0,0,1,0,0,0,0,0,0,0,0,1,0,0,0,0,0,1,1,0,0,0,0,0,0,1,0,0,0,0,0,0,1,0,0,0,0,0,0,1,1,1,1,0,0,1,1,0,0,0,0,0
37016,83.25,12,1550188800,83.24817635280627,643.0,0,0.000874057742367,0.000606535064738,0.000836439838188,0.3199686733365308,0,0,1,0,0,0,0,0,0,0,0,0,0,0,0,0,0,1,0,0,0,0,0,1,0,1,1,0,1,0,1,0,0,0,0,0,0,0,0,0,0,0,0,0,0,1,0,0,0,0,0,1,0,0,0,0,0,0
142415,90.11111111111111,9,1733702400,87.6287774270787,200.0,0,0.000102589162895,6.4821289861e-05,9.7278404789e-05,0.3882640765477424,0,0,0,0,0,1,0,0,1,0,0,0,0,0,0,0,0,1,0,0,0,0,0,1,0,0,0,0,0,1,1,0,0,0,0,0,0,0,0,0,0,0,0,0,0,1,0,0,0,0,0,1,1,0,0,0,0,0
361,57.66666666666666,6,1224547200,72.37704831117351,547.0,0,0.000103455638972,0.000193287083686,0.00011608735569,-0.7738711785326601,0,0,1,0,0,0,0,0,0,0,0,0,0,0,0,0,0,1,0,0,0,0,0,1,0,0,0,0,0,0,1,0,0,0,0,1,0,0,1,0,0,0,0,0,0,1,1,0,0,0,0,1,0,0,0,0,0,0
138375,77.8,5,1602720000,79.3007366914527,24.0,0,3.6159330349e-05,7.747173826e-06,3.2164133414e-05,0.883363250644272,0,0,0,0,0,1,0,0,0,0,0,1,0,0,0,1,0,0,1,0,0,0,0,0,0,0,0,0,0,0,0,0,0,0,0,0,0,1,0,0,1,0,0,0,0,1,1,1,0,0,0,0,0,0,0,0,0,0
82117,86.9,10,1535500800,75.76033187020906,136.0,0,0.000245204706778,0.000132927773687,0.000229416800691,0.4894576655579912,0,0,0,0,0,0,0,0,0,1,0,1,0,0,0,0,0,0,1,0,0,0,0,0,0,0,0,0,0,0,0,1,1,0,0,0,0,0,0,0,0,0,0,0,0,1,0,0,0,0,0,0,0,1,0,0,0,0
1266,81.17647058823529,17,1351555200,73.4753605045832,1465.0,0,8.390376676e-05,0.000181323093727,9.7602459295e-05,-0.9981724003301361,0,0,0,0,0,0,0,0,0,0,0,0,0,0,0,0,0,1,0,0,0,0,0,1,1,1,0,0,0,1,1,0,0,0,0,1,0,0,1,0,0,0,0,0,0,1,1,0,0,0,0,0,1,0,0,0,0,0
287846,90.0,2,1737504000,81.05901956876325,20.0,0,0.000103303203366,2.8880287238e-05,9.2838168579e-05,0.8016785752815976,0,0,0,0,1,0,0,0,1,0,0,0,0,0,0,0,0,1,1,0,0,0,0,1,0,0,0,0,0,0,0,0,0,0,0,0,0,0,0,0,0,0,0,0,0,1,0,0,0,0,0,0,0,0,1,0,0,0
261085,98.0,1,1691625600,78.21384402867545,25.0,9,7.0770235857e-05,1.9956327514e-05,6.3624999603e-05,0.7986723011454728,0,0,1,0,0,0,0,0,0,0,0,0,0,0,0,0,0,0,0,0,0,0,0,1,0,1,1,0,0,0,0,0,0,0,0,0,0,0,0,0,0,0,0,0,0,1,1,1,0,0,0,1,0,0,0,0,0,0
35283,55.0,1,1501113600,74.33952785906088,46.0,0,3.5814344503e-05,1.2748513891e-05,3.2570925241e-05,0.7081839424889161,1,0,0,0,0,1,0,0,0,0,0,0,0,0,0,0,0,1,1,0,0,0,0,0,0,0,0,0,0,0,0,1,0,0,0,0,0,0,0,0,0,0,0,1,0,1,0,0,0,0,0,0,1,0,0,0,0,0
126725,77.16666666666667,6,1603411200,68.86594932186793,27.0,0,5.7267650328e-05,3.3832594557e-05,5.397231219e-05,0.4342168648414247,0,0,0,0,1,0,0,0,0,0,0,0,0,0,0,0,0,1,1,0,0,0,0,1,1,0,0,0,0,0,0,1,0,0,0,0,0,0,0,0,0,0,0,0,0,1,0,0,0,0,0,0,1,0,0,0,0,0
16300,78.38095238095238,21,1366675200,81.21269489116735,167.0,10,0.000331427099336,0.00026360004107,0.000321889546104,0.21074923032458262,0,0,0,0,0,0,0,0,1,0,0,0,0,0,0,0,0,1,0,0,0,0,0,1,1,0,0,0,0,1,0,0,0,0,0,0,0,0,1,0,0,0,0,0,0,1,0,0,0,0,0,0,1,0,0,0,0,0
104967,90.0,1,1612224000,84.1521073645495,282.0,0,0.003782416785503,0.001391402225714,0.003446202460058,0.6950062236264669,0,0,0,0,0,0,0,0,1,0,0,0,0,0,0,0,0,1,1,0,0,0,0,1,1,0,0,0,1,0,0,0,0,0,0,1,0,0,1,0,0,0,0,0,0,1,1,1,0,0,0,0,1,0,0,0,0,0
11709,80.0,1,1432512000,61.50616296743026,77.0,0,7.8215511775e-05,8.6689894459e-05,7.9407143522e-05,-0.10672489611038982,0,0,0,0,0,0,0,0,0,1,0,1,0,0,0,0,0,1,1,0,0,0,0,0,0,0,0,0,1,0,0,1,0,0,0,0,0,0,0,0,0,0,0,0,0,1,0,0,0,0,0,0,1,0,0,0,0,0
8652,83.86666666666666,15,1427760000,75.48993868197213,151.0,0,4.4246440398e-05,2.6918977408e-05,4.180992605e-05,0.41444285734270125,0,0,0,0,1,0,0,0,0,0,0,0,0,0,0,0,0,1,1,0,0,0,0,1,0,1,0,0,0,0,0,0,0,0,0,0,0,0,0,0,0,0,0,0,0,1,0,0,0,0,0,0,0,0,1,0,0,0
12511,77.9090909090909,11,1506988800,78.6869914295461,58.0,0,5.0159337329e-05,4.4276569398e-05,4.9332127455e-05,0.11925115209965255,0,0,0,0,0,0,0,0,1,0,0,1,1,0,0,0,0,0,1,0,0,0,0,1,1,0,0,0,0,0,0,0,0,0,0,0,0,0,0,0,0,0,0,0,0,1,0,0,0,0,0,0,0,1,1,0,0,0
119422,77.42857142857143,7,1568073600,68.96962042515105,65.0,0,0.000149763971516,0.000370834655992,0.000180849993452,-1.2225086104197922,0,0,0,0,0,0,0,0,0,1,1,0,0,0,0,0,0,0,0,0,0,0,0,0,0,0,0,0,0,0,0,0,0,0,1,0,0,0,0,0,0,0,0,0,0,1,1,1,0,0,0,0,0,1,0,0,0,0
21704,94.0,1,1338249600,93.09996768825927,143.0,3,0.000529087942869,0.000131849053281,0.000473229895181,0.8396191341281752,0,0,0,0,0,0,0,0,0,0,0,0,0,0,1,0,0,1,0,0,0,0,0,1,0,0,0,0,0,0,1,0,0,0,0,0,0,0,1,0,0,0,0,0,0,1,0,0,0,0,0,0,1,0,0,0,0,0
135940,83.0,3,1692316800,78.40477501190297,32.0,0,0.000105260797465,1.3091743111e-05,9.2300375995e-05,0.9986233199390978,0,0,0,0,1,0,0,0,1,0,1,0,0,0,0,0,0,1,1,0,0,0,0,1,0,1,0,0,0,0,0,0,0,0,0,0,0,0,0,0,0,0,0,0,0,1,0,0,0,0,0,0,1,0,0,0,0,0
18182,82.83333333333333,6,1457049600,85.50668274504045,122.0,0,8.4288867239e-05,3.6382297335e-05,7.7552448584e-05,0.6177551887868304,0,0,0,0,1,0,0,0,1,0,0,0,0,0,0,0,0,1,1,0,0,0,0,1,1,0,0,0,0,0,0,0,0,0,0,0,0,0,0,0,0,0,0,0,0,1,0,0,0,0,0,0,0,0,1,0,0,0
127697,84.33333333333333,3,1747958400,71.87633089558287,27.0,0,8.0574252206e-05,7.0460055621e-05,7.9152036784e-05,0.12778694358746268,0,0,0,0,0,0,0,0,1,0,0,0,0,0,0,0,0,1,1,0,0,0,0,1,1,0,0,0,0,0,0,0,0,0,0,0,0,0,1,0,0,0,0,0,0,1,0,0,0,0,0,1,0,0,0,0,0,0
74701,82.84615384615384,13,1573776000,80.76621066007633,988.0,0,0.001127100848469,0.000887198501324,0.001093366798005,0.21953609193850213,0,0,0,0,0,0,0,0,0,0,0,0,0,0,0,0,0,1,0,0,0,0,0,1,1,1,0,0,0,0,0,0,0,0,0,0,0,0,0,0,0,0,0,0,0,1,0,0,0,0,0,0,1,0,0,0,0,0
116422,90.0,1,1631750400,73.90575935873086,41.0,0,8.7762794472e-05,7.0263924638e-05,8.5302177621e-05,0.2051485279425375,0,0,0,0,1,0,0,0,1,0,0,0,0,0,0,0,0,1,1,0,0,0,0,1,1,0,0,0,0,0,0,0,0,0,0,0,0,0,0,0,0,0,0,0,0,1,0,0,0,0,0,0,0,0,1,0,0,0
19320,75.0,2,1475798400,71.18501407363203,68.0,0,8.4770242837e-05,5.3886987562e-05,8.0427570477e-05,0.3840038559884168,1,0,0,0,0,0,0,0,0,1,0,1,0,0,0,0,0,1,1,0,0,0,0,1,0,0,1,0,1,0,0,0,0,0,0,0,0,0,0,0,0,0,0,0,0,1,0,0,0,0,0,1,0,0,0,0,0,0
9768,55.0,2,1407974400,64.94406762441854,17.0,0,3.2236119224e-05,3.9765556791e-05,3.3294876797e-05,-0.22614779318934045,1,0,0,0,0,1,0,0,0,0,0,0,0,0,0,0,0,1,1,0,0,0,0,0,1,0,0,0,0,0,0,0,0,0,0,0,0,0,0,0,0,0,0,0,0,1,0,0,0,0,0,0,0,0,1,0,0,0
8965,83.1,10,1453161600,81.48627766496644,438.0,0,0.001099349545234,0.000609477029483,0.001030465749959,0.47563431474505186,0,0,0,0,0,0,0,0,1,0,0,1,1,1,0,0,0,1,1,0,0,0,0,0,1,0,1,0,0,1,0,0,0,0,0,0,0,0,0,0,0,0,0,1,0,1,0,0,0,0,0,0,0,0,1,0,0,0
81085,87.0,14,1527033600,86.95000891083657,539.0,9,0.000955947754541,0.00049753527097,0.000891487735547,0.5144398172749934,0,0,0,0,0,0,0,0,1,0,0,0,0,0,0,0,0,1,0,0,0,0,0,1,1,0,0,0,0,0,0,0,0,0,0,0,0,0,0,0,0,0,0,0,0,1,1,1,0,0,0,0,1,0,0,0,0,0
11118,85.85,20,1478822400,84.84034757057807,766.0,0,0.000450527445249,0.000324940005984,0.000432867872243,0.29019159596516325,0,0,1,0,0,0,0,0,1,0,0,0,0,0,0,0,0,1,0,0,0,0,0,1,0,0,0,0,0,0,1,0,0,0,0,0,0,0,0,0,0,0,0,0,0,1,0,0,0,0,0,1,0,0,0,0,0,0
533,90.35714285714286,14,1349740800,84.76296164527746,1860.0,0,0.000645259920559,9.5270624963e-05,0.000567922758699,0.9686976760657604,0,0,0,0,0,1,0,0,1,0,0,0,0,0,0,0,0,1,0,0,0,0,0,1,0,0,0,0,0,0,1,0,0,0,0,0,0,0,0,0,0,0,0,0,0,1,0,0,0,0,0,1,0,0,0,0,0,0
3097,81.13888888888889,5,1387238400,79.5686477783134,830.0,0,0.000244907858493,5.4573446003e-05,0.000218143840749,0.8726130942849266,1,0,0,0,0,1,0,0,0,0,0,0,0,0,0,0,0,1,0,0,0,0,0,1,0,0,1,0,1,0,0,0,0,1,0,0,0,0,0,0,0,0,0,0,0,1,0,0,0,0,0,0,1,0,0,0,0,0
36718,65.75,4,1550016000,61.41104294478527,9.0,4,6.5804044269e-05,6.3595471218e-05,6.5493484095e-05,0.03372313145806804,0,0,1,0,0,0,0,0,0,1,0,1,0,0,0,0,0,0,1,0,0,0,0,1,0,0,0,0,0,1,0,0,0,0,0,0,0,0,0,1,0,0,0,0,0,1,1,1,0,1,0,1,0,0,0,0,0,0
13686,70.0,2,1445385600,68.41486450959961,88.0,0,0.000160643060034,0.000101252619942,0.000152291828264,0.39000754665320814,0,0,0,0,0,0,0,0,0,1,0,1,0,0,0,0,0,1,1,0,0,0,0,0,1,0,0,0,1,1,0,0,0,0,0,0,0,0,0,0,0,0,0,0,0,1,0,0,0,0,0,0,0,0,1,0,0,0
13182,76.15,20,1456185600,71.52352172663237,472.0,0,0.000226784067222,0.000226776449023,0.000226782995983,3.3596270184718336e-05,0,0,1,0,0,0,0,0,0,0,0,0,0,0,0,0,0,1,0,0,0,0,0,1,0,0,0,0,1,1,0,0,0,0,0,0,0,0,1,0,0,0,0,0,0,1,0,0,0,0,0,1,0,0,0,0,0,0
11708,80.0,1,1390953600,73.49316097860564,45.0,0,0.000239187511801,0.00067169958382,0.000300005524785,-1.4418966020412631,0,0,0,0,0,0,0,0,1,0,0,0,0,0,1,0,0,1,1,0,0,0,0,1,1,0,0,0,0,1,0,0,0,0,0,0,0,0,0,0,0,0,0,0,0,1,1,1,0,1,0,0,0,1,0,0,0,0
27092,70.63636363636364,11,1567987200,73.09024462680391,182.0,0,0.000123785735068,0.000229130020818,0.000138598801692,-0.760119024054609,0,0,0,0,0,0,0,0,1,0,0,1,0,0,0,0,0,1,0,0,0,0,0,1,1,0,0,0,0,0,0,0,0,0,0,0,0,0,0,0,0,0,0,1,0,1,0,0,0,0,0,0,1,0,0,0,0,0
250617,76.2,5,1698278400,79.26665218314893,44.0,0,6.1583984858e-05,9.0220252152e-05,6.5610695299e-05,-0.43647162365718867,0,0,0,0,1,0,0,0,0,0,0,1,0,0,1,0,0,1,0,0,0,0,0,1,0,1,0,0,0,0,0,0,0,0,0,0,0,0,0,0,0,0,0,0,0,1,0,0,0,0,0,1,0,0,0,0,0,0
2058,74.76470588235294,17,1376352000,73.84325579349688,482.0,0,0.004768241918837,0.00337124643299,0.004571802339245,0.30626574550873803,0,0,1,0,0,0,0,0,1,0,0,0,0,1,0,0,0,0,0,0,0,0,0,1,0,0,0,0,0,0,1,0,0,0,0,0,0,0,0,0,0,0,0,0,0,1,1,1,0,0,0,1,0,0,0,0,0,0
26565,85.0,1,1556150400,71.2111657965447,39.0,0,6.4303756988e-05,2.103504792e-05,5.8219494652e-05,0.74322130165519,0,0,0,0,0,0,0,0,0,0,0,0,0,0,0,0,0,1,1,0,0,0,0,0,0,0,1,0,0,0,0,0,0,0,0,0,0,0,0,0,0,0,0,1,0,1,0,0,0,0,0,0,0,1,0,0,0,0
56347,70.0,1,1522108800,69.92280787644441,10.0,0,7.3104907508e-05,0.000166711335498,8.6267446362e-05,-1.0851192364369995,0,0,1,0,0,0,0,0,1,0,0,1,0,0,0,0,0,1,0,0,0,0,0,1,0,0,0,0,1,0,0,0,0,0,0,0,0,1,0,0,0,0,0,0,0,1,1,1,0,1,0,0,1,0,0,0,0,0
233,79.125,7,1100563200,90.31362455185922,3331.0,0,0.001923263996126,0.000289587396309,0.001693543322216,0.96546662803708,0,0,1,0,0,0,0,0,0,0,0,0,0,0,0,0,0,0,0,0,0,0,0,1,0,1,1,0,0,0,0,0,0,0,0,0,0,0,0,0,0,0,0,0,0,1,0,0,0,0,0,1,0,0,0,0,0,0
7891,70.0,1,1376265600,69.8952577936103,35.0,0,4.6163919864e-05,3.3391299845e-05,4.4367888214e-05,0.2878862140651308,0,0,0,0,0,0,0,0,1,0,0,0,0,0,1,0,0,1,1,0,0,0,0,1,1,0,0,0,0,0,0,0,0,0,0,0,0,0,0,0,0,0,0,0,0,1,1,1,1,0,0,0,0,1,0,0,0,0
1971,71.66666666666667,2,1069113600,78.12476839758483,233.0,0,3.9986266354e-05,0.000103164897026,4.8870177415e-05,-1.292816555551911,0,0,1,0,0,0,0,0,0,0,0,0,0,1,0,0,0,0,0,0,0,0,0,1,0,0,1,1,0,0,1,0,0,0,0,0,0,0,0,0,0,0,0,0,0,1,0,0,0,0,0,0,1,0,0,0,0,0
136625,84.88888888888889,9,1675987200,79.0407472025903,624.0,0,0.002326375944955,0.001541050165696,0.002215946764988,0.3547899212832382,0,0,0,0,0,0,0,0,1,0,0,0,0,0,0,0,0,1,0,0,0,0,0,1,1,0,0,0,0,0,0,0,0,0,0,0,0,0,1,0,0,0,0,0,0,1,0,0,0,0,0,0,1,0,0,0,0,0
72870,92.5,2,1512518400,87.04516315463785,207.0,3,0.000882915053373,0.000742748032389,0.000863205361428,0.162449765736281,0,0,1,0,0,0,0,0,1,0,0,0,0,0,0,0,0,1,0,0,0,0,0,1,0,1,0,0,0,0,0,0,0,0,0,0,0,0,1,0,0,0,0,0,0,1,0,0,0,0,0,0,1,0,0,0,0,0
3188,60.85714285714285,14,1401753600,65.78933688157107,276.0,0,0.00011455134651,0.000116354705628,0.00011480492722,-0.015708930591625127,0,0,0,0,0,1,0,0,1,0,0,0,0,0,0,0,0,1,0,0,0,0,0,1,0,0,1,1,0,0,1,0,0,0,0,0,0,0,0,0,0,0,0,1,0,1,0,0,0,0,0,0,1,0,0,0,0,0
31194,85.0,2,1527724800,76.18058805567041,36.0,0,0.000173399513385,2.633058446e-05,0.000152719304421,0.963075096033622,0,0,0,1,0,0,0,0,0,0,0,0,0,0,0,0,0,0,1,1,0,0,0,1,0,0,0,0,0,0,0,0,0,0,0,0,0,1,0,0,1,0,0,0,0,1,1,1,0,0,0,0,0,0,1,0,0,0
1352,93.85714285714286,14,1331596800,85.78443744358111,1141.0,0,0.000261138239078,9.6251279877e-05,0.000237952534275,0.6930229869601039,0,0,0,0,1,0,0,0,0,0,0,0,0,0,0,0,0,1,0,0,0,0,0,0,1,0,0,0,0,0,0,0,0,0,0,0,0,0,0,0,0,0,0,0,0,1,1,1,0,0,0,0,1,0,1,0,0,0
19456,86.28571428571429,7,1457654400,85.54994959545823,308.0,10,0.000511766444262,0.000156463491639,0.00046180525015,0.7695559688397545,0,0,0,0,1,0,0,0,0,0,0,0,0,0,0,0,0,1,0,0,0,0,0,1,1,0,0,0,0,0,0,0,0,0,0,0,0,0,1,0,0,0,0,0,0,1,0,0,0,0,0,0,0,0,1,0,0,0
8773,87.5,4,1424822400,93.28470767401734,63.0,3,9.6315234266e-05,7.7667869244e-05,9.3693120893e-05,0.199035301583869,0,0,0,0,0,0,0,1,0,1,0,1,0,0,0,0,0,1,0,0,0,0,0,0,0,1,0,0,0,0,0,0,0,0,0,0,0,0,0,1,0,0,0,0,0,1,1,0,0,0,0,0,0,1,0,0,0,0
9807,60.83333333333334,6,1432598400,76.40030367046789,83.0,0,8.8741591522e-05,0.000114246297562,9.2327955102e-05,-0.27625309574312895,0,0,0,0,0,0,0,0,1,0,0,0,0,0,0,0,0,1,0,0,0,0,0,1,1,0,0,0,0,0,0,1,0,0,0,0,0,0,0,0,0,0,0,0,0,1,1,1,0,0,0,0,0,1,0,0,0,0
28168,72.9090909090909,11,1569456000,72.3428529709587,189.0,0,0.000387723975541,0.000440853416901,0.000395194812227,-0.13446517328759622,0,0,0,0,0,0,0,0,1,0,0,0,0,0,0,0,0,1,0,0,0,0,0,1,1,0,0,0,0,0,0,0,0,0,0,0,0,0,0,0,0,0,0,0,0,1,1,1,0,0,0,0,1,0,0,0,0,0
204354,84.0,5,1687219200,78.91750260163101,21.0,0,0.000110740456358,9.0563481372e-05,0.00010790325572,0.187001433945889,0,0,0,0,0,0,0,0,0,0,0,1,0,0,0,0,0,1,0,0,0,0,0,1,0,1,0,0,0,0,0,0,0,0,0,0,0,0,0,0,0,0,0,0,0,1,0,0,0,0,0,0,0,1,0,0,0,0
542,70.6,5,1304985600,76.2524599147588,127.0,0,3.6624660094e-05,2.1476342632e-05,3.4494567947e-05,0.4391583843318855,0,0,0,0,1,1,0,0,0,0,0,0,0,0,0,0,0,1,0,0,0,0,0,1,0,0,0,0,0,0,0,1,0,0,0,0,0,1,0,0,0,0,0,0,0,1,1,1,1,0,0,0,1,0,0,0,0,0
103288,54.45454545454545,11,1550102400,53.28170738661473,80.0,0,0.000133838462143,0.000295128096577,0.000156518326396,-1.030564664283931,0,1,0,0,0,0,0,0,0,0,0,0,0,0,0,0,0,0,0,0,0,0,0,1,1,0,0,0,0,0,0,0,0,0,0,0,0,0,0,0,0,0,0,0,0,1,1,0,0,0,0,0,1,0,0,0,0,0
207393,79.75,4,1662595200,65.65337937540517,32.0,0,0.000255995543104,0.000959423735791,0.000354908631832,-1.9823496769907099,0,0,0,0,0,0,0,0,0,1,1,0,0,0,0,0,0,0,0,0,0,0,0,0,0,0,0,0,0,0,0,0,0,0,1,0,0,0,0,0,0,0,0,0,0,1,1,1,0,0,0,0,0,0,0,0,0,0
121760,82.23076923076923,13,1612915200,82.45018053778473,315.0,0,0.000324880391201,0.000124935436132,0.000296764979725,0.6738484511123058,0,0,0,0,1,1,0,0,0,0,0,0,0,0,0,0,0,1,0,0,0,0,0,1,0,0,1,0,0,0,1,0,0,0,0,0,0,0,0,0,0,0,0,1,0,1,0,0,0,0,0,0,1,0,1,0,0,0
26709,83.875,8,1506038400,76.74506758922331,50.0,0,0.000119565675657,0.000170192660445,0.000126684627514,-0.3996553689598588,0,0,0,0,0,0,1,0,0,1,0,0,0,0,0,0,0,0,0,0,0,0,0,0,0,0,0,0,0,0,0,0,0,0,1,0,0,0,0,0,0,0,0,0,0,1,1,0,0,0,0,1,1,0,0,0,0,1
7599,78.83783783783784,7,1422489600,83.14225260046315,1838.0,0,0.001305883745627,0.000315378620566,0.00116660311636,0.8495457984588075,0,0,0,0,0,1,0,0,0,0,0,0,0,0,0,0,0,1,1,0,0,0,0,1,1,1,0,0,0,0,0,0,0,1,0,0,0,0,0,0,0,0,0,1,0,1,0,0,0,0,0,0,1,0,0,0,0,0
134706,80.75,12,1601510400,69.32787556302745,132.0,0,0.00014245508535,0.000455906469841,0.000186531289472,-1.6805792675054587,0,0,1,0,0,0,0,0,0,1,0,0,0,0,0,0,0,0,0,0,0,0,0,1,0,1,0,0,0,0,0,0,0,0,0,0,0,0,0,1,0,0,0,0,0,1,1,1,0,0,0,1,0,0,0,0,0,1
3247,81.75,16,1414454400,79.34857962967828,160.0,0,9.3370820191e-05,6.1830292371e-05,8.8935724954e-05,0.35465984400958683,0,0,1,0,1,0,0,0,0,0,0,0,0,0,0,0,0,1,0,0,0,0,0,1,0,0,0,0,0,0,0,1,0,0,0,0,0,0,1,0,0,0,0,0,0,1,1,1,0,0,0,0,1,0,0,0,0,0
119391,77.9,10,1587686400,76.0001019809086,39.0,8,4.0130679034e-05,2.1966670089e-05,3.7576533142e-05,0.48339611705163316,0,0,0,0,0,0,0,0,1,0,0,0,0,0,0,0,0,1,0,0,0,0,0,1,1,0,0,0,0,0,0,0,0,0,0,0,0,0,0,0,0,0,0,0,0,1,0,0,0,0,0,0,1,0,0,0,0,0
55147,67.5,4,1646092800,69.82476968563026,20.0,0,3.7675663483e-05,8.2718242054e-05,4.4009359825e-05,-1.0234997711933678,0,0,0,0,0,0,0,0,1,0,0,0,0,0,0,0,0,1,0,0,0,0,0,1,1,1,0,0,0,0,0,0,0,0,0,0,0,0,1,0,0,0,0,0,0,1,0,0,0,0,0,0,1,0,0,0,0,0
103291,83.9090909090909,11,1588032000,72.93837727324393,62.0,0,4.37650648e-05,8.8896368017e-05,5.0111237225e-05,-0.9006449750508406,0,0,0,0,0,0,0,0,0,0,0,1,1,1,0,0,0,0,0,0,0,0,0,1,0,0,0,0,0,0,0,0,0,0,0,0,0,0,0,1,0,0,0,0,0,1,0,0,0,0,0,0,0,1,0,0,0,0
11707,88.0,1,1439337600,77.97927873050965,38.0,0,0.000188627028141,7.8648524158e-05,0.000173162317406,0.6351729834883204,0,0,0,0,0,1,0,0,0,1,0,0,0,0,0,0,0,0,1,0,0,0,0,0,0,0,0,0,0,0,0,0,0,0,0,0,0,0,0,0,0,0,0,1,0,1,0,0,0,0,0,0,0,0,0,1,0,0
5060,77.5,2,1344297600,75.47358499163495,197.0,0,8.4312936018e-05,7.6785279821e-05,8.3254428934e-05,0.090421250189331,1,0,0,0,0,1,0,0,0,0,0,0,0,0,0,0,0,1,1,0,0,0,0,0,0,1,0,0,0,0,0,1,0,0,0,0,0,0,0,0,0,0,0,0,0,1,0,0,0,0,0,0,0,0,1,0,0,0
3432,63.33333333333334,3,1384214400,57.72149541814468,28.0,0,2.9251590515e-05,7.1587808773e-05,3.5204729949e-05,-1.2025930473696351,0,0,1,0,0,0,0,0,0,1,0,0,0,0,0,0,0,0,0,1,0,0,0,1,0,0,0,0,0,1,0,0,0,0,0,0,0,0,0,1,0,0,0,0,0,0,1,1,0,1,0,1,1,0,0,0,0,0
16657,75.0,2,1379980800,76.58600216078716,13.0,0,4.5040710135e-05,4.035394974e-05,4.4381677768e-05,0.1056035876308137,0,0,0,0,0,0,0,0,1,0,0,0,1,0,0,0,0,1,1,0,0,0,0,1,0,1,0,0,0,0,0,0,0,0,0,0,0,0,0,0,0,0,0,0,0,1,0,0,0,0,0,0,1,0,0,0,0,0
124683,10.0,1,1650412800,67.58911655469505,15.0,0,6.639774084e-05,0.000173723018138,8.1489366093e-05,-1.3171000747573274,0,0,1,0,0,0,0,0,0,0,0,0,0,0,0,0,0,1,0,0,0,0,0,1,0,0,1,0,0,0,0,1,0,0,0,1,0,0,0,0,0,0,0,0,0,1,0,0,0,0,0,1,0,0,0,0,0,0
8794,68.33333333333333,3,1415318400,74.94228331689239,93.0,0,6.9943874413e-05,7.6393017855e-05,7.0850725609e-05,-0.09102760553420863,0,0,0,0,0,0,0,0,0,0,0,0,0,0,0,0,0,1,1,0,0,0,0,0,1,0,0,0,0,0,0,0,0,0,0,0,0,0,0,0,0,0,0,0,0,1,0,0,0,0,0,0,0,1,0,0,0,0
19637,63.75,4,1257206400,75.89560691859492,31.0,3,6.6863070585e-05,0.000131456791315,7.5945965607e-05,-0.850554377693591,0,0,0,0,0,0,0,0,1,0,0,0,0,0,1,0,0,1,0,0,0,0,0,1,1,1,0,0,0,0,0,0,0,0,0,0,0,0,0,0,0,0,0,0,0,1,0,0,0,0,0,0,1,0,0,0,0,0
55678,82.5,4,1536537600,77.33220833761015,19.0,0,7.7156485459e-05,2.5595093274e-05,6.9906141198e-05,0.7376060745069326,0,0,1,0,1,0,0,1,0,1,0,1,0,1,0,0,0,0,1,0,0,0,0,1,0,0,0,0,0,0,0,0,0,0,0,0,0,0,0,0,0,0,0,0,0,1,1,1,0,0,0,0,0,0,1,0,0,0
217311,75.0,1,1698883200,55.98997493734336,10.0,0,7.0818373417e-05,0.000196081950193,8.8432406253e-05,-1.41655215188579,0,0,0,0,0,0,0,0,1,0,0,1,0,0,0,0,0,1,1,0,0,0,0,0,1,0,0,0,0,0,0,0,0,0,0,0,0,0,1,0,0,0,0,0,0,1,1,1,0,0,0,0,0,1,1,0,0,0
144731,81.25,4,1616025600,81.36246277384187,25.0,1,2.5039554031e-05,9.8850015401e-05,3.5418468028e-05,-2.083990996749645,0,0,1,0,0,0,0,0,0,0,0,0,0,0,0,0,0,0,0,0,0,0,0,1,1,0,1,0,0,0,0,0,0,0,0,0,0,0,0,0,0,0,0,0,0,1,1,0,0,0,0,1,0,0,0,0,1,0
9498,82.86206896551724,29,1471910400,77.4495476068813,556.0,0,0.000249007574004,0.000481158333895,0.000281651629147,-0.8243639558542576,0,0,1,0,0,1,0,0,1,0,0,0,0,0,0,0,0,1,0,0,0,0,0,1,0,1,0,0,0,0,1,0,0,0,0,0,0,0,0,0,0,0,0,0,0,1,0,0,0,0,0,1,1,0,0,0,0,0
133674,77.5,2,1625097600,89.76136033127418,17.0,0,3.0816061209e-05,4.0795244451e-05,3.2219291628e-05,-0.30973194933844533,0,0,0,0,0,0,0,0,0,1,0,1,1,0,0,0,0,0,0,0,0,0,0,0,0,0,0,0,0,1,0,0,0,0,0,1,0,0,0,1,0,1,0,0,0,1,1,1,0,0,0,0,0,1,0,0,0,0
148241,85.5,10,1694995200,84.71671623310425,313.0,0,0.000387796181881,0.000203436862053,0.000361872356323,0.5095517020445496,0,0,0,0,0,0,0,0,1,0,0,0,0,0,0,0,0,1,0,0,0,0,0,1,0,0,1,0,0,0,0,0,0,0,0,0,0,0,1,0,0,0,0,0,0,1,0,0,0,0,0,0,1,0,0,0,0,0
2368,90.25,20,1394496000,79.23607391772092,825.0,0,0.000314506747061,0.000251194756399,0.000305604083484,0.20720163045231202,0,0,0,0,0,0,0,0,1,0,0,0,0,0,0,0,0,1,0,0,0,0,0,1,1,0,0,0,0,0,0,0,0,0,0,0,0,0,0,0,0,0,0,0,0,1,1,1,0,0,0,0,1,0,0,0,0,0
127254,84.66666666666667,3,1630540800,89.7380091026103,42.0,0,0.000259164599125,0.000303659794335,0.00026542132474,-0.1676621122256745,0,0,0,0,0,0,0,0,1,0,0,1,0,1,0,0,0,1,1,0,0,0,0,1,1,0,0,0,0,0,0,0,0,0,0,0,0,0,0,0,0,0,0,0,0,1,0,0,0,0,0,0,0,1,0,0,0,0
217554,89.33333333333333,6,1677196800,82.11309743361912,50.0,0,0.000103351340926,3.3930660048e-05,9.3589699242e-05,0.741790281622125,0,0,0,0,0,0,0,0,1,0,0,0,0,0,0,0,0,0,0,0,0,0,0,1,1,0,0,0,0,0,0,0,0,0,0,0,0,0,0,0,0,0,0,0,0,1,0,0,0,0,0,0,0,1,0,0,0,0
105049,76.35714285714286,14,1566259200,76.42914276755009,285.0,0,0.000359114219157,0.000396233618282,0.000364333791613,-0.10190150212479819,0,0,1,0,0,0,0,0,1,0,0,0,0,0,0,0,0,1,0,0,0,0,0,1,1,0,0,0,1,0,0,0,0,0,0,0,0,0,0,0,0,0,0,0,0,1,1,1,0,0,0,0,1,0,0,0,0,0
26772,73.8,10,1505433600,65.49873715417019,48.0,0,4.3909477479e-05,0.000653067140441,0.000129566644184,-4.701805230841825,0,0,0,0,0,0,0,0,0,1,1,0,0,0,0,0,0,0,0,0,0,0,0,1,0,0,0,0,0,0,0,0,0,0,1,0,0,0,0,0,0,0,0,0,0,1,1,1,0,0,0,0,1,1,0,0,0,0
730,95.0,2,1003708800,84.5466852704768,1575.0,0,0.000101522113653,9.54177232e-05,0.00010066374016,0.06064445532750512,0,0,1,0,0,0,1,0,0,1,0,0,0,0,0,0,0,1,0,0,0,0,0,1,0,0,0,0,0,0,0,0,0,0,0,1,0,0,1,0,0,0,0,0,0,1,0,0,0,0,0,0,1,1,0,0,0,0
140839,87.08333333333333,12,1620950400,90.71726373926583,315.0,3,0.000411536021797,0.000246781809283,0.000388368983271,0.4243032019928022,0,0,1,0,0,0,0,0,1,0,0,1,0,0,0,0,0,1,0,0,0,0,0,1,0,1,0,0,0,0,0,0,0,1,0,0,0,0,1,0,0,0,0,0,0,1,1,0,0,0,0,0,1,0,0,0,0,0
287851,60.25,4,1710374400,57.17593928047344,8.0,3,1.402407576e-05,0.000288361577666,5.2600251622e-05,-5.215654079472488,0,0,1,0,0,0,0,0,0,0,0,1,0,0,0,0,0,0,0,0,0,0,0,1,0,1,0,0,0,0,0,0,0,0,0,0,0,0,0,0,0,0,0,0,0,1,1,1,1,0,0,1,1,0,0,0,0,0
134071,61.0,4,1589846400,73.0811055372409,135.0,9,0.000176143354295,0.00040741308431,0.000208663522754,-1.1084537196610074,0,0,1,0,0,0,0,0,0,0,0,0,0,0,0,0,0,1,0,0,0,0,0,1,0,0,0,0,0,0,0,0,0,1,0,0,0,0,1,0,0,0,0,0,0,1,0,0,0,0,0,0,1,0,0,0,0,0
113598,89.7,10,1631577600,81.22767138598374,245.0,0,0.000178959401544,0.000338276912824,0.000201361954204,-0.7912793239135065,0,0,1,0,0,0,0,0,0,0,0,0,0,0,0,0,0,1,0,0,0,0,0,1,0,1,0,0,0,0,1,0,0,0,0,0,0,0,0,0,0,0,0,0,0,1,1,0,0,0,0,1,0,0,0,0,0,0
5629,83.33333333333333,3,1141084800,71.57117346092298,32.0,0,4.1237842909e-05,0.000102478438586,4.984923571e-05,-1.2285468611603543,0,0,0,0,0,0,0,0,1,0,0,0,0,0,0,0,0,1,0,0,0,0,0,1,1,0,0,0,0,0,0,0,0,0,0,0,0,0,0,0,0,0,0,0,0,0,1,1,0,1,0,0,1,0,0,0,0,0
3239,80.0,1,1551312000,64.93330150396852,58.0,0,0.000940319093454,0.000742502868661,0.000912503015,0.21688308068095713,0,0,0,0,0,0,0,0,0,1,0,1,0,0,0,0,0,1,1,0,0,0,0,1,0,1,0,0,1,0,0,0,0,0,0,1,0,0,1,1,0,0,0,0,0,1,1,1,0,0,0,1,1,0,0,0,0,0
130216,87.75,4,1653350400,70.05989466459742,28.0,0,0.000146627007201,0.000105224272347,0.000140805130243,0.2940635016130424,0,0,0,0,0,0,0,0,0,1,0,1,0,0,0,0,0,0,0,0,0,0,0,0,0,1,0,0,0,0,0,0,0,0,0,0,0,0,0,0,0,0,0,0,0,1,0,0,0,0,0,1,0,0,0,0,0,0
21040,84.33333333333333,3,1345766400,90.51868905001945,220.0,3,0.000573438681313,0.000326656152085,0.000538737168829,0.4581993094293359,0,0,0,0,0,0,0,0,1,0,0,0,0,0,0,0,0,1,0,0,0,0,0,1,1,0,0,0,0,0,0,0,0,0,0,0,0,0,0,0,0,0,0,0,0,1,1,1,0,0,0,0,1,0,0,0,0,0
146957,67.66666666666667,3,1728345600,40.0,7.0,0,9.7542742041e-05,0.000352594474578,0.000133407034819,-1.9119587310556685,0,1,0,0,0,0,0,0,0,1,1,0,0,0,0,0,0,0,1,0,0,0,0,1,0,0,0,0,0,0,0,0,0,0,1,0,0,0,0,0,0,0,0,0,0,1,1,0,0,0,0,0,1,0,0,0,0,0
8255,62.0,5,1440028800,64.98357356532557,106.0,0,4.4912343309e-05,0.000159895783841,6.1080826992e-05,-1.8825375784963,0,0,0,0,1,1,0,0,0,0,0,0,0,0,0,0,0,1,1,0,0,0,0,1,0,0,0,0,0,0,0,0,0,0,0,0,0,0,0,0,0,0,0,0,0,1,1,1,0,0,0,0,1,0,0,0,0,0
633,82.5,2,1184716800,84.89555100287501,48.0,2,3.5485404511e-05,8.286534029e-06,3.1660814713e-05,0.8590840537580762,0,0,0,0,0,0,0,0,0,1,0,1,1,0,0,0,0,0,0,0,0,0,0,0,1,0,0,0,0,1,0,0,0,0,0,0,1,0,0,0,0,1,0,0,0,1,1,0,0,0,0,0,0,1,0,0,0,0
152297,90.0,1,1668038400,67.59465772245812,21.0,0,0.000121210375618,0.000211478232354,0.000133903458743,-0.674171534011754,0,0,0,0,0,0,0,0,0,1,0,0,0,0,0,0,0,0,0,0,0,0,0,1,0,0,0,0,0,0,0,0,0,0,1,0,0,0,1,0,0,0,0,0,0,1,1,1,0,0,0,0,1,0,0,0,0,0
240902,81.0,2,1698105600,66.10542194886575,44.0,0,0.000310463192036,0.001707663435703,0.000506931563805,-2.7568896000790604,0,0,0,0,0,0,0,0,0,1,0,1,0,0,0,0,0,0,0,0,0,0,0,0,0,0,0,0,0,0,0,0,0,0,0,1,0,0,0,0,0,0,0,0,0,1,0,0,0,0,0,0,0,1,0,0,0,0
18303,63.6,5,1480982400,62.97501510980597,26.0,0,5.9000602482e-05,9.3701577099e-05,6.3880106341e-05,-0.5432377142725843,0,0,1,0,0,0,0,0,0,0,0,0,0,0,0,0,0,1,1,0,0,0,0,1,0,0,1,0,1,0,0,0,0,0,0,0,0,0,0,0,0,0,0,0,0,1,1,1,0,0,0,1,0,0,0,0,0,1
185238,80.0,2,1692316800,75.51445645318177,31.0,0,0.000115714670872,0.000348966051394,0.00014851349062,-1.5706903097344185,0,0,0,0,0,0,0,0,0,0,0,0,0,0,0,0,0,0,1,0,0,0,0,1,0,0,1,0,1,0,0,0,0,0,0,0,0,0,0,0,0,0,0,0,0,0,1,1,0,0,0,0,1,0,0,0,0,0
131999,82.16666666666667,12,1619136000,84.3014210840931,190.0,9,0.000180788628817,0.00014749049917,0.000176106387067,0.1890962736912814,0,0,0,0,0,0,0,0,1,0,0,0,0,0,1,0,0,1,0,0,0,0,0,1,0,1,0,0,0,0,0,0,0,1,0,0,0,0,1,0,0,0,0,0,0,1,0,0,0,0,0,0,1,0,0,0,0,0
26226,91.3,10,1516838400,86.74889413411768,1409.0,0,0.000943054911437,0.000149893103711,0.000831523862384,0.9542618852254082,0,0,0,0,1,0,0,0,0,0,0,0,0,0,0,0,0,1,1,0,0,0,0,1,1,0,0,0,0,0,0,0,0,0,0,0,0,0,0,0,0,0,0,0,0,1,0,0,0,0,0,0,0,0,1,0,0,0
2112,69.18518518518519,27,1465257600,69.29464371499184,293.0,0,9.8954777129e-05,0.000145284025612,0.000105469399536,-0.4392903705045804,0,0,0,0,1,0,0,0,0,0,0,0,0,0,0,0,0,1,0,0,0,0,0,1,0,0,0,1,0,0,0,0,0,0,0,0,0,0,1,0,0,0,0,0,0,1,1,0,0,0,0,1,0,0,0,0,0,0
532,69.5,4,1315872000,67.90201796639609,62.0,0,3.1602308019e-05,4.2609456043e-05,3.3150086486e-05,-0.3320453016493674,0,0,1,0,0,1,0,0,0,0,0,0,0,0,0,0,0,0,1,0,0,0,0,1,0,1,0,0,0,0,0,0,0,0,0,0,0,0,0,0,0,0,0,0,0,1,0,0,0,0,0,1,0,0,0,0,0,0
6328,75.0,3,1334102400,79.847540182498,100.0,0,4.8097445183e-05,1.9907294768e-05,4.4133465806e-05,0.6387618094364932,0,0,0,0,0,1,0,0,1,0,0,0,0,0,0,0,0,1,1,0,0,0,0,1,1,0,0,0,1,0,0,0,0,0,0,0,0,0,0,0,0,0,0,0,0,1,0,0,0,0,0,1,0,0,0,0,0,0
120551,66.66666666666667,3,1571270400,82.36999917728546,22.0,3,7.9691730276e-05,5.0307597124e-05,7.5559858111e-05,0.3889001912274403,0,0,0,0,0,0,0,0,1,0,0,0,1,0,0,0,0,0,0,0,0,0,0,0,0,0,0,0,0,0,0,0,0,0,0,0,0,0,0,0,0,0,0,0,0,1,1,0,0,0,0,0,1,0,0,0,0,0
9634,75.0,3,1341360000,73.10568989553377,48.0,0,6.0492866836e-05,8.943572822e-05,6.4562689237e-05,-0.4483052987799331,0,0,0,0,0,0,0,0,0,0,0,1,1,0,0,0,0,0,0,0,0,0,0,0,0,1,0,0,0,0,0,0,0,0,0,0,0,0,0,0,0,1,0,0,0,1,1,1,0,0,0,0,0,0,0,0,0,0
228532,80.0,1,1729468800,67.59987984379694,11.0,0,0.000115626418679,0.000501850152595,0.000169935561899,-2.272958910094511,0,0,0,0,0,0,0,0,1,0,0,0,0,0,0,0,0,1,0,0,0,0,0,1,1,0,0,0,0,0,0,0,0,0,0,0,0,0,0,0,0,0,0,0,0,1,1,1,0,0,0,0,1,0,0,0,0,0
6451,94.0,1,1358208000,76.57719574875907,50.0,0,3.0751877796e-05,0.00017382108363,5.0869662665e-05,-2.8125377140097867,0,0,0,0,0,0,0,0,1,0,0,0,0,0,0,0,0,1,0,0,0,0,0,0,1,0,0,0,0,0,0,0,0,0,0,1,0,0,1,0,0,0,0,0,0,0,1,0,0,1,0,1,1,0,0,0,0,0
19241,80.9090909090909,11,1528502400,77.80396538707036,196.0,0,4.8089422257e-05,7.6785279821e-05,5.2124512028e-05,-0.5505395507755408,0,0,0,0,1,1,0,0,0,0,0,0,0,0,0,0,0,1,0,0,0,0,0,1,1,0,0,0,0,0,0,0,0,0,0,0,0,1,0,0,0,0,0,0,0,1,1,1,0,0,0,0,1,0,1,0,0,0
243017,76.0,1,1732492800,,,0,4.7511771539e-05,3.8784901876e-05,4.6284636144e-05,0.1885522356551337,0,0,0,0,0,0,0,0,0,0,0,0,0,0,0,0,0,1,0,0,0,0,0,1,0,1,0,0,0,0,0,0,0,0,0,0,0,0,0,0,0,0,0,0,0,1,1,1,0,0,0,1,0,0,0,0,0,0
7194,80.0,4,1255564800,92.71668424186805,337.0,0,0.000164718706765,2.6820911917e-05,0.000145328103774,0.9489411286360357,0,0,0,0,0,0,0,0,0,0,0,0,0,0,0,0,0,1,0,0,1,0,0,0,0,1,0,0,1,1,0,0,0,0,0,0,0,0,0,0,0,0,0,1,0,1,0,0,0,0,0,1,0,0,0,1,0,0
11397,86.0,20,1426118400,86.327164487218,488.0,0,0.000563947559103,0.000156365426148,0.000506635088405,0.8046923343338126,0,0,0,0,0,0,0,0,1,1,0,0,0,0,1,0,0,1,0,0,0,0,0,1,0,0,0,0,0,0,0,0,0,1,0,0,0,0,1,0,0,0,0,0,0,1,1,0,0,0,0,0,1,0,0,0,0,0
24624,65.0,1,1445558400,86.05187963144272,5.0,0,6.0508912689e-05,3.667649381e-05,5.7157699036e-05,0.41697094840388255,0,0,0,0,0,0,0,0,1,1,0,0,0,0,0,0,0,0,0,0,0,0,0,0,0,0,0,0,0,0,0,0,0,0,0,0,1,0,0,0,0,0,0,0,0,1,0,0,0,0,0,0,0,1,0,0,0,0
6452,76.91666666666667,12,1421884800,70.50925974298826,89.0,0,5.864759371e-05,8.7964745848e-05,6.2770047289e-05,-0.46707105560879736,0,0,0,0,0,0,0,0,1,0,0,0,0,0,0,0,0,0,0,0,0,0,0,1,1,0,0,0,0,0,0,0,0,0,0,0,0,0,1,0,0,0,0,0,0,1,1,0,0,0,0,0,1,0,0,0,0,0
223457,87.0,1,1666828800,,,0,4.7728390558e-05,4.8885647498e-05,4.789111912e-05,-0.024164911411738203,0,0,0,0,0,0,0,1,0,1,0,1,0,0,0,0,0,0,0,0,0,0,0,0,0,1,0,0,0,0,0,0,0,0,0,0,0,0,0,0,0,1,0,0,0,1,1,1,0,0,0,0,1,1,0,0,0,0
2291,76.375,8,1343088000,71.28658911384724,179.0,0,6.9679117834e-05,2.8537058018e-05,6.3893895895e-05,0.6439327824501444,0,0,0,0,1,1,0,0,0,0,0,0,0,0,0,0,0,1,1,0,0,0,0,1,0,0,0,0,0,0,0,0,0,1,0,0,0,0,0,0,0,0,0,0,0,1,0,0,0,0,0,0,0,0,1,0,0,0
52200,76.66666666666667,3,1557187200,64.68778462406031,47.0,0,0.000145543912105,5.3543758342e-05,0.000132607240719,0.6938252622752767,0,0,0,0,0,0,1,0,0,1,1,0,0,0,0,0,0,0,0,1,0,0,0,1,0,0,0,0,0,0,0,0,0,0,0,0,0,0,0,0,0,0,0,0,0,1,1,1,0,0,0,0,1,0,0,0,0,0
9334,67.5,4,1349740800,69.79578634247001,41.0,0,6.1343297059e-05,5.5210871697e-05,6.0480981417e-05,0.10139734283410849,0,0,0,0,0,0,0,0,0,0,0,1,1,0,0,0,0,0,0,0,0,0,0,0,0,0,0,0,0,0,0,1,0,0,0,0,0,0,0,1,0,0,0,0,0,1,1,1,0,0,0,0,1,0,1,0,0,0
135919,81.66666666666667,3,1607644800,79.97473389861088,48.0,0,5.2149023134e-05,6.864584403e-06,4.5781317443e-05,0.9891693346331896,0,0,0,0,0,0,0,0,0,0,0,0,0,0,0,0,0,1,1,0,0,0,0,0,0,0,0,0,0,0,0,0,0,0,0,0,1,1,1,0,0,0,0,0,0,1,0,0,0,0,0,1,1,0,0,0,0,0
132707,67.22222222222223,9,1590624000,70.02620547987223,11.0,0,2.091576974e-05,0.00012576899281,3.5659785213e-05,-2.9404297292954604,0,0,0,0,0,0,0,0,0,1,1,1,0,0,0,0,0,0,0,0,0,0,0,0,0,0,0,0,0,0,0,0,0,0,0,0,0,0,0,0,0,0,0,0,0,1,1,1,1,0,0,0,0,1,0,0,0,0
621,86.66666666666667,3,1067385600,81.3068847658075,826.0,0,5.2341573374e-05,1.8191148668e-05,4.7539485507e-05,0.7183762315086483,0,0,1,0,0,0,0,0,0,0,0,0,0,0,0,0,0,0,0,0,0,0,0,1,0,0,0,0,0,1,0,0,0,0,0,0,0,0,0,1,0,0,0,0,0,1,1,0,0,0,0,1,0,0,0,0,0,0
2132,83.5,2,1317168000,78.83674898658903,419.0,0,0.00045970567332,0.000151020856863,0.000416299723777,0.741650899742525,0,0,1,0,0,0,0,0,1,0,0,0,0,0,0,0,0,1,1,0,0,0,0,1,0,0,1,0,0,0,0,1,0,1,0,0,0,0,0,0,0,0,0,0,0,1,0,0,0,0,0,0,0,1,0,0,0,0
1593,81.0,6,1427328000,80.13432139625075,312.0,0,0.000174506677261,0.000142145929885,0.00016995624623,0.19042252327630663,0,0,0,0,0,0,0,0,1,0,0,1,0,0,0,0,0,1,1,0,0,0,0,0,1,0,0,0,0,0,0,0,0,0,0,0,0,0,0,0,0,0,0,0,0,1,0,0,0,0,0,0,0,1,0,0,0,0
8479,65.6,5,1410393600,65.79320602322315,95.0,0,5.8856189802e-05,6.6929697928e-05,5.999145227e-05,-0.13458167770268936,0,1,0,0,0,0,0,0,0,0,0,0,0,0,0,0,0,1,0,0,0,0,0,1,0,0,0,0,0,0,0,0,0,0,0,0,0,0,0,0,0,0,0,0,0,1,1,0,0,0,0,0,1,0,0,0,0,0
18263,67.57142857142857,7,1457568000,54.23275989189921,29.0,0,3.1891133378e-05,5.4916675223e-05,3.5128887405e-05,-0.6554704112316485,0,0,0,0,0,0,0,0,1,0,0,0,0,0,0,0,0,1,1,0,0,0,0,1,1,0,0,0,0,0,0,0,0,0,0,0,0,0,0,0,1,0,0,0,0,1,1,1,0,0,0,0,0,1,0,0,0,0
10148,88.33333333333333,12,1487635200,81.72342722005516,300.0,0,0.0001415966322,5.3543758342e-05,0.000129215010572,0.681488646111585,0,0,0,0,1,0,0,0,0,0,0,0,0,0,0,0,0,1,1,0,0,0,0,0,1,0,0,0,0,0,0,0,0,1,0,0,0,0,0,0,0,0,0,0,0,1,0,0,0,0,0,0,0,0,1,0,0,0
2042,69.5,2,1295913600,72.09093698024542,204.0,0,0.000216594950394,0.000214027935132,0.000216233987596,0.011872753300783806,0,0,0,0,0,0,0,0,1,0,0,1,0,0,0,0,0,1,1,0,0,0,0,1,1,0,0,0,0,0,0,1,0,1,0,0,0,0,0,0,0,0,0,0,0,1,1,1,0,0,0,0,0,1,0,0,0,0
9878,90.0,1,1329782400,75.33814991933481,18.0,0,5.161148705e-05,2.368281619e-05,4.7684275818e-05,0.5857137652783131,0,0,0,0,1,1,0,0,0,0,0,0,0,0,0,0,0,1,1,0,0,0,0,1,0,1,0,0,0,0,0,0,0,0,0,0,0,0,0,0,0,0,0,0,0,1,0,0,0,0,0,0,0,0,1,0,0,0
11137,66.41666666666667,12,1521504000,71.66539655506489,274.0,0,0.002543861440206,0.00187128570822,0.002449286693635,0.2749368064222091,0,0,0,0,0,0,0,0,0,1,0,0,0,0,0,0,0,1,0,0,0,0,0,1,1,0,0,0,0,0,0,0,0,0,0,0,0,0,1,0,0,0,0,0,0,1,1,1,0,0,0,1,0,0,0,0,0,0
297,66.33333333333333,3,1080000000,74.08268749567758,249.0,0,0.000194724452384,0.000112137889495,0.000183111480218,0.4510592336090519,0,0,1,0,0,0,0,0,0,0,0,0,0,0,0,0,0,0,0,0,0,0,0,1,0,0,0,0,0,0,0,0,0,0,0,0,0,0,0,0,0,0,0,0,0,1,1,0,0,0,0,1,0,0,0,0,0,0
8372,82.25,4,1343606400,74.52922532579178,110.0,0,0.000143746776539,6.7223894402e-05,0.000132986453439,0.5754568852584929,0,0,1,0,1,0,0,0,0,0,0,1,0,0,0,0,0,1,1,0,0,0,0,1,1,0,0,0,0,0,0,0,0,0,0,0,0,0,0,0,0,0,0,0,0,1,1,1,0,0,0,0,1,0,0,0,0,0
1270,81.625,7,1262649600,78.76245842856375,451.0,0,8.8845889568e-05,6.5115486336e-05,8.5509020922e-05,0.2775311603785285,0,0,0,0,0,0,0,0,1,0,0,0,0,0,1,0,0,1,0,0,0,0,0,1,1,0,0,0,0,0,0,0,0,0,0,0,0,0,1,0,0,0,0,0,0,1,0,0,0,0,0,0,1,0,0,0,0,0
2074,80.23076923076923,13,1384473600,67.33179232740575,247.0,0,5.3216072377e-05,0.00010875463004,6.1025668778e-05,-0.9101129638844548,0,0,0,0,0,0,1,0,0,0,0,0,0,0,0,0,0,1,0,0,0,0,0,1,0,0,0,0,0,0,0,0,0,0,0,0,0,0,1,0,0,0,0,0,0,1,1,1,0,0,0,1,1,0,0,0,0,0
14688,60.0,2,1447977600,69.27269116156928,38.0,0,4.9357044665e-05,5.9672851559e-05,5.0807609674e-05,-0.20304180847549497,0,0,1,0,0,0,0,0,0,0,0,0,0,0,0,0,0,1,1,1,0,0,0,1,0,0,0,0,0,0,0,0,0,0,0,0,0,0,0,0,0,0,0,0,0,1,0,0,0,0,0,0,0,1,0,0,0,0
121754,76.0,6,1594684800,73.48320145520012,34.0,0,9.6812655717e-05,9.8850015401e-05,9.7099140594e-05,-0.020983281446905498,0,0,1,0,0,1,0,0,0,0,0,1,0,0,0,0,0,1,1,0,0,0,0,1,1,0,0,0,0,0,0,0,0,0,0,0,0,0,0,0,0,0,0,0,0,1,1,1,0,0,0,0,1,0,0,0,0,0
7201,73.0,5,1267488000,72.1186279375525,37.0,0,8.8051619831e-05,7.139167779e-05,8.5708969447e-05,0.19438637626294075,0,0,0,0,0,0,0,1,0,1,0,1,0,0,0,0,0,0,0,0,0,0,0,0,0,1,0,0,0,0,0,0,0,0,0,0,0,0,0,0,0,0,0,0,0,1,1,0,0,0,0,0,0,1,0,0,0,0
1337,85.61538461538461,13,1348099200,78.24452994759508,312.0,0,0.000329990995468,0.000157395113808,0.000305721294688,0.5646393183381581,0,0,0,0,0,0,0,0,1,0,0,0,0,0,1,0,0,1,1,0,0,0,0,1,1,0,0,0,0,0,0,0,0,0,0,0,0,0,0,0,0,0,0,0,0,1,1,1,0,0,0,0,0,1,0,0,0,0
11764,41.66666666666666,3,1360454400,58.36462807538047,40.0,0,0.000170920429055,8.7425385645e-05,0.000159179710211,0.5245749504219772,0,0,0,0,0,0,0,0,0,0,0,0,0,0,0,0,0,1,1,0,0,0,0,0,0,0,0,0,0,0,0,0,0,1,0,0,0,0,0,0,0,0,0,0,0,1,0,0,0,0,0,0,0,0,1,0,0,0
26950,72.76923076923077,13,1599177600,60.07162034947552,162.0,0,0.000182152526345,0.000558286842935,0.000235042938498,-1.600467221521275,0,0,0,0,0,0,0,0,1,0,0,0,0,0,1,0,0,1,0,0,0,0,0,1,0,1,0,0,0,0,0,0,0,0,0,0,0,0,0,0,0,0,0,0,0,1,1,1,0,0,0,0,1,0,0,0,0,0
136772,75.0,2,1658966400,69.76978148965995,17.0,0,3.5349014759e-05,2.3388619715e-05,3.366719474e-05,0.35525966661946,0,0,0,0,0,0,0,0,1,1,0,1,0,0,0,0,0,1,1,0,0,0,0,0,0,0,0,0,0,0,0,1,0,0,0,0,0,0,0,0,0,0,0,0,0,1,0,0,0,0,0,0,0,1,0,0,0,0
1911,78.0,4,1382486400,82.03498941182673,482.0,0,0.001683386512634,0.001239008451971,0.001620899954659,0.27437727316799954,0,0,0,0,0,0,0,0,1,0,0,0,0,0,1,0,0,1,0,0,0,0,0,1,1,0,1,0,0,0,0,0,0,0,0,0,0,0,0,0,0,0,0,0,0,1,1,1,0,1,0,0,0,1,0,0,0,0
3025,83.88888888888889,18,1412035200,79.57232895018761,1362.0,0,0.000672714375508,0.000336658832215,0.000625459670455,0.5374617146636421,0,0,0,0,0,0,0,0,1,0,0,0,0,0,1,0,0,1,0,0,0,0,0,1,1,0,0,0,0,0,1,0,0,0,0,0,0,0,1,0,0,0,0,0,0,1,0,0,0,0,0,0,1,0,0,0,0,0
20052,65.33333333333333,3,1422403200,79.43014067706304,26.0,9,0.000145094628213,0.000230159708479,0.00015705611898,-0.5416647287564452,0,0,0,0,0,0,0,0,1,0,0,1,0,0,0,0,0,0,0,0,0,0,0,1,0,0,0,0,0,0,0,0,0,0,0,0,0,0,0,0,0,0,0,0,0,1,1,0,0,0,0,0,0,0,0,0,0,0
9254,83.9090909090909,11,1516665600,83.10977018960416,567.0,0,0.002442571991426,0.000453945160012,0.002162939721539,0.9204032258158278,0,0,0,0,0,0,0,0,0,0,0,0,0,0,0,0,0,1,1,0,0,0,0,0,0,1,0,0,1,0,0,0,0,0,0,0,0,0,1,0,0,0,0,0,0,1,0,0,0,0,0,1,0,0,0,0,0,1
23733,89.2,5,1647388800,84.73027557506123,229.0,0,0.000111687161701,6.1781259626e-05,0.000104669605437,0.47681954696025536,0,0,0,0,0,1,0,0,1,0,0,0,0,0,0,0,0,1,1,0,0,0,0,1,1,0,0,0,0,0,0,0,0,0,0,0,0,0,0,0,0,0,0,0,0,1,0,0,0,0,0,0,0,1,0,0,0,0
72813,82.22222222222223,9,1568937600,79.26504880528084,259.0,0,0.000169957677859,4.5110126076e-05,0.000152402144692,0.8192605511623842,0,0,0,0,0,1,0,0,0,1,0,0,0,0,0,0,0,1,1,0,0,0,0,1,0,0,0,0,0,0,1,1,0,0,0,1,0,1,0,0,0,0,0,0,0,1,1,1,1,0,0,0,0,1,0,0,0,0
438,91.0,3,1095811200,82.49744724650925,313.0,0,0.000122782869238,4.2805587026e-05,0.000111536803053,0.7170883524093254,0,0,0,0,0,0,0,1,0,1,0,1,1,1,0,0,0,0,0,0,0,0,0,0,0,0,0,0,0,1,0,0,0,0,0,0,0,0,0,1,0,0,0,0,0,1,1,0,0,0,0,0,0,1,0,0,0,0
19293,90.0,1,1408060800,84.83419549729359,28.0,0,0.000100318674657,5.5505068172e-05,9.4017175399e-05,0.47667580828873735,0,0,0,0,0,0,1,0,0,1,1,1,0,0,0,0,0,0,0,0,0,0,0,0,0,0,0,0,0,0,0,0,1,0,0,0,0,0,0,0,0,0,0,0,0,1,0,0,0,0,0,0,0,1,0,0,0,0
6142,50.71428571428572,7,1407801600,70.4174771710061,59.0,0,3.6528384974e-05,7.6491083346e-05,4.214777011e-05,-0.9481768651365595,0,0,0,0,0,0,0,0,1,0,0,0,0,0,0,0,0,1,0,0,0,0,0,1,1,0,0,0,0,0,0,0,0,0,0,0,0,0,1,0,0,0,0,0,0,1,0,0,0,0,0,0,1,0,0,0,0,0
20313,60.0,1,1416873600,62.39198605693439,32.0,0,5.5510629395e-05,0.00046247685777,0.000112736494203,-3.6100924620209485,0,0,0,0,0,0,0,0,0,1,0,1,0,0,0,0,0,0,0,1,0,1,0,0,0,0,0,0,0,0,0,0,1,0,0,0,0,1,0,0,1,0,0,0,0,1,1,0,0,0,0,0,0,1,0,0,0,0
20044,76.0,1,1439251200,60.03840299977537,9.0,10,6.4817224293e-05,8.8651204288e-05,6.8168657463e-05,-0.3496444442068798,0,0,0,0,0,0,0,0,1,0,0,0,0,0,0,0,0,1,0,0,0,0,0,1,1,0,0,0,0,0,0,0,0,0,0,0,0,0,0,0,0,0,0,0,0,1,1,1,0,0,0,0,0,1,0,0,0,0
9928,84.76923076923077,13,1449446400,80.43964589260723,141.0,0,0.000280649996656,0.000235847506984,0.000274350060597,0.16332650000657853,0,0,0,0,0,0,1,0,0,1,1,0,0,0,0,0,0,0,0,0,0,0,0,0,0,0,0,0,0,0,0,0,0,0,1,0,0,0,0,0,0,0,0,0,0,1,1,0,0,0,0,1,1,0,0,0,0,1
8262,62.5,2,1367280000,77.72912931415772,49.0,0,4.5859048652e-05,1.7210493753e-05,4.183061038e-05,0.6848849162810522,0,1,0,0,0,0,0,0,0,0,1,0,0,0,0,0,0,0,1,1,0,0,0,1,0,0,0,0,0,0,0,0,0,0,0,0,0,0,0,0,0,0,0,0,0,1,1,1,0,0,0,0,0,0,1,0,0,0
81141,60.0,1,1533772800,84.95271939715647,13.0,0,0.00014848832618,0.000301845582743,0.000170052773104,-0.9018982331622802,0,0,1,0,0,0,0,0,0,1,0,1,0,0,0,0,0,0,1,0,0,0,0,1,0,0,0,0,0,1,0,0,0,0,0,0,0,0,0,1,0,0,0,0,0,0,1,0,0,1,0,1,0,0,0,0,0,0
8408,85.0,1,1399420800,67.59855536502118,9.0,0,2.5577090116e-05,7.9187884362e-05,3.3115612602e-05,-1.6189246613849344,0,1,0,0,0,0,0,0,0,0,0,0,0,0,0,0,0,0,1,0,0,0,0,1,0,0,0,0,0,0,0,0,0,0,0,0,0,0,0,0,0,0,0,0,0,0,1,0,0,0,0,0,1,0,0,0,0,0
134822,90.0,1,1622505600,79.613492764785,29.0,0,5.6080257186e-05,4.9375974955e-05,5.5137529456e-05,0.1215953475650598,0,0,0,0,0,1,0,0,0,0,0,1,0,0,0,0,0,1,1,0,0,0,0,1,0,1,0,0,0,0,1,0,0,0,0,0,0,0,0,0,0,0,0,0,0,0,1,1,0,0,0,1,0,0,0,0,0,0
30225,84.0,1,1544054400,83.3841479596247,73.0,0,0.00075184450092,0.000216871834385,0.000676618913742,0.7909232532160972,0,0,0,0,0,0,0,1,1,0,0,1,0,0,0,0,0,1,1,0,0,0,0,1,1,1,0,0,1,0,1,0,0,0,0,1,0,0,1,0,0,0,0,0,0,1,0,0,0,0,0,0,1,1,0,0,0,0
118922,70.0,2,1559606400,71.78294198753237,22.0,0,7.0216653919e-05,2.3143455987e-05,6.3597420496e-05,0.7401981781018404,0,0,0,0,1,0,0,0,0,0,0,1,0,0,0,0,0,1,1,0,0,0,0,1,1,0,0,0,0,0,0,1,0,0,0,0,0,0,0,0,0,0,0,0,0,1,0,0,0,0,0,0,0,0,1,0,0,0
2977,83.77777777777777,9,1330387200,80.78867174152725,111.0,0,0.000135900354288,7.7177541786e-05,0.000127643001479,0.46008445053651276,0,1,0,0,0,0,0,0,0,0,0,0,0,0,0,0,0,0,0,0,0,0,0,1,1,0,0,0,0,0,0,0,0,0,0,0,0,0,0,0,0,0,0,0,0,1,1,1,0,0,0,0,0,0,1,0,0,0
152480,67.875,8,1629417600,72.43870484695654,10.0,0,3.0936405109e-05,0.000166466171769,4.9994026021e-05,-2.71098699701004,0,0,0,0,0,0,0,0,0,1,1,1,0,0,0,0,0,0,0,0,0,0,0,1,0,0,0,0,0,0,0,0,0,0,1,0,0,0,0,0,0,0,0,0,0,1,1,1,0,0,0,0,1,0,0,0,0,0
6743,70.0,1,1310515200,69.90284575488066,40.0,0,3.9938128794e-05,1.5837576872e-05,3.654921141e-05,0.6594121026864808,0,0,0,0,0,0,0,0,1,0,0,0,1,0,0,0,0,0,1,0,0,0,0,1,1,0,0,0,0,0,0,1,0,0,0,0,0,0,0,0,0,0,0,0,0,1,0,0,0,0,0,0,1,1,0,0,0,0
26546,65.125,8,1518048000,50.56779035711483,13.0,0,2.8593710531e-05,0.000318369618056,6.9340769506e-05,-4.179156881523043,0,0,0,0,0,0,0,0,1,0,0,0,0,0,1,0,0,1,0,0,0,0,0,1,1,0,0,0,0,1,0,0,0,0,0,0,0,0,1,0,0,0,0,0,0,1,1,1,1,0,0,0,1,0,0,0,0,0
96250,74.0,2,1528848000,50.37584986948099,8.0,0,8.5556489647e-05,0.000121257980202,9.0576681814e-05,-0.39417548398587376,0,0,0,0,0,0,0,0,0,1,0,0,0,0,0,0,0,0,0,0,0,0,0,0,0,0,0,0,0,0,0,0,0,0,1,0,0,0,1,0,0,0,0,0,0,1,1,1,0,0,0,1,0,0,0,0,0,0
18853,69.55555555555556,9,1475539200,71.514639837134,82.0,0,9.2103197782e-05,6.2173521592e-05,8.7894613669e-05,0.34053271582843264,0,0,0,0,0,0,0,0,0,0,0,0,0,0,0,0,0,1,1,0,0,0,0,1,0,0,0,0,0,0,1,0,0,0,0,0,0,0,0,0,0,0,0,0,0,1,1,1,0,0,0,0,1,0,0,0,0,0
11,72.33333333333333,3,1100563200,85.5931829543381,603.0,0,0.000105429278925,3.5646806149e-05,9.5616763599e-05,0.729849100546924,0,0,0,0,0,0,0,0,1,0,0,0,0,0,0,0,0,0,0,0,0,0,0,1,1,0,1,1,0,0,0,0,0,0,0,0,0,0,1,0,0,0,0,0,0,1,0,0,0,0,0,1,1,0,0,0,0,0
26820,78.25,4,1568073600,80.04348657954009,304.0,0,0.000372207635427,0.000249625708535,0.000354970684823,0.34539100647558413,0,0,0,0,1,0,0,0,1,0,0,0,0,0,1,0,0,1,1,0,0,0,0,1,1,0,1,0,0,0,0,0,0,0,0,0,0,0,0,0,0,0,0,0,0,1,0,0,0,0,0,0,0,0,1,0,0,0
622,84.4,4,1130198400,82.88965323440407,1048.0,0,7.865677274e-05,3.2851939642e-05,7.22158914e-05,0.6342992672180806,0,0,1,0,0,0,0,0,0,0,0,0,0,0,0,0,0,0,0,0,0,0,0,1,0,0,0,0,0,1,0,0,0,0,0,0,0,0,0,1,0,0,0,0,0,1,1,0,0,0,0,1,0,0,0,0,0,0
127,90.25,8,1258416000,86.69592750863374,3119.0,0,0.00039163916374,0.000285909940379,0.000376771968822,0.28067146381653385,0,0,0,0,1,0,0,0,0,0,0,0,0,0,0,0,0,1,0,0,0,0,0,1,1,1,0,0,0,1,1,0,0,0,0,1,0,0,1,0,0,0,0,0,0,1,0,0,0,0,0,0,1,0,0,0,0,0
529,89.53333333333333,15,1354060800,83.38802295821102,2167.0,0,0.000817648545189,0.000593541387119,0.000786135547215,0.28518648804110475,0,0,1,0,0,0,0,0,0,0,0,0,0,0,0,0,0,1,0,0,0,0,0,1,0,0,0,0,1,0,1,0,0,0,0,1,0,0,1,0,0,0,0,0,0,1,1,1,0,0,0,1,0,0,0,0,0,0
94772,75.0,1,1563753600,70.13293963717877,10.0,0,4.0491710732e-05,1.7798886702e-05,3.7300742073e-05,0.6083859461172321,0,0,0,0,0,0,0,0,1,0,0,0,1,0,0,0,0,1,1,0,0,0,0,1,1,0,0,0,0,0,0,0,0,0,0,0,0,0,0,0,0,0,0,0,0,1,0,0,0,0,0,0,0,0,0,0,0,0
17480,76.5,2,1550016000,78.43757239461695,31.0,0,3.6969645939e-05,2.6918977408e-05,3.5556363562e-05,0.2826736540430388,0,0,0,0,0,0,0,0,0,0,0,0,0,0,0,0,0,1,1,0,0,0,0,0,0,0,0,0,0,0,0,0,0,0,0,0,0,0,1,0,0,0,0,0,0,1,0,0,0,0,0,1,0,0,0,0,0,0
115115,80.8,10,1585872000,77.9008629258947,576.0,8,0.000597996859746,0.000818797821024,0.000629044954351,-0.3511202169844972,0,0,1,0,0,0,0,0,0,0,0,0,0,0,0,0,0,1,0,0,0,0,0,1,0,0,1,0,1,0,0,0,0,0,0,0,0,0,0,0,0,0,0,0,0,1,1,0,0,0,0,0,1,0,0,0,0,0
136512,68.66666666666667,6,1620345600,55.73058845995925,10.0,0,2.9484255388e-05,0.00019657227765,5.2979464342e-05,-3.1539097349350382,0,0,1,0,0,0,0,0,1,0,0,1,0,0,0,0,0,1,0,0,0,0,0,1,0,0,0,0,0,1,1,0,0,0,0,0,0,0,0,0,0,0,0,0,0,0,1,1,0,0,0,1,1,0,0,0,0,0
9732,76.88235294117646,17,1456272000,75.4603993105094,62.0,0,4.366878968e-05,8.4483420901e-05,4.9407969999e-05,-0.826094241426249,0,0,0,0,0,0,0,0,0,0,0,0,0,0,0,0,0,1,1,0,0,0,0,1,0,0,0,0,1,0,0,0,0,0,0,0,0,0,0,0,0,0,0,0,0,1,0,0,0,0,0,0,1,0,0,0,0,0
13677,77.5,8,1444780800,75.69312510363955,120.0,0,6.3549601884e-05,1.368013606e-05,5.6537169131e-05,0.8820900713011413,0,0,1,0,1,0,0,0,0,0,0,0,0,0,0,0,0,1,1,1,0,0,0,1,1,1,0,0,0,0,0,0,0,0,0,0,0,0,0,0,0,0,0,0,0,1,0,0,0,0,0,0,0,0,1,0,0,0
75161,65.0,1,1478563200,60.0,3.0,0,4.812953689e-05,7.7079476295e-05,5.2200354572e-05,-0.5546072480608457,0,0,0,0,0,0,0,0,1,0,0,0,0,0,0,0,0,1,0,0,0,0,0,1,1,0,0,0,0,0,0,0,0,0,0,0,0,0,0,0,0,0,0,0,0,1,1,1,0,0,0,0,1,0,0,0,0,0
54630,70.0,1,1456358400,80.0425921391979,8.0,0,4.5770796459e-05,5.883929488e-06,4.0162074413e-05,0.9931675223027622,0,0,0,0,0,0,0,0,0,0,0,0,0,0,0,0,0,1,0,0,1,0,0,0,1,0,0,0,0,0,0,0,0,1,0,0,0,0,0,0,0,0,0,0,1,1,0,0,0,0,0,0,0,0,0,1,0,0
3221,86.0,11,1372291200,75.57397241124595,340.0,0,0.000137384595716,6.6341304979e-05,0.000127394789517,0.557697973228156,0,0,0,0,1,1,0,0,1,0,0,0,0,0,0,0,0,1,1,0,0,0,0,1,1,0,0,0,0,0,0,1,0,0,0,0,0,0,0,0,0,0,0,0,0,1,0,0,0,0,0,0,0,0,1,0,0,0
144725,61.75,4,1622505600,66.94342560346857,25.0,0,3.9023515158e-05,0.000125425763589,5.117303284e-05,-1.6884764171560815,0,0,1,0,0,0,0,0,0,0,0,0,1,0,0,0,0,1,0,0,0,0,0,1,0,1,0,0,0,0,0,0,0,0,0,0,0,0,0,0,0,0,0,0,0,1,0,0,0,0,0,1,0,0,0,0,0,0
138906,79.0,5,1699228800,69.31015748988305,78.0,0,5.0592575367e-05,4.0255884248e-05,4.9139073707e-05,0.21036100815146128,0,0,0,0,0,0,0,0,0,0,0,0,0,0,0,0,0,1,1,0,0,0,0,1,0,1,0,1,1,0,0,0,0,0,0,0,0,0,0,0,0,0,0,1,0,1,0,0,0,0,0,1,0,0,0,0,0,0
9061,86.88235294117646,17,1506643200,84.71676486112976,876.0,0,0.00144327636427,0.000340336288145,0.001288185609099,0.8567479031548111,0,0,1,0,1,0,0,0,0,0,0,0,0,0,0,0,0,1,1,1,0,0,0,1,1,0,0,0,0,0,0,1,0,0,0,0,0,0,0,0,0,0,0,0,0,1,1,1,0,0,0,0,0,1,1,0,0,0
11712,40.0,2,1400112000,33.92671834194406,32.0,0,3.3591993825e-05,6.20754561e-05,3.7597217472e-05,-0.7576091965401599,0,0,0,0,0,1,0,0,0,0,0,0,0,0,0,0,0,1,1,0,0,0,0,0,0,0,1,0,1,0,0,0,0,0,0,0,0,0,0,0,0,0,0,0,0,1,0,0,0,0,0,0,1,0,0,0,0,0
28489,84.0,2,1702425600,77.23178934180821,78.0,0,0.001690061587595,0.001252394391556,0.001628518682939,0.2689704936039718,0,0,1,0,0,0,0,0,0,1,0,0,0,1,0,0,0,0,1,0,0,0,0,1,0,0,0,0,0,0,0,0,0,0,0,0,0,0,0,0,0,0,0,0,0,1,1,1,0,0,0,1,0,0,0,0,0,0
128097,76.66666666666667,3,1619049600,70.45917226705372,68.0,0,9.7526696188e-05,3.2999037879e-05,8.8453090583e-05,0.7295450241140033,0,0,0,0,0,1,0,0,1,0,0,0,0,0,0,0,0,1,1,0,0,0,0,1,1,0,0,0,0,0,0,1,0,0,0,0,0,0,0,0,0,0,0,0,0,1,0,0,0,0,0,0,0,1,0,0,0,0
3092,89.66666666666667,3,1177372800,75.28248166350036,122.0,0,0.00013718402255,0.000191031577382,0.000144755837306,-0.37201575504057455,0,0,0,0,0,0,0,0,1,0,0,0,0,0,0,0,0,1,0,0,0,0,0,1,1,0,0,0,0,0,0,0,0,0,0,0,0,0,0,0,0,0,0,0,0,0,1,1,0,1,0,1,1,0,0,0,0,0
150007,75.14285714285714,7,1655856000,54.55945940550663,9.0,3,2.8585687604e-05,6.4870322607e-05,3.368787907e-05,-1.0771009388976225,0,0,0,0,1,0,0,0,0,0,0,0,0,0,0,0,0,1,0,0,0,0,0,1,1,0,0,0,0,0,0,0,0,0,0,0,0,1,0,0,0,0,0,0,0,1,1,1,1,0,0,0,1,0,1,0,0,0
25076,94.05882352941177,17,1540512000,93.12729016988128,3583.0,0,0.005428849698051,0.002788737413662,0.005057608307169,0.5233270030077594,0,0,1,0,0,0,0,0,1,0,0,0,0,0,0,0,0,1,0,0,0,0,0,1,0,0,0,0,0,0,0,0,0,1,0,0,0,0,1,0,0,0,0,0,0,1,1,1,0,0,0,1,1,0,0,0,0,0
9066,76.23076923076923,13,1425945600,80.09760739393042,684.0,0,0.002056773518277,0.000951627529219,0.001901372576987,0.5817882917615119,0,0,0,0,0,0,0,0,0,1,0,1,0,0,0,0,0,0,0,0,0,0,0,0,0,0,0,0,0,0,0,0,1,0,0,1,0,0,0,0,0,0,0,0,0,1,0,0,0,0,0,0,0,1,0,0,0,0
36929,65.66666666666667,3,1537833600,84.67111193497433,89.0,0,0.000208604115465,0.000363822973352,0.00023043033287,-0.6736818839487754,0,0,0,0,0,0,0,0,1,0,0,0,0,1,0,0,0,1,0,0,0,0,0,0,1,0,0,0,0,0,0,0,0,0,0,0,0,0,0,0,0,0,0,0,0,1,0,0,0,0,0,0,0,1,0,0,0,0
231,80.0,1,911433600,88.40950292141925,2830.0,0,0.001147968480649,0.000251783149348,0.001021950700705,0.877383988620166,0,0,1,0,0,1,0,0,0,0,0,0,0,0,0,0,0,1,0,0,0,0,0,1,0,1,1,1,0,0,0,0,0,0,0,0,0,0,0,1,0,0,0,0,0,1,1,0,0,0,0,1,0,0,0,0,0,0
36649,76.5,8,1553817600,74.87769344054274,52.0,0,0.000190753103699,0.000167446826684,0.000187475873883,0.12432779293838839,0,0,0,0,0,0,0,1,0,1,0,1,0,0,0,0,0,0,0,0,0,0,0,0,0,0,0,0,0,0,0,1,0,0,0,0,0,0,0,0,0,0,0,0,0,1,1,1,0,0,0,0,0,1,0,0,0,0
215060,75.44444444444444,9,1696464000,74.14059975965903,173.0,0,4.3941569186e-05,8.9239597237e-05,5.031118575e-05,-0.9003796445047413,0,0,0,0,0,0,0,0,0,0,0,0,0,0,0,0,0,1,0,0,0,0,0,1,0,0,0,0,0,1,1,0,0,0,0,0,0,0,1,0,0,0,0,0,0,1,0,0,0,0,0,0,1,0,0,0,0,0
119239,67.5,8,1592870400,81.36781546451041,97.0,8,0.000125895764773,4.8493385532e-05,0.000115011770522,0.6730339851016934,0,0,0,0,1,0,0,0,0,0,0,0,0,0,0,0,0,1,0,0,0,0,0,1,0,0,0,0,0,0,0,0,0,0,0,0,0,1,0,0,0,0,0,0,0,1,1,1,1,0,0,0,1,0,0,0,0,0
17479,70.0,1,1518048000,70.07439790426055,12.0,0,4.3379964321e-05,0.000122091536879,5.4448051784e-05,-1.445666333420122,0,0,0,0,0,0,0,0,1,1,0,0,0,0,0,0,0,1,1,0,0,0,0,1,0,1,1,0,1,0,0,0,0,0,0,0,0,0,0,0,0,0,0,1,0,1,1,1,0,0,0,0,0,1,0,0,0,0
18375,80.0,6,1685404800,79.56798336683875,53.0,8,7.8528405914e-05,4.6139813736e-05,7.3974059464e-05,0.437853355023939,0,0,1,0,0,0,0,0,1,1,0,0,0,0,0,0,0,1,0,0,0,0,0,1,0,1,1,0,0,0,0,0,0,0,0,0,0,0,0,0,0,0,0,0,0,1,0,0,0,0,0,1,0,0,0,0,0,0
103320,90.0,5,1627430400,81.0178905593223,146.0,0,8.831637641e-05,2.2113768326e-05,7.9007246472e-05,0.837963936838555,0,0,0,0,0,0,0,0,1,0,0,0,0,0,0,0,0,1,1,0,0,0,0,0,1,0,0,0,0,1,0,0,0,1,0,0,0,0,0,0,0,0,0,1,0,1,0,0,0,0,0,1,0,0,0,0,0,0
166824,84.75,4,1714608000,77.64442463626136,74.0,0,4.4944435015e-05,2.9909974898e-05,4.2830353005e-05,0.35103101014749066,0,0,0,0,0,1,0,0,0,0,0,0,0,0,0,0,0,1,0,0,0,0,0,0,0,0,0,0,0,0,0,0,0,0,0,0,0,0,0,0,0,0,0,1,0,1,0,0,0,0,0,1,1,0,0,0,0,0
165390,88.75,4,1692835200,84.6689332083539,89.0,0,0.000104298046269,6.0653506474e-05,9.816093621e-05,0.44464410731601844,0,0,0,0,1,0,0,0,1,0,0,0,0,0,1,0,0,1,1,0,0,0,0,1,1,0,0,0,0,0,0,0,0,0,0,0,0,0,0,0,0,0,0,0,0,1,0,0,0,0,0,0,0,0,1,0,0,0
625,80.0,7,1226361600,75.19152621922495,953.0,0,0.000374389871472,0.000190443184434,0.000348524068587,0.5278795833129047,0,0,1,0,0,0,0,0,0,0,0,0,0,0,0,0,0,1,0,0,0,0,0,1,0,0,1,0,1,1,1,0,0,0,0,0,0,0,0,1,0,0,0,0,0,1,1,1,1,0,0,1,0,0,0,0,0,0
129483,85.4,5,1590019200,80.21133059937831,67.0,0,0.000168441344724,4.2805587026e-05,0.000150774977385,0.8333294489803933,0,0,0,0,0,0,0,0,1,0,0,1,1,0,0,0,0,0,1,0,0,1,0,1,1,0,0,0,0,0,0,0,0,0,0,0,0,0,0,0,0,0,0,0,0,1,1,0,0,0,0,0,0,0,1,0,0,0
19554,72.89473684210526,19,1480550400,76.98704925905321,128.0,0,0.000204079184842,0.000267081366017,0.000212938284323,-0.29590211513856035,0,0,0,0,0,0,0,0,0,1,1,0,0,0,0,0,0,1,0,0,0,0,0,1,0,0,0,0,0,0,0,0,0,0,0,0,0,0,1,0,0,0,0,0,0,1,1,1,0,0,0,1,1,0,0,0,0,0
21623,67.57142857142857,7,1470096000,75.2900587691936,77.0,0,0.000113757076773,7.4333642534e-05,0.000108213520672,0.3643312501987573,0,0,0,0,0,1,0,0,0,0,0,0,0,0,0,0,0,0,1,1,0,0,0,1,0,0,0,0,0,0,0,0,0,0,0,0,0,1,0,0,1,0,0,0,0,1,1,0,1,0,0,0,0,0,1,0,0,0
8339,65.49056603773585,7,1444694400,72.53086194041539,125.0,0,5.080117146e-05,9.2181561981e-05,5.6619906452e-05,-0.7308659547494517,1,0,0,0,0,0,0,0,0,0,0,0,0,0,0,0,0,1,0,0,0,0,0,1,1,0,0,0,0,0,0,1,0,0,0,0,0,0,0,0,0,0,0,0,0,1,0,0,0,0,0,0,1,0,0,0,0,0
117717,77.44444444444444,9,1572912000,76.01661022146169,71.0,0,0.000642066795758,0.000383436071645,0.000605699240366,0.4271245944911698,0,0,0,0,0,0,0,0,0,1,0,1,0,0,0,0,0,0,0,0,0,0,0,0,0,0,0,0,0,0,0,0,1,0,0,1,0,0,0,0,0,0,0,0,0,1,0,0,0,0,0,0,0,1,0,0,0,0
252167,62.6,5,1692316800,49.92783545818768,12.0,0,3.1947293865e-05,0.000226629350786,5.9322658927e-05,-3.2818460081520286,0,0,0,0,0,0,0,0,0,1,1,1,0,0,0,0,0,0,0,0,0,0,0,0,0,0,0,0,0,0,0,0,0,0,0,0,0,0,0,0,0,0,0,0,0,1,1,1,0,0,0,0,0,0,0,0,0,0
314475,83.5,2,1758758400,79.99004232013941,5.0,0,8.5652764767e-05,2.7164141137e-05,7.7428342603e-05,0.7554196044112226,0,0,0,0,0,0,1,0,1,0,0,0,0,0,0,0,0,0,0,0,0,0,0,1,0,0,0,0,0,0,0,0,0,0,0,0,0,0,0,0,0,0,0,0,0,1,0,0,0,0,0,0,1,0,0,0,0,0
2937,36.33333333333334,3,1379635200,20.25003290534457,10.0,0,1.8893992228e-05,0.000163720338008,3.9258858663e-05,-3.6890830134197206,0,0,1,0,0,0,0,0,0,1,0,1,0,1,0,0,0,0,0,0,0,0,0,1,0,0,0,0,0,0,0,0,0,0,1,0,0,0,0,0,0,0,0,0,0,1,1,1,0,0,0,1,0,0,0,0,0,0
3082,72.25,4,1329177600,71.73086595306278,179.0,8,3.7210333738e-05,7.276459467e-05,4.22098231e-05,-0.842339737174911,0,0,0,0,0,0,0,0,0,0,0,0,0,0,0,0,0,1,1,0,0,0,0,0,1,0,0,0,0,0,0,0,0,1,0,0,0,0,0,0,0,0,0,1,0,1,0,0,0,0,0,1,0,0,0,0,0,0
87683,83.53846153846153,13,1542067200,83.2474895147233,232.0,3,0.000154569704571,6.0800604711e-05,0.000141384291488,0.6632683691783675,0,0,0,0,1,0,0,0,0,0,0,0,0,0,0,0,0,1,0,0,0,0,0,1,1,0,0,0,0,0,0,0,0,0,0,0,0,0,0,0,0,0,0,0,0,1,0,0,0,0,0,0,1,0,0,0,0,0
228542,86.57142857142857,7,1692835200,80.2322805740554,104.0,0,0.000565014608345,0.000324449678527,0.000531187388317,0.45300175038758905,0,0,1,0,0,0,0,0,0,0,0,0,0,0,0,0,0,0,0,0,0,0,0,1,0,1,0,0,0,0,0,0,0,0,0,0,0,0,0,0,0,0,0,0,0,1,1,1,0,0,0,0,1,0,0,0,0,0
389,81.36363636363636,9,1261008000,72.80438715170976,411.0,0,0.000107940454962,0.000219470569909,0.000123623346649,-0.9022325611737638,0,0,0,0,0,0,0,0,1,0,0,0,0,0,0,0,0,1,0,0,0,0,0,1,1,0,0,0,0,0,0,0,0,0,0,0,0,0,0,0,0,0,0,0,0,1,0,0,0,0,0,0,1,1,0,0,0,0
146851,81.0,7,1632441600,87.89965885159937,44.0,0,5.8069942992e-05,2.0986015174e-05,5.2855358361e-05,0.7016300523066269,0,0,0,0,0,0,0,0,1,0,0,0,0,0,1,0,0,1,0,0,0,0,0,1,0,0,0,0,0,0,0,0,0,1,0,0,0,0,1,0,0,0,0,1,0,1,0,0,0,0,0,0,1,0,0,0,0,0
99071,84.33333333333333,6,1552348800,88.32136325062476,42.0,0,3.7170219105e-05,7.256846369e-06,3.2963927514e-05,0.9074727443115508,1,0,0,0,0,1,0,0,1,1,0,0,0,0,0,0,0,1,1,0,0,0,0,0,1,1,0,0,0,0,0,1,0,0,0,0,0,0,0,0,0,0,0,1,0,1,0,0,0,0,0,1,0,0,0,1,0,0
122666,83.33333333333333,3,1650499200,79.7011821231361,51.0,0,0.000839623341245,0.000235798474238,0.000754716049687,0.8003708106726012,0,0,0,0,0,1,0,0,0,1,0,1,0,0,0,0,0,0,1,0,0,0,0,1,0,0,0,0,0,0,0,0,0,0,0,1,0,0,0,0,0,0,0,0,0,1,1,1,0,0,0,1,1,0,0,0,0,0
11198,88.70588235294117,17,1436140800,81.51519773594995,1188.0,0,0.004087239860114,0.003617390816579,0.004021171680568,0.11707858328933532,0,0,0,0,0,0,1,0,0,0,1,0,0,0,0,0,0,0,1,0,0,0,0,1,0,1,0,0,0,0,0,0,0,0,0,0,0,0,0,0,0,0,0,0,0,1,1,1,1,0,0,0,1,0,0,0,0,0
8360,90.0,2,1377993600,70.54797772092112,64.0,0,0.000128005794479,1.6475002567e-05,0.000112322807599,0.993004518893279,0,1,0,0,0,0,0,0,0,0,0,0,0,0,1,0,0,0,1,1,0,0,0,1,0,0,0,0,0,0,0,0,0,0,0,0,0,0,0,0,0,0,0,0,0,1,0,0,0,0,0,0,0,0,1,0,0,0
239392,83.83333333333333,6,1695081600,75.42153811392518,95.0,0,0.000207625318415,0.000551422258533,0.000255968585853,-1.3432935049571544,0,1,0,0,0,0,0,0,0,0,0,0,0,0,0,0,0,1,0,0,0,0,0,1,1,0,0,0,0,0,0,0,0,0,0,0,0,0,0,0,0,0,0,0,0,1,1,0,0,0,0,0,0,0,1,0,0,0
150462,90.0,1,1660089600,80.11554897053858,27.0,0,5.5550744028e-05,6.129093217e-06,4.8601281123e-05,1.0169043004023937,1,0,0,0,0,1,0,0,0,0,0,0,0,0,0,0,0,1,1,0,0,0,0,0,1,0,0,0,0,0,0,0,0,0,0,0,0,0,0,0,0,0,0,1,0,1,0,0,0,0,0,0,0,0,1,0,0,0
103497,70.0,1,1543536000,71.15450006990136,9.0,0,3.7828099089e-05,4.7267566888e-05,3.9155437012e-05,-0.2410815284259106,0,0,0,0,0,0,1,0,0,1,1,0,0,0,0,0,0,0,0,0,0,0,0,0,0,0,0,0,0,0,0,0,0,0,0,0,0,0,0,0,0,0,0,0,0,1,1,0,0,0,0,0,0,0,0,0,0,0
26175,77.2,5,1475107200,73.40923555161076,13.0,0,4.3484262368e-05,1.5641445889e-05,3.9569123615e-05,0.7036639882197393,0,0,0,0,1,0,0,0,1,0,0,0,0,0,0,0,0,1,1,0,0,0,0,1,0,0,0,0,0,0,0,0,0,0,0,0,0,1,0,0,0,0,0,0,0,1,1,1,0,0,0,0,0,0,1,0,0,0
8222,86.77777777777777,9,1427932800,83.55781875042575,431.0,10,0.00078666400252,0.000914852969918,0.000804689391377,-0.15936650589525247,0,0,0,0,0,0,0,0,1,0,0,0,0,0,0,0,0,1,0,0,0,0,0,1,1,0,0,0,0,0,0,0,0,0,0,0,0,0,0,0,0,0,0,0,0,1,1,1,0,0,0,0,1,0,0,0,0,0
1904,85.0,2,1376352000,86.72593714711192,249.0,0,0.000934125394091,0.000882785554208,0.000926906203575,0.05541405335178024,0,0,0,0,0,0,0,1,0,1,0,1,0,0,0,0,0,0,0,0,0,0,0,0,1,0,0,0,0,1,0,0,0,0,0,0,0,0,0,1,0,0,0,0,0,1,1,1,0,0,0,0,0,1,0,0,0,0
103054,88.35714285714286,14,1538697600,81.19274302441465,942.0,0,0.001228237861643,0.000936623509025,0.001187232288317,0.24577113362246825,0,0,0,0,0,0,0,0,1,0,0,0,0,0,0,0,0,1,0,0,0,0,0,1,0,0,0,0,0,1,1,0,0,0,0,0,0,0,1,0,0,0,0,0,0,1,0,0,0,0,0,0,1,0,0,0,0,0
114152,75.0,1,1574812800,45.24475489519092,29.0,0,5.2726673852e-05,6.3448372981e-05,5.4234313706e-05,-0.1976975301373246,0,0,0,0,0,0,0,1,1,1,0,1,1,1,0,0,0,0,0,0,0,0,0,0,0,1,0,0,0,0,0,0,0,0,0,0,0,0,0,1,0,0,0,0,0,1,0,0,0,0,0,0,0,1,0,0,0,0
75992,0.0,0,1436140800,64.03056601699124,9.0,0,4.4639563803e-05,3.3195168862e-05,4.303030153e-05,0.26596702231188685,0,0,0,1,0,0,0,0,0,1,0,0,0,0,0,0,0,0,1,1,0,0,0,0,0,0,0,0,0,0,0,0,0,0,0,0,0,0,0,0,0,0,0,0,0,1,0,0,0,0,0,0,0,1,0,0,0,0
535,80.2,10,1401753600,73.29468664042241,27.0,0,3.0663625603e-05,6.2663849049e-05,3.5163361289e-05,-0.9100604972717057,0,0,1,0,0,0,0,0,1,0,0,0,0,0,0,0,0,0,0,0,0,0,0,0,0,1,0,0,0,0,0,0,0,0,0,0,0,0,0,0,0,0,0,0,0,0,0,0,0,1,0,0,1,0,0,0,0,0
11857,75.54545454545455,11,1424304000,59.63536864862382,13.0,10,2.8272793466e-05,4.9768236921e-05,3.1295391547e-05,-0.6868672588781187,0,0,0,0,0,0,0,0,1,0,0,0,0,0,1,0,0,0,0,0,0,0,0,1,1,1,0,0,0,0,0,0,0,0,0,0,0,0,0,0,0,0,0,0,0,1,1,1,0,0,0,0,1,0,0,0,0,0
14390,77.88235294117646,17,1493078400,70.23326069600665,235.0,0,0.00040656983021,0.000236533965424,0.000382660108144,0.4444372226507513,0,0,0,0,0,0,0,0,0,0,0,0,0,0,0,0,0,1,1,0,0,0,0,1,0,0,1,0,1,0,0,0,0,0,0,0,0,0,0,0,0,0,0,1,0,1,0,0,0,0,0,1,0,0,0,0,0,0
168537,90.0,2,1636416000,83.43081586212223,39.0,0,0.000159343345919,7.840336043e-05,0.000147961908482,0.5470730554178718,0,0,0,0,0,0,0,0,0,1,1,1,0,0,0,0,0,0,0,0,0,0,0,0,0,0,0,0,0,0,0,0,1,0,1,1,0,0,0,0,0,0,0,0,0,1,1,0,0,0,0,0,1,0,0,1,0,0
145522,65.0,1,1534377600,,,0,3.1112909495e-05,9.5319657708e-05,4.0141390083e-05,-1.5995469201659243,0,0,0,0,0,0,0,0,1,0,0,0,0,0,0,0,0,0,0,0,0,0,0,1,1,0,0,0,0,0,0,0,0,0,0,0,0,0,0,0,0,0,0,0,0,1,1,1,0,1,0,0,1,0,0,0,0,0
122105,61.5,2,1634256000,59.93762820591805,6.0,0,0.000106672832553,0.000248007627926,0.00012654673198,-1.116929182611947,0,0,0,0,0,0,0,0,1,0,0,0,0,0,0,0,0,1,0,0,0,0,0,1,1,0,0,0,0,0,0,0,0,0,0,0,0,0,0,0,0,0,0,0,0,1,0,0,0,0,0,0,1,0,0,0,0,0
236664,83.0,1,1747785600,75.98875998685727,11.0,0,5.6312922059e-05,2.8193828797e-05,5.2358934437e-05,0.5370588553953709,0,0,0,0,0,0,0,0,1,1,0,0,0,0,0,0,0,1,0,0,0,0,0,1,1,0,0,0,0,0,0,0,0,0,0,0,0,0,0,0,0,0,0,0,0,1,1,1,0,0,0,0,1,0,0,0,0,0
172771,30.0,2,1632960000,65.13041324454802,19.0,0,0.000353546308072,0.002366614505632,0.000636615419193,-3.163148180221008,0,0,0,0,0,0,0,0,0,1,1,0,0,0,0,0,0,0,0,0,0,0,0,0,0,0,0,0,0,0,0,0,0,0,1,0,0,0,0,0,0,0,0,0,0,1,1,1,0,0,0,0,0,1,0,0,0,0
133309,77.5,2,1602547200,67.66862599490031,7.0,0,3.047909829e-05,0.000123366388269,4.3540515008e-05,-2.1333994815513866,0,0,1,0,0,0,0,0,0,0,0,0,0,0,0,0,0,0,0,0,0,0,0,1,0,0,0,0,0,0,0,0,0,0,0,0,0,0,0,0,0,0,0,0,0,0,1,1,0,0,0,1,0,0,0,0,0,0
54486,90.0,1,1517529600,67.41427177543514,68.0,0,6.3990862849e-05,9.5564821437e-05,6.8430658979e-05,-0.46141655451199803,0,0,0,0,0,1,0,0,0,0,0,0,0,0,0,0,0,1,1,0,0,0,0,0,0,0,0,1,0,0,0,0,0,0,0,0,0,0,0,0,0,0,0,1,0,1,1,1,0,0,0,1,0,0,0,0,0,0
4969,77.44444444444444,9,1352764800,74.9046429020588,200.0,0,0.000102869965328,6.8155516571e-05,9.7988566792e-05,0.3542877569834948,0,0,0,0,0,0,0,0,0,0,0,0,0,0,0,0,0,1,0,0,0,0,0,1,0,0,0,0,0,0,0,1,0,0,0,0,0,0,1,0,0,0,0,0,0,1,1,1,0,0,0,0,1,0,0,0,0,0
74545,92.33333333333333,3,1512604800,86.37750075021722,35.0,0,4.6918074968e-05,7.502010097e-06,4.1375555117e-05,0.9526610624243689,0,0,0,0,0,1,0,0,0,1,0,0,0,0,0,0,0,0,1,0,0,0,0,0,1,1,0,0,0,0,0,0,0,0,0,1,0,0,0,0,0,0,0,0,0,1,0,0,0,0,0,0,0,1,0,0,0,0
26128,81.25,4,1543881600,72.36371219804634,122.0,0,0.00115113753667,0.00287037693531,0.001392889688419,-1.2351563017437086,0,0,0,0,0,0,0,0,1,0,0,0,0,0,1,0,0,1,0,0,0,0,0,1,1,0,0,0,0,0,0,0,0,0,0,0,0,0,0,0,0,0,0,0,0,1,1,1,0,1,0,0,0,1,0,0,0,0
26673,82.5,2,1608854400,90.30150337309291,179.0,0,0.000625972804926,0.000108558499057,0.000553216199948,0.9355427655827891,0,0,0,0,0,0,0,0,1,0,0,0,0,0,0,0,0,1,1,0,0,0,0,0,1,0,1,0,0,0,0,0,0,0,0,0,0,0,0,0,0,0,0,0,0,1,0,0,0,0,0,0,0,1,0,0,0,0
24611,65.0,1,1515715200,29.92381919756223,6.0,0,2.3787977476e-05,0.000212115658048,5.026981709e-05,-3.746431259023488,0,0,0,0,0,0,0,0,1,1,0,0,0,0,0,0,0,1,0,0,0,0,0,1,0,0,0,0,1,1,0,0,0,0,0,1,0,0,1,0,0,0,0,0,0,0,1,0,0,1,0,1,1,0,0,0,0,0
223172,65.0,1,1673481600,,,0,2.9299728075e-05,4.7267566888e-05,3.1826289355e-05,-0.5645686349382449,0,0,0,0,0,0,0,0,1,1,0,1,0,0,0,0,0,1,0,0,0,0,0,1,1,0,0,0,0,0,0,0,0,0,0,0,0,0,0,0,0,0,0,0,0,1,0,0,0,0,0,0,0,1,0,1,0,0
103298,86.07142857142857,14,1584576000,84.91359224213922,718.0,0,0.001506761782741,0.000893327594541,0.001420503269196,0.4321495001592385,0,0,1,0,0,0,0,0,0,0,0,0,0,0,0,0,0,0,0,0,0,0,0,1,1,1,1,0,0,0,0,0,0,0,0,0,0,0,0,1,0,0,0,0,0,1,1,0,0,0,0,1,0,0,0,0,0,0
186597,90.0,1,1642723200,86.18018664535933,50.0,0,0.000100013803445,3.3636463574e-05,9.0680103465e-05,0.7320277198753112,0,0,0,0,0,1,0,0,1,1,0,0,0,0,0,0,0,1,0,0,0,0,0,0,0,0,0,0,0,0,0,0,0,0,0,0,0,0,0,0,0,0,0,1,0,1,0,0,0,0,0,0,0,0,1,0,0,0
27475,85.0,4,1495497600,42.27582947820306,6.0,0,3.7210333738e-05,7.8109163955e-05,4.2961353763e-05,-0.9520116375031642,0,0,0,0,0,0,0,1,0,1,0,1,0,1,0,0,0,0,0,0,0,0,0,1,0,0,0,0,0,0,0,0,0,0,0,0,0,0,0,0,0,0,0,0,0,1,1,1,0,0,0,0,0,1,0,0,0,0
14177,90.14285714285714,7,1445904000,84.90862979902425,139.0,10,0.000209149674476,0.000146951138967,0.00020040358024,0.3103974870656516,0,0,0,0,0,0,0,0,1,0,0,1,1,1,0,0,0,1,1,0,0,0,0,0,1,0,0,0,0,0,0,0,0,0,0,0,0,0,0,0,0,0,0,0,0,1,1,1,1,0,0,0,1,1,0,0,0,0
198499,80.0,2,1693872000,86.4112505134402,95.0,0,0.000177106105491,1.8534377888e-05,0.000154808421768,1.0243887224910593,0,0,0,0,0,1,0,0,0,0,0,0,0,0,0,0,0,1,1,0,0,0,0,0,1,0,0,0,0,0,1,0,0,0,0,0,0,0,0,0,0,0,0,1,0,1,0,0,0,0,0,0,0,1,0,0,0,0
28544,78.5,2,1494374400,79.91882426272151,24.0,0,4.5161054034e-05,1.0738171316e-05,4.0320654278e-05,0.8537454886662285,0,0,0,0,0,0,0,0,1,0,0,0,0,0,0,0,0,1,1,0,0,0,0,0,1,0,0,0,0,0,0,0,0,0,0,0,0,0,0,0,0,0,0,0,0,1,0,0,0,0,0,0,0,1,0,0,0,0
9789,74.5,2,1539734400,84.06090629709061,292.0,0,0.001654455839184,0.000210889839405,0.001451467711461,0.9952776626292285,0,0,0,0,0,0,0,1,0,1,0,1,0,0,0,0,0,0,1,0,0,0,0,0,0,1,0,0,1,0,0,0,0,0,0,0,0,0,0,0,0,0,0,0,0,1,0,0,0,0,0,0,0,1,0,0,0,0
113,83.33333333333333,9,1289865600,82.77953482887457,1713.0,0,0.000164341629213,0.000130034841688,0.00015951755427,0.21508306014776726,0,0,0,0,0,1,0,0,0,0,0,0,0,0,0,0,0,1,0,0,0,0,0,1,1,1,0,0,0,1,1,0,0,0,0,1,0,0,1,0,0,0,0,0,0,1,1,0,0,0,0,0,1,0,0,0,0,0
124042,81.0,1,1767571200,60.01133806933937,8.0,0,4.2176525326e-05,6.3889667692e-05,4.5229735305e-05,-0.48007429748851593,0,0,0,0,0,0,0,0,0,1,0,1,0,1,0,0,0,0,1,0,0,0,0,0,0,1,0,0,0,0,0,0,0,0,0,0,0,0,0,1,0,0,0,0,0,1,0,0,0,0,0,0,0,1,0,0,0,0
122108,50.0,1,1585872000,49.92930313653353,27.0,0,2.5416631583e-05,0.000252616706025,5.7364542338e-05,-3.960749650108066,0,0,1,0,0,0,0,0,0,0,0,0,0,0,0,0,0,0,0,0,0,0,0,1,0,0,1,0,1,0,0,0,0,0,0,0,0,0,0,0,0,0,0,0,0,1,1,0,0,0,0,0,1,0,0,0,0,0
7351,86.96875,28,1463011200,85.14443105404959,1861.0,0,0.001588547496869,0.000454925814927,0.001429142424431,0.7937848063001285,0,0,1,0,0,0,0,0,0,0,0,0,0,0,0,0,0,0,0,0,0,0,0,1,0,1,1,0,0,0,0,0,0,0,0,0,0,0,0,0,0,0,0,0,0,1,1,1,0,0,0,1,0,0,0,0,0,0
2261,78.0,1,1004400000,85.86612771615552,429.0,0,0.000117367393759,6.0457375491e-05,0.000109364948385,0.5203964435801872,0,0,0,0,0,0,0,0,1,0,0,0,0,0,0,0,0,1,0,0,0,0,0,1,1,0,0,0,0,1,1,0,0,0,0,0,0,0,1,0,0,0,0,0,0,1,0,0,0,0,0,0,1,0,0,0,0,0
135789,80.0,1,1593475200,63.46767133377425,70.0,0,0.000161268848312,4.5453355296e-05,0.000144983364938,0.7988770885723198,0,0,0,0,0,0,0,0,0,1,0,0,0,0,0,0,0,0,1,0,0,0,0,0,0,0,0,0,0,0,0,0,0,0,0,1,0,0,0,0,0,0,0,0,0,1,0,0,0,0,0,0,0,1,0,0,0,0
2126,71.3076923076923,13,1425945600,78.48483327290111,447.0,0,0.000503366440074,0.000190884479145,0.000459426552181,0.6803127403174571,0,0,1,0,0,0,0,0,0,0,0,0,0,0,0,0,0,0,1,1,0,0,0,1,0,0,0,0,0,0,0,0,0,0,0,0,0,0,0,0,0,0,0,0,0,1,0,0,0,0,0,0,0,1,0,0,0,0
24881,75.0,2,1470700800,75.85188607574032,87.0,0,8.0991444391e-05,8.0707899479e-05,8.0951573508e-05,0.0035027903258796392,0,0,0,0,0,0,0,0,0,1,0,1,0,0,0,0,0,1,1,1,0,0,0,1,1,0,0,0,1,0,0,0,0,0,0,0,0,0,0,0,0,0,0,0,0,1,0,0,0,0,0,0,0,0,1,0,0,0
442,83.33333333333333,3,1266883200,77.64563749946834,97.0,0,0.000185963416498,0.000107185582176,0.000174886011587,0.4504918488158329,0,0,0,0,0,0,0,1,0,0,0,1,1,1,0,0,0,0,0,0,0,0,0,0,1,0,0,0,0,1,0,0,0,0,0,0,0,0,0,0,0,0,0,0,0,1,1,0,0,0,0,0,0,1,0,0,0,0
2682,85.0,2,1194307200,82.41282505960572,403.0,0,0.00018452731263,3.8588770893e-05,0.000164006053917,0.8899092766779241,0,0,0,0,1,0,0,0,0,0,0,0,0,0,0,0,0,1,0,0,0,0,0,1,0,1,0,0,0,0,0,1,0,0,0,0,0,1,0,0,0,0,0,0,0,1,1,1,0,0,0,0,1,0,0,0,0,0
107300,86.25,8,1540252800,84.57526601334378,174.0,4,0.000118594901534,9.1004776084e-05,0.000114715295122,0.24052335737002947,0,0,0,0,0,1,0,0,1,0,0,1,1,0,0,0,0,1,0,0,0,1,0,0,1,0,0,0,0,0,0,0,0,0,0,0,0,0,0,0,0,0,0,0,0,1,0,0,0,0,0,0,0,1,0,0,0,0
19082,77.5,6,1476748800,81.84691010647583,78.0,0,4.8779393947e-05,1.000268013e-05,4.3326776929e-05,0.8950020424896612,0,0,0,0,0,1,0,0,0,0,0,1,0,0,0,1,0,0,1,0,0,0,0,0,0,0,0,0,0,0,0,1,0,0,0,0,0,1,0,0,1,0,0,0,0,1,1,1,0,0,0,0,0,0,0,1,0,0
1983,90.25,8,1311120000,82.48211737087476,742.0,0,0.000286105586769,8.4875682867e-05,0.000257809491238,0.7806378318762162,0,0,0,0,0,0,0,0,1,0,0,0,0,0,0,0,0,1,1,0,0,0,0,1,1,0,0,0,0,0,0,0,0,0,0,0,0,0,0,0,0,0,0,0,0,1,0,0,0,0,0,0,0,1,0,0,0,0
146609,85.0,1,1689638400,77.31884284041169,13.0,0,4.6645295462e-05,1.8387279651e-05,4.2671773141e-05,0.6622321182472906,0,0,0,0,0,0,0,0,1,0,0,0,0,0,1,0,0,1,0,0,0,0,0,1,0,0,0,0,0,0,0,0,0,0,0,0,0,0,0,0,0,0,0,0,0,1,1,1,0,0,0,0,0,1,0,0,0,0
2667,80.0,2,1099612800,74.87733061039654,191.0,0,4.0323229273e-05,2.1819571852e-05,3.7721323453e-05,0.4905449946125275,0,0,0,0,0,0,1,0,0,1,0,0,0,0,0,0,0,0,0,0,0,0,0,1,0,0,0,0,0,0,0,0,0,0,0,0,0,0,0,0,0,0,0,0,0,1,1,0,1,0,0,0,1,0,0,0,0,0
76723,79.83333333333333,12,1538438400,77.32238244682033,65.0,0,3.2942136768e-05,2.3584750698e-05,3.162634083e-05,0.29587785983398635,0,0,1,0,1,0,0,0,0,0,0,0,0,0,0,0,0,0,0,0,0,0,0,1,0,1,0,0,0,0,0,0,0,0,0,0,0,0,0,0,0,0,0,0,0,1,0,0,0,0,0,0,0,0,1,0,0,0
26951,85.14285714285714,14,1525737600,82.00999510557908,101.0,0,0.000133710095317,0.000111059169089,0.000130525018149,0.17354837236079643,0,0,0,0,0,0,0,0,1,0,0,0,0,0,0,0,0,1,0,0,0,0,0,1,1,0,0,0,0,0,0,0,0,0,0,0,0,0,0,0,0,0,0,0,0,1,0,0,0,0,0,0,0,1,0,0,0,0
165346,61.25,4,1661212800,56.18346389538397,66.0,0,3.1153024128e-05,0.00014150850419,4.667074364e-05,-2.364608888158893,0,0,1,0,0,0,0,0,0,0,0,0,0,0,0,0,0,1,0,0,0,0,0,1,0,0,0,0,0,0,0,0,0,0,0,0,0,0,1,0,0,0,0,0,0,1,1,1,0,0,0,0,1,0,0,0,0,0
95068,65.66666666666667,3,1526947200,57.71039657955587,5.0,10,5.8029828359e-05,0.000135183279991,6.8878819466e-05,-1.1201717642520974,0,0,1,0,0,0,0,0,0,0,0,0,0,0,0,0,0,1,0,0,0,0,0,1,0,1,0,0,0,0,0,0,0,0,0,0,0,0,0,0,0,0,0,0,0,1,1,1,0,0,0,1,0,0,0,0,0,0
249084,80.0,1,1706054400,75.57310959893,27.0,0,6.4231550648e-05,1.7406624736e-05,5.7647228184e-05,0.8122901488544423,0,1,0,0,1,0,0,0,0,0,0,0,0,0,0,0,0,1,1,1,0,0,0,1,0,0,0,0,0,0,0,0,0,0,0,0,0,0,0,0,0,0,0,0,0,1,0,0,0,0,0,0,0,0,1,0,0,0
2903,73.45454545454545,11,1364169600,74.78072583963569,489.0,0,0.004375648026827,0.003977046006543,0.004319598301483,0.09247672451305017,0,0,1,0,0,0,0,0,1,0,0,0,0,0,0,0,0,1,0,0,0,0,0,1,0,1,0,0,0,0,0,0,0,0,0,0,0,0,0,0,0,0,0,0,0,1,1,1,0,0,0,0,1,0,0,0,0,0
19440,72.78947368421052,19,1502755200,65.88362194521933,38.0,0,2.2311758975e-05,9.6594509097e-05,3.2757084212e-05,-2.267722190343662,0,0,1,0,0,0,0,0,0,0,0,0,0,0,0,0,0,1,0,0,0,0,0,1,0,1,0,0,0,0,0,1,0,0,0,0,0,0,1,0,0,0,0,0,0,1,0,0,0,0,0,0,1,0,0,0,0,0
114283,94.0,10,1572480000,94.25784966062395,643.0,10,0.000799540799771,0.000170977184377,0.000711154850349,0.8841774637912968,0,0,0,0,0,0,0,0,1,0,0,0,0,0,0,0,0,1,0,0,0,0,0,0,1,0,0,0,0,0,0,1,0,1,0,0,0,0,0,0,0,0,0,1,0,1,0,0,0,0,0,0,1,0,0,0,0,0
2263,61.66666666666666,3,1160697600,76.55531604741317,217.0,0,7.4163933824e-05,0.000103949420958,7.8352242684e-05,-0.3801633875210501,0,0,0,0,0,0,0,0,1,0,0,0,0,0,0,0,0,1,0,0,0,0,0,1,1,0,0,0,0,0,0,0,0,0,0,1,0,0,1,0,0,0,0,0,0,1,0,0,0,0,0,1,1,0,0,0,0,0
125165,89.66666666666667,6,1686009600,76.93442543642132,353.0,0,0.000264507868265,0.00084988458182,0.000346821058736,-1.6881276480382292,0,0,0,0,0,0,0,0,1,0,0,0,0,0,1,0,0,0,0,0,0,0,0,1,1,0,1,0,0,0,0,0,0,0,0,0,0,0,0,0,0,0,0,0,0,1,1,1,0,0,0,0,0,1,0,0,0,0
91477,86.33333333333333,6,1617840000,83.08683974646058,75.0,0,0.000137480870836,1.7798886702e-05,0.000120651697881,0.9920225409854793,0,0,0,0,0,0,0,0,0,0,0,0,0,0,0,0,0,1,1,0,0,0,0,0,0,0,0,0,0,0,0,0,0,1,0,0,0,0,0,0,0,0,0,1,0,1,0,0,0,0,0,1,0,0,0,0,0,0
103329,83.4,15,1566864000,83.13697342039676,906.0,0,0.000353369803686,0.000313956670939,0.000347827696137,0.11333193784476416,0,0,1,0,0,0,0,0,0,0,0,0,0,0,0,0,0,1,0,0,0,0,0,1,1,1,1,1,0,0,0,0,0,0,0,0,0,0,0,0,0,0,0,0,0,1,0,0,0,0,0,0,1,0,0,0,0,0
36926,93.25,20,1516924800,83.92602552507051,559.0,0,0.003483867639521,0.002900335942954,0.003401813887513,0.17182705674958046,0,0,0,0,0,0,0,0,1,0,0,0,0,0,0,0,0,1,0,0,0,0,0,1,1,0,0,0,0,0,0,0,0,0,0,0,0,0,0,0,0,0,0,0,0,1,1,1,0,0,0,0,1,0,0,0,0,0
9176,64.75,8,1540771200,69.1101001001105,140.0,0,7.8817231273e-05,0.000125916091047,8.5440073155e-05,-0.5512737767079653,0,0,0,0,0,0,0,0,1,0,0,0,0,0,0,0,0,1,0,0,0,0,0,1,0,0,1,1,0,0,0,0,0,0,0,0,0,0,0,0,0,0,0,0,0,1,0,0,0,0,0,1,0,0,0,0,0,0
229919,80.0,5,1695945600,80.0254489750748,9.0,0,4.5915209138e-05,2.7556403103e-05,4.3333671706e-05,0.4236706257877981,0,0,0,0,0,0,0,0,1,0,0,0,0,0,0,0,0,0,0,0,0,0,0,1,0,0,0,0,0,0,0,0,0,0,0,0,0,0,0,0,0,0,0,0,0,1,0,0,0,0,0,0,1,0,0,0,0,0
256092,65.85714285714286,6,1695945600,60.75462672126734,136.0,0,0.000507698820457,0.002269872898297,0.00075548826468,-2.3333779323774797,0,0,0,0,0,0,0,0,0,1,1,0,0,0,0,0,0,0,0,0,0,0,0,0,0,0,0,0,0,0,0,0,0,0,1,0,0,0,0,0,0,0,0,0,0,1,1,1,0,0,0,0,1,1,0,0,0,0
8437,73.5,4,1430352000,71.46867638802907,11.0,0,9.5825835741e-05,0.000158718997943,0.000104669605437,-0.6009046597932977,0,0,1,0,0,0,0,0,0,0,0,1,0,0,0,0,0,0,0,0,0,0,0,1,0,0,0,0,0,0,0,0,0,0,0,1,0,0,0,0,0,0,0,0,0,1,1,0,0,1,0,1,0,0,0,0,0,0
18727,87.5,2,1478563200,89.43919960721175,23.0,0,7.1676826567e-05,8.7670549374e-05,7.3925796027e-05,-0.21635633072141414,0,0,0,0,0,0,0,1,0,1,0,0,0,1,0,0,0,0,0,0,0,0,0,0,0,0,0,0,0,0,0,0,1,0,1,0,0,0,0,0,0,0,0,0,0,1,0,0,0,0,0,0,0,1,0,0,0,0
26401,71.82352941176471,17,1510876800,70.3860384214096,542.0,0,0.000500165292346,0.000434724323684,0.000490963260913,0.13332368654584464,0,0,1,0,0,0,0,0,0,0,0,0,0,0,0,0,0,1,0,0,0,0,0,1,1,1,0,0,0,0,0,0,0,0,0,0,0,0,0,0,0,0,0,0,0,1,1,1,0,0,0,1,1,0,0,0,0,0
1062,83.0,7,1273795200,81.29087481358894,990.0,0,0.000356611066047,0.000231140363393,0.000338967908048,0.37021783993149887,0,0,1,0,0,0,0,0,0,0,0,0,0,0,0,0,0,1,0,0,0,0,0,1,0,0,1,1,1,0,0,0,0,0,0,0,0,0,0,0,0,0,0,0,0,1,0,0,0,0,0,0,1,0,0,0,0,0
6032,75.46666666666667,15,1413244800,71.90838037233019,398.0,0,0.000269385807659,0.000431586227957,0.000292193742757,-0.5551936690615737,0,0,1,0,0,0,0,0,1,0,0,0,0,0,0,0,0,0,0,0,0,0,0,1,0,1,0,0,0,0,0,1,0,0,0,0,0,0,1,0,0,0,0,0,0,1,1,1,0,0,0,1,0,0,0,0,0,0
9146,0.0,0,1348099200,89.41724544060801,35.0,10,5.5510629395e-05,1.3434972331e-05,4.9594128971e-05,0.8484209982347283,0,1,0,0,0,0,0,0,0,0,0,0,0,0,0,0,0,0,0,1,0,0,0,1,0,0,0,0,0,0,0,0,0,0,0,0,0,0,0,0,0,0,0,0,0,1,1,0,0,0,0,0,0,0,1,0,0,0
19474,85.0,2,1540252800,77.51343280349343,180.0,0,0.000192903248038,0.000260854207309,0.000202458223703,-0.3356635083090854,0,0,0,0,0,0,0,0,1,0,0,1,0,0,0,0,0,0,0,0,0,1,0,0,1,0,0,0,0,0,0,0,0,0,0,0,0,0,0,0,0,0,0,0,0,1,1,0,0,0,0,0,0,1,0,0,0,0
232699,82.5,2,1702512000,73.95743328144108,13.0,10,3.6793141553e-05,4.7610796108e-05,3.8314274251e-05,-0.28234547046616754,0,1,0,0,0,0,0,0,1,0,0,0,0,0,0,0,0,0,0,0,0,0,0,1,1,0,0,0,0,0,0,0,0,0,0,0,0,0,0,0,1,0,0,0,0,1,1,1,1,0,0,0,0,0,1,0,0,0
11737,84.71428571428571,7,1559001600,89.68868533881778,820.0,0,0.000648517228774,0.00017921468566,0.000582525895799,0.8058684149057193,0,0,0,0,0,1,0,0,0,1,0,0,0,0,0,0,0,1,1,0,0,0,0,1,0,1,0,0,0,0,0,0,0,0,0,0,0,0,1,0,0,0,0,1,0,1,0,0,0,0,0,1,0,0,0,0,0,0
1354,83.16666666666667,6,1234396800,74.54010962356479,227.0,0,2.9412049048e-05,4.4963027839e-05,3.1598761723e-05,-0.4921466423864131,0,0,0,0,0,1,0,0,0,1,0,0,0,0,0,0,0,1,0,0,0,0,0,0,1,0,0,0,0,0,0,0,0,0,0,0,0,0,0,0,0,0,0,0,0,1,0,0,0,0,0,0,1,0,0,0,0,0
102420,90.33333333333333,3,1565654400,71.30003778749555,64.0,0,7.9852188809e-05,5.6927017798e-05,7.6628548503e-05,0.29918417885958437,0,0,0,0,0,0,0,0,1,0,0,1,0,0,0,0,0,1,1,0,0,1,0,0,1,0,0,0,0,0,0,1,0,0,0,0,0,0,0,0,0,0,0,0,0,1,0,0,0,0,0,0,0,0,1,0,0,0
76954,65.0,1,1590624000,61.91730835891516,12.0,0,4.1863631187e-05,2.1672473615e-05,3.9024436254e-05,0.5174078982790883,0,0,1,0,0,0,0,0,0,1,0,1,0,0,0,0,0,1,1,0,0,0,0,1,1,0,0,0,0,0,0,0,0,0,0,0,0,0,0,0,0,0,0,0,0,1,0,0,0,0,0,0,0,1,0,0,0,0
17640,50.0,1,1401753600,59.91218220756828,9.0,0,4.3708904313e-05,7.3745249585e-05,4.793248778e-05,-0.6266535812305323,0,0,0,0,0,0,0,0,0,0,0,0,0,0,0,0,0,1,1,0,1,0,0,0,1,0,0,0,0,0,0,0,0,0,0,0,0,0,0,0,0,0,1,0,0,1,0,0,0,0,0,0,0,0,0,1,0,0
325591,85.25,4,1748563200,79.0673614638167,89.0,0,0.000392329135431,0.000822328178717,0.000452793776973,-0.9498725650819817,0,0,0,0,0,0,0,0,1,0,0,0,0,0,1,0,0,0,0,0,0,0,0,1,1,0,0,0,1,0,0,0,0,0,0,0,0,0,1,0,0,0,0,0,0,1,0,1,0,0,0,0,1,0,0,0,0,0
156150,76.66666666666667,3,1677110400,60.23102543375786,17.0,0,0.000151922138781,0.000701658591464,0.000229223746943,-2.398527482135865,0,0,0,0,0,0,0,1,0,0,0,1,1,1,0,0,0,0,0,0,0,0,0,1,0,0,0,0,0,1,0,0,0,0,0,0,0,0,0,1,0,0,0,0,0,1,1,1,0,0,0,0,0,1,0,0,0,0
32365,75.0,2,1559779200,75.29751234768219,48.0,0,0.000910176958082,0.001188063429152,0.000949252174935,-0.2928814383817149,0,0,1,0,0,0,0,0,0,1,0,1,0,0,0,0,0,0,1,0,0,0,0,1,0,0,0,0,0,0,0,0,0,0,0,0,0,0,0,0,0,0,0,0,0,0,1,0,0,0,0,1,0,0,0,0,0,0
9182,63.0,10,1533859200,61.42065802750846,89.0,0,8.2034424854e-05,0.000152099577269,9.1886689392e-05,-0.7625519197261845,0,0,1,0,0,0,0,0,0,0,0,0,0,0,0,0,0,1,1,0,0,0,0,1,1,0,1,0,1,1,1,0,0,0,0,0,0,0,1,0,0,0,0,0,0,1,0,0,0,0,0,1,0,0,0,0,0,0
55036,82.8,5,1555372800,86.64875568860062,133.0,0,0.000163410969724,0.000231581658105,0.000172996842765,-0.3940914977306179,0,0,0,0,0,0,0,1,0,1,0,1,0,0,0,0,0,0,0,0,0,0,0,0,0,0,0,0,0,1,0,0,1,0,0,0,0,0,0,0,0,0,0,0,0,1,1,1,0,0,0,0,0,1,0,0,0,0
260,83.11111111111111,8,1243900800,79.6967199438035,625.0,0,0.0002290064179,0.000214076967878,0.000226907101964,0.06580289302465084,0,0,0,0,0,0,0,0,1,1,0,1,0,0,0,0,0,0,0,0,0,0,0,0,1,0,0,0,0,0,0,1,0,0,0,1,0,0,0,0,0,0,0,0,1,1,0,0,0,0,0,0,0,1,0,0,0,0
27094,78.33333333333333,3,1488153600,78.73371494598385,87.0,0,3.594271133e-05,3.2459677676e-05,3.5452941911e-05,0.0982455956482806,0,0,0,0,0,1,0,0,0,0,0,0,0,0,0,0,0,1,1,0,0,0,0,0,0,1,1,0,0,0,0,0,0,0,0,0,0,0,0,0,0,0,0,0,0,1,0,0,0,0,0,0,0,0,0,1,0,0
19520,77.5,2,1526515200,75.3645498776267,132.0,0,0.000170174296878,5.4132151291e-05,0.000153856942581,0.7542790748092125,0,0,0,0,1,1,0,0,0,1,0,0,0,0,0,0,0,1,1,0,0,0,0,1,1,0,0,0,1,0,0,0,0,0,0,0,0,1,0,0,0,0,0,1,0,1,0,0,0,0,0,0,0,0,1,0,0,0
234256,78.0,5,1694649600,70.2484564224167,35.0,0,5.0504323174e-05,8.4924715613e-05,5.5344372758e-05,-0.6219484150311138,0,0,0,0,0,0,1,0,0,0,0,0,0,0,0,0,0,1,0,0,0,0,0,1,0,0,0,0,0,0,0,0,0,0,0,0,0,0,1,0,0,0,0,0,0,1,1,1,0,0,0,1,1,0,0,0,0,0
1342,66.33333333333333,15,1381190400,72.72433469890032,736.0,0,0.000198607548876,0.000160435144044,0.000193239907224,0.1975580172730962,0,0,0,0,0,0,0,0,0,0,0,0,0,0,0,0,0,1,0,0,0,0,0,1,0,1,0,1,0,0,0,0,0,1,0,0,0,0,0,0,0,0,0,0,0,1,1,1,0,0,0,0,1,0,0,0,0,0
305158,81.71428571428571,7,1730160000,78.96966216603863,38.0,0,4.1823516554e-05,0.000117384393289,5.2448566534e-05,-1.4407039742169219,0,0,0,0,0,0,0,0,0,0,0,0,0,0,0,0,0,1,0,0,0,0,0,1,0,0,0,0,0,0,0,0,0,0,0,0,0,0,0,0,0,0,0,0,0,1,0,0,0,0,0,0,1,0,0,0,0,0
1011,80.70588235294117,17,1347926400,83.6276084166584,1832.0,0,0.002189456678984,0.001094312819307,0.002035462194702,0.538579417868165,0,0,1,0,0,0,0,0,1,0,0,0,0,0,0,0,0,0,0,0,0,0,0,1,0,1,0,0,0,0,0,1,0,0,0,1,0,0,1,0,0,0,0,0,0,1,1,1,1,0,0,1,0,0,0,0,0,0
520,76.0,7,1234224000,76.6831086165915,302.0,0,5.8406905911e-05,6.2222554337e-05,5.8943446208e-05,-0.06473596513451363,0,0,1,0,0,0,0,0,0,0,0,0,0,0,0,0,0,0,0,0,0,0,0,1,0,0,1,0,0,0,0,0,0,0,0,0,0,0,0,0,0,0,0,0,0,1,1,0,0,0,0,1,0,0,0,0,0,0
111033,70.0,1,1558569600,60.80711050451959,19.0,0,0.000125462526735,0.000159895783841,0.000130304385294,-0.2642696973074808,0,0,0,0,0,0,0,0,0,0,0,1,0,0,0,0,0,1,1,0,0,0,0,1,0,0,0,0,1,0,0,0,0,0,0,0,0,0,0,0,0,0,0,0,0,1,1,1,0,0,0,0,0,1,0,0,0,0
106980,85.0,1,1647475200,71.68566806635374,16.0,0,3.8822941992e-05,5.6142493866e-05,4.1258343912e-05,-0.41979167163128683,0,0,0,0,0,0,0,0,1,0,0,0,0,0,1,0,0,1,1,0,0,0,0,1,1,0,0,0,0,0,0,0,0,0,0,0,0,0,0,0,0,0,0,0,0,1,0,0,0,0,0,0,0,0,1,0,0,0
86477,74.0,12,1569196800,74.82715717051883,45.0,0,5.2333550447e-05,9.8310655198e-05,5.8798655896e-05,-0.7819644128440462,0,0,0,0,0,0,0,0,1,0,0,0,0,0,0,0,0,1,0,0,0,0,0,1,0,1,0,0,0,0,0,0,0,0,0,0,0,0,0,0,0,0,0,0,0,1,0,0,0,0,0,0,1,0,0,0,0,0
8347,82.0,5,1501545600,76.23253378181973,189.0,0,0.000817102986177,0.000526072328988,0.000776179489626,0.37509827622135755,0,0,1,0,0,0,0,0,0,1,0,1,0,0,0,0,0,1,1,0,0,0,0,1,0,0,0,0,1,0,0,0,0,0,0,1,0,0,1,0,0,0,0,0,0,1,0,0,0,0,0,1,0,0,0,0,0,0
14720,45.0,1,1467676800,69.84992652648101,9.0,0,7.4966226487e-05,0.000108313335328,7.9655355484e-05,-0.41865906891811666,0,1,0,0,0,0,0,0,0,0,0,0,0,0,1,0,0,1,1,0,0,0,0,1,0,0,0,0,0,0,0,0,0,0,0,0,0,0,0,0,0,0,0,0,0,1,1,1,0,0,0,0,1,0,0,0,0,0
6879,59.88888888888889,9,1481673600,59.72280708927002,10.0,0,2.4879095498e-05,0.000127534171656,3.9314016876e-05,-2.6112084745821433,0,0,1,0,0,0,0,0,0,0,0,0,0,0,1,0,0,1,0,0,0,0,0,1,0,1,0,0,0,0,0,0,0,0,0,0,0,0,0,0,0,0,0,0,0,1,1,1,0,0,0,1,0,0,0,0,0,0
61884,80.0,1,1517788800,60.55554496281335,13.0,0,3.1441849487e-05,2.9468680187e-05,3.1164390789e-05,0.06331585492909302,0,0,0,0,1,0,0,0,1,0,0,1,0,0,1,0,0,1,1,0,0,0,0,1,1,0,0,0,0,0,0,0,0,0,0,0,0,0,0,0,0,0,0,0,0,1,0,0,0,0,0,0,0,0,1,0,0,0
1879,81.0,13,1305504000,82.3701167277953,1008.0,0,0.011023332716504,0.001740368277108,0.009718001632531,0.9598678843790924,0,0,0,0,1,0,0,0,1,1,0,1,0,0,0,0,0,1,1,0,0,0,0,1,1,1,1,0,1,0,0,0,0,0,0,1,0,0,1,0,0,0,0,0,0,1,1,1,0,0,0,0,0,0,1,0,0,0
152247,56.5,6,1682985600,45.95090982531003,36.0,0,1.3430379189e-05,0.000138419441209,3.1005810925e-05,-4.031212084919827,0,0,1,0,0,0,0,0,1,0,0,0,0,0,0,0,0,1,0,0,0,0,0,1,1,0,0,0,0,0,0,0,0,0,0,0,0,0,1,0,0,0,0,0,0,1,1,1,0,0,0,1,0,0,0,0,0,0
116805,57.0,4,1594252800,51.65562913907284,5.0,0,3.2885976281e-05,0.000129348383248,4.6450110785e-05,-2.0767366463537593,0,0,0,0,0,0,0,0,1,0,0,0,0,0,0,0,0,1,0,0,0,0,0,1,1,1,0,0,0,0,0,0,0,0,0,0,0,0,0,0,0,0,0,0,0,1,1,1,0,0,0,0,1,0,0,0,0,0
1877,75.23809523809524,21,1607558400,82.8023237629013,1507.0,0,0.005720916319311,0.006464967525122,0.005825541643834,-0.1280939016400213,0,0,1,0,0,0,0,0,1,0,0,0,0,0,0,0,0,1,0,0,0,0,0,1,0,1,0,0,0,0,0,0,0,0,0,1,0,0,1,0,0,0,0,0,0,1,0,0,0,0,0,1,1,0,0,0,0,0
1886,48.31818181818182,22,1463443200,62.53306745159684,90.0,0,7.9876257589e-05,0.000318565749038,0.000113439761429,-2.1042271830052393,0,0,1,0,0,0,0,0,0,0,0,0,0,0,0,0,0,1,0,0,0,0,0,1,0,0,0,0,0,0,0,0,0,0,0,0,0,0,1,1,0,0,0,0,0,1,1,1,0,0,0,1,0,0,0,0,0,0
198506,71.0,4,1701734400,79.6840157959522,39.0,0,0.000153326150942,8.2473078326e-05,0.000143363092408,0.4942565772144267,0,0,0,0,0,0,0,0,1,1,0,0,0,0,0,0,0,1,0,0,0,0,0,1,1,0,0,0,0,0,0,0,0,0,0,0,0,0,0,0,0,0,0,0,0,1,0,0,0,0,0,0,1,0,0,0,0,0
279661,86.66666666666667,6,1740700800,85.4675164681138,61.0,0,0.001021101941753,0.004468942511753,0.001505922658021,-2.291243837221392,0,0,0,0,0,0,0,0,1,0,0,0,0,0,1,0,0,1,0,0,0,0,0,1,1,0,0,0,0,0,0,0,0,0,0,0,0,0,1,0,0,0,0,0,0,1,1,1,0,0,0,0,1,0,0,0,0,0
252830,79.33333333333333,3,1731974400,70.68878047645669,15.0,0,5.0905469506e-05,0.000355487406577,9.3734489553e-05,-3.249563882160729,0,0,0,0,0,0,0,0,0,1,0,0,0,0,0,0,0,0,0,0,0,0,0,0,0,0,0,0,0,0,0,0,0,0,1,0,0,0,0,0,0,0,0,0,0,1,1,0,0,0,0,1,1,0,0,0,0,1
119133,96.9,10,1645747200,93.53878976411292,2110.0,0,0.00787482341037,0.003684173416269,0.007285551983655,0.5772928576384299,0,0,0,0,0,0,0,0,1,0,0,0,0,0,0,0,0,1,0,0,0,0,0,1,1,0,0,0,0,0,0,0,0,0,0,0,0,0,1,0,0,0,0,0,0,1,1,1,0,0,0,0,1,0,0,0,0,0
5587,82.4,5,1442448000,69.09089641503125,88.0,0,0.000905684119166,0.001650687385159,0.001010443318354,-0.7376758110868222,0,0,1,0,0,0,0,1,0,1,0,0,0,1,0,0,0,0,0,0,0,0,0,1,0,0,0,0,0,1,0,0,0,0,0,0,0,0,0,1,0,0,0,0,0,0,1,1,0,1,0,1,1,1,1,0,0,0
3070,87.5,2,1350604800,78.17845570503766,399.0,0,0.00677520108563,0.001124026663223,0.005980556908904,0.9477472249179159,0,0,0,0,0,0,1,0,0,1,0,0,0,0,0,0,0,0,0,0,0,0,0,0,0,0,0,0,0,0,0,0,1,0,1,0,0,0,1,0,0,0,0,0,0,1,1,1,0,0,0,1,1,1,1,0,0,1
11170,81.21052631578948,19,1454976000,79.97179164659387,275.0,0,3.6552453754e-05,2.3584750698e-05,3.4728990355e-05,0.37340354844052714,0,0,0,0,1,1,0,0,0,0,0,0,0,0,0,0,0,1,0,0,0,0,0,1,1,0,0,0,0,0,0,0,0,0,0,0,0,1,0,0,0,0,0,0,0,1,0,0,0,0,0,0,0,0,1,0,0,0
4845,63.5,10,1391731200,64.21492577282899,81.0,0,3.6672797653e-05,3.3979692794e-05,3.6294104671e-05,0.07420361392110889,0,0,0,0,0,1,0,0,0,0,0,0,0,0,0,0,0,1,0,0,0,0,0,1,0,0,0,0,0,0,0,1,0,0,0,0,0,1,0,0,0,0,0,0,0,1,1,1,0,0,0,0,1,0,0,0,0,0
3802,63.66666666666666,6,1335225600,69.42214595074657,108.0,0,4.0772513165e-05,6.2516750812e-05,4.383009563e-05,-0.49611377426800246,0,0,0,0,0,0,0,0,1,0,0,0,0,0,0,0,0,1,0,0,0,0,0,1,1,0,0,0,0,0,0,0,0,0,0,0,0,0,1,0,0,0,0,0,0,1,0,0,0,0,0,0,1,0,0,0,0,0
115843,92.5,2,1635811200,72.55061895438769,233.0,0,0.000263817896574,0.000118561179187,0.00024339251311,0.596872894784129,1,0,0,0,0,1,0,0,0,1,0,0,0,0,0,0,0,0,1,0,0,0,0,0,0,0,0,0,0,0,0,0,0,1,0,0,0,0,0,0,0,0,0,0,0,1,0,0,0,0,0,0,0,1,0,0,0,0
217590,88.16666666666667,6,1706227200,76.62167323582014,121.0,0,0.000264917037523,0.001375270452367,0.000421050224939,-2.637659571092653,0,1,0,0,0,0,0,0,0,0,0,0,0,0,0,0,0,0,0,0,0,0,0,1,0,0,0,0,0,0,0,0,0,0,0,0,0,0,0,0,0,0,0,0,0,1,1,0,1,0,0,0,0,0,1,0,0,0
18433,81.53846153846153,13,1470182400,82.0296565335862,345.0,0,0.000109962232474,7.2029103484e-05,0.000104628236776,0.3625705121535566,0,0,0,0,0,0,0,0,0,1,0,0,0,0,0,0,0,0,1,1,0,0,0,1,0,0,0,0,0,0,0,1,0,0,0,0,0,1,0,0,0,0,0,0,0,1,1,1,0,0,0,0,0,1,0,0,0,0
14362,77.61538461538461,13,1527206400,82.43540871430395,1227.0,0,0.001300091192596,0.000350682197495,0.001166589326807,0.8143077009719913,0,0,0,0,0,0,0,0,0,0,0,0,0,0,0,0,0,1,0,0,0,0,0,1,0,1,0,1,0,0,0,0,0,1,0,0,0,0,0,0,0,0,0,1,0,1,0,0,0,0,0,0,1,0,0,0,0,0
19455,87.84210526315789,19,1499731200,83.8083819585452,87.0,10,6.2161635576e-05,4.2168161332e-05,5.9350238034e-05,0.3368826850434042,0,0,0,0,0,0,0,0,1,0,0,0,0,0,0,0,0,1,0,0,0,0,0,1,1,0,0,0,0,0,0,0,0,0,0,1,0,0,0,0,0,0,0,0,0,1,0,0,0,0,0,0,1,0,0,0,0,0
117731,81.23076923076923,13,1582156800,79.45705901490118,77.0,0,0.000115401776733,9.4731264759e-05,0.000112495177017,0.18375609663274792,0,0,0,0,0,0,0,0,1,0,0,0,0,0,1,0,0,1,0,0,0,0,0,1,1,0,0,0,0,0,0,0,0,0,0,0,0,0,0,0,0,0,0,0,0,1,0,0,0,0,0,0,1,0,0,0,0,0
152127,86.0,1,1724716800,66.24025816764718,49.0,0,0.000409506221358,0.000193041919958,0.000379067929471,0.5711517892000884,0,0,0,0,0,0,0,0,1,0,0,0,0,0,0,0,0,1,1,0,0,0,0,1,0,0,0,0,1,0,0,0,0,0,0,1,0,1,1,0,0,0,0,1,0,1,1,1,0,0,0,0,0,1,0,0,0,0
212,80.33333333333333,6,1255392000,73.38915671684182,249.0,0,0.000141660815613,6.4429027895e-05,0.000130800809218,0.5904920547497005,0,0,0,1,0,0,0,1,0,1,0,1,0,0,0,0,0,1,0,0,0,0,0,1,1,0,0,0,0,0,0,1,0,0,0,0,0,0,1,0,0,0,0,0,0,1,1,0,0,0,0,0,1,0,0,0,0,0
55189,81.11111111111111,9,1520467200,76.15343151210448,150.0,0,0.000910513921001,0.000992128577196,0.000921990227771,-0.08856088916615355,0,0,1,0,0,0,0,0,1,0,0,0,0,0,0,0,0,1,1,0,0,0,0,1,0,0,0,0,0,0,0,0,0,0,0,0,0,0,0,0,0,0,0,0,0,1,1,1,0,0,0,1,0,0,0,0,0,0
89444,70.0,2,1559088000,73.40221534938149,28.0,0,0.000289106161331,0.000142587224597,0.000268503289936,0.5457609338681133,0,0,0,0,0,0,1,0,0,1,1,0,0,0,0,0,0,0,0,0,0,0,0,0,0,0,0,0,0,0,0,0,0,0,0,0,0,0,0,0,0,0,0,0,0,1,1,0,0,0,0,1,1,0,0,0,0,1
27744,61.5,4,1526515200,69.0298832375351,98.0,0,0.000718822134886,0.000272033673336,0.000655996636562,0.6813068337352095,0,0,0,0,0,0,0,0,0,1,0,0,0,0,0,0,0,0,1,0,0,0,0,0,0,0,0,0,0,0,0,0,1,0,1,0,0,0,0,0,0,0,0,0,0,1,0,0,0,0,0,1,0,0,0,0,0,0
141503,94.0909090909091,11,1636416000,84.50256309736203,324.0,0,0.001604184180883,0.001259111877722,0.001555661577303,0.2219895679904409,0,0,0,0,0,0,1,0,0,0,0,0,0,0,0,0,0,0,0,0,0,0,0,1,0,0,0,0,0,0,0,0,0,0,0,0,0,0,1,0,0,0,0,0,0,1,1,1,0,0,0,1,1,0,0,0,0,0
2584,78.75,3,1052179200,77.86985598776167,96.0,0,0.000215118731893,0.00046948854041,0.000250887135408,-1.01400861317774,0,0,0,0,0,0,0,0,1,1,0,1,0,0,0,0,0,0,0,0,0,0,0,1,0,1,0,0,0,0,0,0,0,0,0,1,0,0,1,0,0,0,0,0,0,0,1,1,0,1,0,1,1,1,0,0,0,0
10032,65.0,12,1566864000,70.67930594772521,65.0,0,6.4231550648e-05,0.000106891385702,7.0230195704e-05,-0.6074500094027062,0,0,0,0,0,0,0,0,1,0,0,0,0,0,0,0,0,1,1,0,0,0,0,1,0,0,0,0,1,0,0,0,0,0,0,0,0,0,1,0,0,0,0,0,0,1,0,0,0,0,0,0,1,0,0,0,0,0
303808,77.85714285714286,7,1737072000,76.87842643950302,11.0,0,0.000155396066014,6.5998075759e-05,0.000142825299823,0.6259701492748051,0,0,0,0,0,0,0,0,1,0,0,1,0,0,1,0,0,0,0,0,0,0,0,1,0,0,0,0,0,0,0,0,0,0,0,0,0,0,0,0,0,0,0,0,0,1,0,0,0,0,0,0,1,0,0,0,0,0
1887,87.9375,16,1416268800,82.46528911668831,1055.0,0,0.000118578855681,0.000236092670713,0.000135103149893,-0.8698668623908788,0,0,0,0,0,0,0,0,1,0,0,1,0,1,0,0,0,1,0,0,0,0,0,1,1,0,0,0,0,1,0,0,0,0,0,0,0,0,1,0,0,0,0,0,0,1,1,1,0,0,0,0,1,1,0,0,0,0
27384,75.0,1,1534291200,73.26478871906087,96.0,0,0.000302632815639,0.000290568051224,0.000300936319642,0.040096787590202326,0,0,0,0,0,0,0,0,0,1,0,1,0,0,0,0,0,1,1,0,0,0,0,1,1,0,0,0,0,0,0,0,1,0,0,1,0,0,0,0,0,0,0,1,0,1,0,0,0,0,0,0,0,1,0,0,0,0
14391,58.0,1,1462838400,46.52884087509599,17.0,0,0.000104667100894,0.000356222897763,0.000140039810027,-1.7964420997316342,0,0,0,0,0,0,0,0,1,0,0,0,0,0,0,0,0,1,0,0,0,0,0,0,0,0,0,0,0,0,0,0,0,0,0,0,0,0,1,0,0,0,0,0,0,0,1,0,0,1,0,0,0,1,0,0,0,0
107215,81.0,3,1588032000,74.72710793657902,71.0,0,0.000316809327005,0.000215400852013,0.000302549697395,0.33523026346929563,0,0,0,0,0,0,1,0,0,1,0,0,0,0,0,0,0,1,0,1,0,0,0,0,0,0,0,0,0,0,0,0,1,0,1,1,0,0,0,0,0,0,0,0,0,1,1,1,0,0,0,1,1,0,0,0,0,0
308698,75.33333333333333,3,1727395200,71.41491337857471,86.0,0,0.000298878085974,0.001840836373118,0.000515701719797,-2.990790585024187,0,0,0,0,0,0,0,0,0,1,1,0,0,0,0,0,0,0,0,0,0,0,0,0,0,0,0,0,0,0,0,0,0,0,1,0,0,0,0,0,0,0,0,0,0,1,1,1,0,0,0,0,1,1,0,0,0,0
158980,87.66666666666667,3,1627430400,78.50826349499198,65.0,9,5.1731830949e-05,1.7896952193e-05,4.6974113816e-05,0.720304667460837,0,0,0,0,0,0,0,0,1,0,0,0,0,0,0,0,0,1,0,0,0,0,0,0,1,0,0,0,0,0,0,0,0,0,0,0,0,0,0,0,0,0,0,0,0,1,0,0,0,0,0,0,0,1,1,0,0,0
100413,81.38461538461539,13,1603929600,66.61296330946696,145.0,0,4.6500882783e-05,0.000212507920014,6.9844088207e-05,-2.376906030709054,0,0,1,0,0,0,0,0,1,0,0,0,0,0,0,0,0,1,0,0,0,0,0,1,0,1,0,0,0,0,1,0,0,0,0,0,0,0,1,0,0,0,0,0,0,1,1,1,0,0,0,0,1,0,0,0,0,0
135913,81.25,8,1603843200,89.76731010479932,17.0,9,3.148196412e-05,2.7409304866e-05,3.0909284051e-05,0.13176371825522304,0,0,0,0,0,0,0,0,1,0,0,0,0,0,0,0,0,0,0,0,0,0,0,0,1,0,0,0,0,0,0,0,0,1,0,0,0,0,0,0,0,0,0,0,0,1,0,0,0,0,0,0,1,0,0,0,0,0
1082,63.91666666666666,12,1349136000,64.66687709849492,535.0,0,0.000344929684865,0.000575007009231,0.000377282182299,-0.6099432585780658,0,0,1,0,0,0,0,0,0,0,0,0,0,0,0,0,0,1,0,0,0,0,0,1,0,0,1,0,1,0,1,0,0,0,0,0,0,0,0,0,0,0,0,0,0,1,1,1,0,0,0,0,1,0,0,0,0,0
28175,64.5,2,1535587200,52.1233263679138,44.0,0,0.000378184715771,0.000435999175073,0.000386314339807,-0.1496854242826016,0,1,0,0,0,0,0,0,0,0,0,0,0,0,0,0,0,0,0,0,0,0,0,1,1,0,0,0,0,0,0,0,0,0,0,0,0,0,0,0,0,0,0,0,0,1,1,1,0,0,0,0,1,0,0,0,0,0
3218,80.6,9,1287446400,79.41328594503378,232.0,0,5.1555326563e-05,3.7510050487e-05,4.9580339417e-05,0.28329019976584663,0,0,1,0,0,0,0,0,0,0,0,0,0,0,0,0,0,1,0,0,0,0,0,1,0,1,0,0,0,0,0,0,0,0,0,0,0,0,0,0,0,0,0,0,0,1,0,0,0,0,0,0,1,0,0,0,0,0
96476,85.0,3,1526342400,74.46675482029879,82.0,10,4.1863631187e-05,1.9122770837e-05,3.8665907864e-05,0.5881486107906883,0,0,0,0,0,0,1,0,0,0,1,0,0,0,0,0,0,0,1,1,0,0,0,1,0,0,0,0,0,0,0,0,0,0,0,0,0,1,0,0,0,0,0,0,0,1,1,1,1,0,0,0,1,0,0,0,0,0
135915,88.75,8,1605139200,78.03821803994528,33.0,3,3.5758184017e-05,8.2571143817e-05,4.2340823858e-05,-1.1056457238444575,0,0,0,0,0,0,0,0,0,1,0,1,0,0,0,0,0,0,1,0,0,0,0,0,0,0,0,0,0,0,0,1,0,0,0,0,0,1,0,0,1,0,0,0,0,1,1,1,1,0,0,0,0,1,0,0,0,0
75694,72.5,2,1663804800,57.1235523064481,15.0,0,9.6403486459e-05,0.000116845033086,9.9277890039e-05,-0.2059125279454457,0,0,0,0,0,0,0,0,0,1,1,1,0,0,0,0,0,0,1,0,0,0,0,0,0,0,0,0,0,0,0,0,0,0,0,0,0,0,0,0,0,0,0,0,0,1,0,0,0,0,0,0,1,0,0,0,0,0
111469,81.75,4,1529020800,72.70482514918308,567.0,0,0.005164205440034,0.002799965912435,0.004831756106044,0.490493849740811,0,0,0,0,0,0,0,0,0,0,0,1,0,0,0,0,0,0,1,0,0,0,0,1,0,0,0,0,1,0,1,0,0,0,0,0,0,0,0,0,1,0,0,0,0,1,1,1,0,0,0,0,0,1,0,0,0,0
138590,76.5,4,1657756800,77.02681558328896,109.0,0,0.000407299916533,8.0560801242e-05,0.000361355248069,0.9043680641961219,0,0,0,0,0,0,0,0,0,1,0,0,0,0,0,0,0,0,1,0,0,0,0,0,0,0,0,0,0,0,0,0,1,0,0,1,0,0,0,0,0,0,0,0,0,1,1,1,0,0,0,1,0,0,0,0,0,0
142,75.6,5,1130716800,85.28728512319879,709.0,0,0.000404323410751,0.000141753667919,0.000367401967255,0.7147974088465731,0,0,1,0,0,0,0,0,0,0,0,0,0,0,0,0,0,0,0,0,0,0,0,1,0,1,0,0,0,0,0,0,0,0,0,0,0,0,0,0,0,0,0,0,0,1,1,1,1,0,0,1,1,0,0,0,0,0
65445,52.75,12,1553558400,64.13493265516783,44.0,0,0.000233090087558,0.000561473971408,0.000279266036401,-1.1760461070795067,0,0,1,0,0,0,0,0,0,0,0,0,0,0,0,0,0,1,0,0,0,0,0,1,0,0,0,0,0,0,0,0,0,0,0,0,0,0,1,0,0,0,0,0,0,1,1,1,0,0,0,1,0,0,0,0,0,0
302704,86.66666666666667,6,1747267200,83.82982049413671,132.0,0,0.000151561107082,0.000136311033143,0.000149416706371,0.10207167316800267,0,0,1,0,0,0,0,0,0,0,0,0,0,0,0,0,0,0,0,0,0,0,0,1,1,1,0,0,0,0,0,0,0,0,0,0,0,0,0,0,0,0,0,0,0,1,0,0,0,0,0,1,0,0,0,0,0,0
6880,83.4,10,1408924800,82.63900345113483,151.0,3,0.000814672039407,0.000462084595804,0.000765092688655,0.46101905387154746,0,0,1,0,0,0,0,0,1,0,0,0,0,0,0,0,0,0,0,0,0,0,0,1,0,0,1,0,1,0,1,0,0,0,0,0,0,0,0,0,0,0,0,0,0,1,0,0,0,0,0,1,0,0,0,0,0,0
55028,74.61538461538461,13,1521072000,83.06921180851924,17.0,0,5.3520943589e-05,2.4418307376e-05,4.9428654329e-05,0.5887952211976875,0,0,0,0,0,0,0,0,0,0,0,0,0,0,1,0,0,0,0,0,0,0,0,1,0,0,1,0,0,0,0,0,0,0,0,0,0,0,0,0,0,0,0,0,0,1,1,1,0,0,0,0,1,0,0,0,0,0
13192,70.0,2,1627516800,68.83536057579396,29.0,0,0.000227514153546,5.9721884305e-05,0.000203919916369,0.8229180343949887,0,0,1,0,0,0,0,0,1,0,0,0,0,0,0,0,0,1,1,1,0,0,0,1,0,0,0,0,0,0,0,0,0,0,0,0,0,0,0,0,0,0,0,0,0,1,1,1,0,0,0,1,0,1,0,0,0,0
19449,73.5,22,1477353600,73.39852500652756,119.0,0,0.000383343457598,0.000250165068739,0.000364616477459,0.3653226750189994,0,1,0,0,0,0,0,0,1,1,0,0,0,0,0,0,0,1,0,0,0,0,0,1,1,1,0,0,0,0,0,0,0,0,0,0,0,0,0,0,0,0,0,0,0,1,1,1,0,1,0,0,1,0,0,0,0,0
6072,74.22222222222223,9,1412640000,71.97554652003866,85.0,0,7.0561639764e-05,8.8013778594e-05,7.30156855e-05,-0.2390277629070099,0,0,0,0,0,0,0,0,1,0,0,1,0,0,0,0,0,1,0,0,0,0,0,1,1,0,0,0,0,0,1,0,0,0,0,0,0,0,0,0,0,0,0,0,0,1,0,0,0,0,0,0,1,0,0,0,0,0
25653,75.44444444444444,9,1503360000,67.94457118502424,80.0,0,0.000232247680261,0.000147098237204,0.000220274326756,0.3866034779677141,0,0,0,0,0,1,0,0,1,1,0,1,0,1,0,0,0,1,1,0,0,0,0,1,0,0,0,0,0,0,1,0,0,0,0,1,0,0,0,0,0,0,0,0,0,1,1,1,0,0,0,0,0,1,0,0,0,0
307765,60.0,1,1742515200,70.32818187242677,9.0,0,2.8385114438e-05,9.8261622452e-05,3.8210852601e-05,-1.8287433613596826,0,1,0,0,0,0,0,0,0,0,0,0,0,0,0,0,0,0,0,0,0,0,0,1,0,0,0,0,0,0,0,0,0,0,0,0,0,0,0,0,0,0,0,0,0,1,1,0,0,0,0,0,1,0,0,0,0,0
11544,78.83333333333333,6,1493683200,71.66696926804755,271.0,0,0.002361732982641,0.002551222793323,0.002388378236061,-0.07943298281591561,0,0,1,0,0,0,0,0,0,0,0,1,0,0,0,0,0,0,0,0,0,0,0,1,1,1,0,0,0,0,0,0,0,0,0,0,0,0,0,0,0,0,0,0,0,0,1,1,0,0,0,1,1,0,0,0,0,0
5601,88.33333333333333,12,1453766400,82.13269045707335,513.0,0,0.000128920408115,0.000140625914767,0.000130566386809,-0.08965761475310756,0,0,0,0,0,1,0,0,0,0,0,0,0,0,0,0,0,1,1,0,0,0,0,0,0,1,0,0,0,0,0,0,0,0,0,0,0,0,1,0,0,0,0,1,0,1,0,0,0,0,0,1,0,0,0,0,0,0
9196,75.0,1,1425254400,65.6821423058609,96.0,0,7.2872242635e-05,4.8983712989e-05,6.9513138924e-05,0.34366682744451704,0,0,0,0,0,0,0,0,0,1,0,1,0,0,0,0,0,1,1,0,0,0,0,1,0,0,1,0,1,0,0,0,0,0,0,0,0,0,0,0,0,0,0,0,0,1,0,0,0,0,0,1,0,0,0,0,0,0
127029,80.0,1,1655337600,56.00967351874245,8.0,0,7.5904908904e-05,6.4870322607e-05,7.4353272184e-05,0.1484130583171611,0,0,0,0,0,0,0,1,0,0,0,1,0,1,0,0,0,1,0,0,0,0,0,1,0,1,0,0,1,0,0,0,0,0,0,0,0,0,0,1,0,0,0,0,0,1,1,0,0,0,0,0,0,1,0,0,0,0
36550,86.0625,16,1579132800,83.98346335242847,170.0,0,0.000251992102712,9.0857677846e-05,0.000229334063371,0.7026993661441145,0,0,0,0,0,0,0,0,1,0,0,0,0,0,0,0,0,1,0,0,0,0,0,1,0,0,0,0,0,0,0,0,0,0,0,0,0,0,1,0,0,0,0,0,0,1,0,0,0,0,0,1,1,0,0,0,0,0
118272,66.8,10,1587686400,55.7395962115437,12.0,0,2.8401160292e-05,5.0994055564e-05,3.1578077393e-05,-0.7154726904060547,0,0,1,0,0,0,0,0,0,0,0,0,0,0,0,0,0,0,0,0,0,0,0,1,0,1,0,0,0,0,1,0,0,0,0,0,0,0,0,0,0,0,0,0,0,1,1,1,0,0,0,1,1,0,0,0,0,0
102321,70.11111111111111,9,1539648000,76.31585971348765,41.0,0,5.0536414881e-05,2.8880287238e-05,4.749122207e-05,0.45601357330818704,0,0,0,0,0,1,0,0,0,0,0,0,0,0,1,0,0,1,0,0,0,0,0,1,0,0,0,0,0,0,0,1,0,0,0,0,0,0,1,0,0,0,0,0,0,1,1,1,1,0,0,0,1,0,0,0,0,0
194696,90.0,1,1700438400,82.93675132512442,18.0,0,4.8418362249e-05,7.305879114e-06,4.2637299257e-05,0.9642580629598697,0,0,0,0,0,0,0,0,1,0,0,0,1,0,0,0,0,1,1,0,0,0,0,0,1,0,0,0,0,0,0,0,0,0,0,0,0,0,0,0,0,0,0,0,0,1,0,0,0,0,0,0,0,1,0,0,0,0
493,80.25,10,1266451200,81.53358368530323,1088.0,0,0.000134343906521,0.000145234992866,0.000135875364886,-0.08016041945903117,0,0,0,0,0,0,0,0,0,0,0,0,0,0,0,0,0,1,0,0,0,0,0,1,0,0,0,1,0,0,0,0,0,1,0,0,0,0,0,0,0,0,0,1,0,1,0,0,0,0,0,1,1,0,0,0,0,0
115060,90.83333333333333,6,1711065600,73.14954874928026,75.0,0,0.000522725762047,0.002048833280525,0.000737320528014,-2.0705649803055497,0,0,0,0,0,0,0,0,1,0,0,0,0,0,0,0,0,1,0,0,0,0,0,1,1,0,0,0,0,0,0,0,0,0,0,0,0,0,1,0,0,0,0,0,0,1,0,0,0,0,0,0,1,0,0,0,0,0
18980,76.72727272727273,11,1493251200,64.73950244434003,33.0,0,8.7281418874e-05,0.000570643094861,0.000155249687479,-3.113688689107219,0,0,0,0,0,0,0,1,0,1,0,1,0,0,0,0,0,0,0,0,0,0,0,1,1,1,0,0,0,0,0,0,0,0,0,0,0,0,0,0,0,0,0,0,0,1,1,0,0,0,0,0,0,1,0,0,0,0
9591,70.0,1,1401408000,62.94788790233295,122.0,0,0.000416935451423,0.000352937703798,0.000407936359611,0.15691369188766427,0,0,0,0,0,0,0,0,0,1,0,1,0,0,0,0,0,0,1,0,0,0,0,0,0,0,0,0,0,0,0,0,1,0,0,0,0,0,0,0,0,0,0,0,0,1,0,0,0,0,0,0,0,0,0,1,0,0
198388,45.0,1,1660608000,61.8062876862983,9.0,0,5.7051031309e-05,9.0318317643e-05,6.1728936004e-05,-0.5389419493375923,0,0,1,0,0,0,0,0,0,1,1,0,0,0,0,0,0,1,0,0,0,0,0,1,0,0,0,0,1,0,0,0,0,0,0,0,0,0,1,0,0,0,0,0,0,1,1,1,0,0,0,1,0,0,0,0,0,0
164867,85.6,5,1680134400,80.86322525729597,216.0,0,0.000337981830398,9.0171219406e-05,0.000303135753417,0.8176144398309887,0,0,0,0,0,0,0,0,1,1,0,0,0,0,0,0,0,1,0,0,0,0,0,1,0,0,1,0,0,0,0,0,0,0,0,0,0,0,1,0,0,0,0,1,0,1,0,0,0,0,0,0,0,1,0,0,0,0
252837,82.0,3,1718668800,72.57711359947285,100.0,0,4.8145582743e-05,3.540164242e-05,4.6353583911e-05,0.27493528243341436,0,0,0,0,0,0,0,0,0,0,0,0,0,0,0,0,0,1,1,0,0,0,0,1,1,1,1,0,0,0,1,0,0,0,0,0,0,0,0,0,0,0,0,0,0,1,0,0,0,0,0,1,0,0,0,0,0,0
9727,81.25,15,1442793600,82.54598412360124,649.0,0,0.000349237996468,8.9975088423e-05,0.000312781546053,0.8290241401080229,0,0,0,0,0,1,0,0,0,0,0,0,0,0,0,0,0,1,1,0,0,0,0,1,0,1,1,0,0,0,1,0,0,0,0,0,0,0,0,0,0,0,0,1,0,1,0,0,0,0,0,1,0,0,0,0,0,0
24863,87.11111111111111,9,1598486400,81.81830222789912,95.0,0,0.000141965686825,0.000156953819097,0.00014407325441,-0.10403882387439575,0,0,0,0,0,0,0,0,1,0,0,1,1,1,0,0,0,1,0,0,0,0,0,1,0,1,0,0,1,0,0,0,0,0,0,0,0,0,0,0,0,0,0,0,0,1,1,1,0,0,0,0,0,1,0,0,0,0
8729,68.29411764705883,17,1528070400,72.57638280675638,273.0,0,0.000136991472311,0.000245605023385,0.000152264249158,-0.71337704316828,0,0,0,0,0,0,0,0,1,0,0,0,0,0,0,0,0,1,0,0,0,0,0,1,0,0,1,0,0,0,0,0,0,0,0,0,0,0,0,0,0,0,0,0,0,1,0,0,0,0,0,0,1,0,0,0,0,0
2949,68.0,5,1242259200,73.66801574095626,160.0,0,0.000513659854948,0.000169064907293,0.000465204375075,0.740911120891514,0,0,1,0,0,0,0,0,0,0,0,0,0,0,0,0,0,0,0,0,0,0,0,1,0,1,1,0,1,0,0,0,0,0,0,0,0,0,0,0,0,0,0,0,0,1,1,1,0,0,0,1,0,0,0,0,0,0
101869,78.33333333333333,3,1568851200,74.57302864514537,42.0,0,4.8875669067e-05,1.3385939586e-05,4.3885253844e-05,0.8087114714969366,0,0,0,0,0,0,0,0,1,0,0,0,0,0,0,0,0,1,1,0,0,0,0,1,1,0,0,0,0,0,0,0,0,0,0,0,0,1,1,0,0,0,0,0,0,1,1,1,0,0,0,0,1,1,0,0,0,0
119285,77.42857142857143,7,1631232000,70.05038605997686,41.0,0,3.3054457741e-05,2.5398962291e-05,3.1977974443e-05,0.23940283855728667,0,0,0,0,0,0,0,0,1,0,0,0,0,0,0,0,0,1,1,0,0,0,0,1,1,0,0,0,0,0,0,0,0,0,0,0,0,0,0,0,0,0,0,0,0,1,0,0,0,0,0,0,1,0,0,0,0,0
118607,83.33333333333333,3,1600819200,81.21448578884161,36.0,0,4.1037269744e-05,1.966213104e-05,3.8031588406e-05,0.562047131412739,0,0,0,0,0,0,1,0,0,1,1,0,0,0,0,0,0,0,1,1,0,0,0,1,0,0,0,0,0,0,0,0,0,0,0,0,0,0,0,0,0,0,0,0,0,1,0,0,0,0,0,0,0,1,0,0,0,0
96437,84.88888888888889,9,1693958400,70.58303873815804,333.0,0,0.000753689774046,0.00351000910342,0.001141271706679,-2.4165077157889634,0,0,1,0,0,0,0,0,1,0,0,0,0,0,0,0,0,1,0,0,0,0,0,1,0,1,0,0,0,0,0,0,0,0,0,1,0,0,1,0,0,0,0,0,0,1,0,0,0,0,0,1,1,0,0,0,0,0
19686,92.83333333333333,12,1548374400,87.490042408292,1365.0,8,0.001345019581758,0.000255460605278,0.001191810420061,0.9147496137876985,0,0,1,0,0,0,0,0,0,0,0,0,0,0,0,0,0,1,0,0,0,0,0,1,0,0,1,0,1,0,0,0,0,0,0,0,0,0,0,0,0,0,0,0,0,1,0,0,0,0,0,0,1,0,0,0,0,0
113108,80.36363636363636,11,1580169600,73.51303403184845,64.0,0,4.3500308221e-05,3.8981032859e-05,4.2864826889e-05,0.10543311494034834,0,0,1,0,0,0,0,0,0,0,0,0,0,0,0,0,0,1,0,0,0,0,0,1,0,0,0,0,0,0,0,0,0,0,0,0,0,0,0,0,0,0,0,0,0,1,1,1,0,0,0,1,0,0,0,0,0,0
194404,83.25,8,1654819200,74.36042523527959,221.0,0,0.000126216681839,0.000173232690681,0.000132827873575,-0.35398542508902453,0,0,0,0,0,0,0,0,0,0,0,0,0,0,0,0,0,1,0,0,0,0,0,1,1,0,1,0,1,0,0,0,0,0,0,0,0,0,0,0,0,0,0,0,0,1,1,1,0,0,0,0,1,0,0,0,0,0
8211,71.8,10,1424131200,85.1676700405302,52.0,10,5.5229826963e-05,0.000153374428658,6.9030504554e-05,-1.4218060519163327,0,1,0,0,0,0,0,0,0,0,0,0,0,0,0,0,0,0,0,0,0,0,0,1,0,0,0,0,0,0,0,0,0,0,0,0,0,0,0,0,0,0,0,0,0,1,1,0,0,0,0,0,0,0,1,0,0,0
127044,82.33333333333333,12,1697760000,84.72212376443909,327.0,0,0.000115714670872,0.000225011270177,0.000131083495064,-0.8338484000999451,0,0,0,0,0,0,0,0,0,0,0,0,0,0,1,0,0,1,0,0,0,0,0,1,0,1,0,0,0,0,1,0,0,1,0,0,0,0,1,0,0,0,0,0,0,1,0,0,0,0,0,0,1,0,0,0,0,0
19150,70.66666666666667,3,1519171200,80.78324533429253,14.0,0,3.4651020141e-05,2.5546060528e-05,3.3370719341e-05,0.2728473257840221,0,0,0,0,1,0,0,0,1,0,0,0,0,0,0,0,0,1,1,0,0,0,0,1,1,0,0,0,0,0,0,0,0,0,0,0,0,0,0,0,0,0,0,0,0,1,1,1,0,0,0,0,0,0,1,0,0,0
868,82.66666666666667,3,1101081600,81.9704669986573,120.0,8,5.2309481667e-05,1.8338246905e-05,4.753259073e-05,0.7147105092372343,0,0,0,0,0,0,0,1,1,1,0,1,0,0,0,0,0,1,0,0,0,0,0,1,0,0,0,0,0,1,0,0,0,0,0,0,0,0,1,0,0,0,0,0,0,1,0,0,0,0,0,0,0,1,1,0,0,0
20927,76.0,1,1487894400,70.0905646031855,62.0,0,0.000117263095713,8.9190564491e-05,0.000113315655448,0.24775148331983046,0,0,0,0,0,0,0,0,0,1,0,1,0,0,0,0,0,0,1,0,0,0,0,0,0,0,0,0,0,0,0,0,1,0,0,0,0,0,0,0,0,0,0,0,0,1,0,0,0,0,0,0,0,1,0,0,0,0
517,80.85714285714286,7,1129507200,81.08862775075843,573.0,0,0.000127299776935,5.241600519e-05,0.000116769938586,0.64133067682892,0,0,1,0,0,0,0,0,0,0,0,0,0,0,0,0,0,0,0,0,0,0,0,1,0,1,1,0,0,0,0,0,0,0,0,0,0,0,0,0,0,0,0,0,0,1,1,0,0,0,0,1,0,0,0,0,0,0
55090,85.15384615384616,13,1512604800,84.07583872545993,161.0,8,0.000127323845714,3.8784901876e-05,0.000114873874987,0.7707934389472411,0,0,0,0,0,0,0,0,1,0,0,0,0,0,0,0,0,1,0,0,0,0,0,1,0,0,0,0,0,0,0,0,0,0,0,0,0,0,0,0,0,0,0,0,0,1,1,0,0,0,0,0,1,0,0,0,0,0
39749,88.0,1,1498089600,73.04880493602757,28.0,0,4.5080824768e-05,4.0255884248e-05,4.4402362098e-05,0.10866646301239581,1,0,0,0,0,1,0,0,1,1,0,1,0,0,0,0,0,1,1,0,0,0,0,0,0,0,1,0,0,1,0,0,0,0,0,0,0,0,0,0,0,0,0,0,0,1,0,0,0,0,0,1,0,0,0,0,0,0
134560,86.16666666666667,6,1663200000,77.25789181050709,83.0,0,0.00012146710927,3.069449883e-05,0.00010870304982,0.8350965693302651,0,0,1,1,0,0,0,0,0,0,0,0,0,0,0,0,0,1,0,0,0,0,0,1,1,0,1,0,0,0,0,0,0,0,0,0,0,0,0,0,0,0,0,0,0,1,0,0,0,0,0,1,0,0,0,0,0,0
51525,76.32352941176471,2,1502150400,77.25353160993912,168.0,0,6.740060667e-05,3.6186166352e-05,6.3011364474e-05,0.4953935532183329,1,0,0,0,0,0,0,0,0,0,0,0,0,0,0,0,0,1,0,0,0,0,0,1,0,0,0,0,0,0,0,0,0,0,0,0,0,0,0,0,0,0,0,0,0,1,0,0,0,0,0,0,1,0,0,0,0,0
122611,51.25,4,1573689600,70.03846302115106,58.0,0,0.000121402925857,6.609614125e-05,0.0001136259204,0.4867720894576027,0,0,1,0,0,0,0,0,1,0,0,0,0,0,0,0,0,1,0,0,0,0,0,1,0,1,0,0,0,0,0,0,0,0,0,0,0,0,0,0,0,0,0,0,0,1,0,0,0,0,0,1,0,0,0,0,0,0
23214,65.0,2,1471305600,69.79923916513064,11.0,0,5.4018365041e-05,6.3987733184e-05,5.5420215302e-05,-0.1798918379942324,0,0,0,0,0,0,0,0,0,1,0,1,1,0,0,0,0,0,0,0,0,1,0,0,0,0,0,0,0,0,0,0,0,0,0,0,0,0,0,0,1,0,0,0,0,1,1,0,0,1,0,0,0,0,0,0,0,0
228456,84.0,1,1670284800,81.92791034287586,29.0,9,0.000217694091343,7.0852317587e-05,0.000197045823975,0.7452897889310834,0,0,0,0,0,0,0,0,1,1,0,1,0,0,0,0,0,0,1,0,0,0,0,0,1,0,0,0,1,0,0,0,0,0,0,1,0,0,1,0,0,1,0,0,0,1,0,0,0,0,0,0,0,1,0,1,0,0
21,87.0,6,1265673600,80.77241458092026,1077.0,0,0.000103206928246,7.6245919617e-05,9.9415785573e-05,0.27120792363425544,0,0,1,0,0,1,0,0,1,0,0,0,0,0,0,0,0,1,0,0,0,0,0,1,0,1,0,1,0,0,0,0,0,0,0,0,0,0,1,0,0,0,0,0,0,1,1,0,0,0,0,1,0,0,0,0,0,0
27725,80.0,1,1516838400,78.8758155368578,63.0,0,0.000128743903729,1.1277531519e-05,0.000112226280725,1.0467509279899148,1,0,0,0,0,1,0,0,0,0,0,0,0,0,0,0,0,1,0,0,0,0,0,0,0,0,0,0,0,0,0,0,0,0,0,0,0,0,0,0,0,0,0,1,0,1,0,0,0,0,0,1,0,0,0,0,0,0
127342,73.14285714285714,7,1716249600,78.09435621619998,176.0,0,4.8442431029e-05,4.2707521535e-05,4.7636012381e-05,0.12039307658994695,0,0,0,0,0,0,0,0,0,0,0,0,0,0,0,0,0,1,0,0,0,0,0,1,1,0,1,0,0,0,0,0,0,0,0,0,0,0,0,0,0,0,0,0,0,1,0,0,0,0,0,0,1,0,0,0,0,0
20744,91.78947368421052,19,1351555200,87.94355643998047,106.0,9,7.2639577763e-05,3.8000377944e-05,6.7768760413e-05,0.511155484067481,0,0,0,0,0,0,0,0,1,0,0,0,0,0,0,0,0,1,0,0,0,0,0,1,1,0,0,0,0,1,0,1,0,0,0,0,0,0,0,0,0,0,0,0,0,1,0,0,0,0,0,0,1,0,0,0,0,0
9272,61.5,12,1434067200,70.72674365149736,29.0,0,3.7868213722e-05,0.000155531869471,5.44135779e-05,-2.1624539593125696,0,0,0,0,0,0,1,0,0,1,1,0,0,0,0,0,0,0,0,0,0,0,0,0,0,0,0,0,0,0,0,0,0,0,1,0,0,0,0,0,0,0,0,0,0,1,1,0,0,0,0,1,0,0,0,0,0,0
111,89.0,2,1283904000,77.95337988028746,529.0,0,0.000258803567426,9.0710579609e-05,0.000235167044479,0.714865266859262,0,0,0,0,0,1,0,0,0,0,0,0,0,0,0,0,0,1,1,0,0,0,0,1,0,0,1,0,1,0,0,0,0,0,0,0,0,0,0,0,0,0,0,0,0,1,0,0,0,0,0,1,0,0,0,0,0,0
27082,80.0,1,1655683200,74.58886503503865,157.0,0,0.002592993842925,0.001135647423962,0.002388067971108,0.6109900831996767,0,0,0,0,0,0,0,0,0,1,0,0,0,0,0,0,0,1,1,0,0,0,0,0,0,0,0,0,1,0,0,0,0,0,0,0,0,0,0,0,0,0,0,0,0,1,1,1,0,0,0,1,1,0,0,0,0,0
694,84.33333333333333,3,1127174400,83.9917399615502,207.0,10,5.7379971301e-05,2.8733189001e-05,5.3351782285e-05,0.5369557537669306,0,0,0,0,0,0,0,0,1,0,0,0,0,0,0,0,0,1,0,0,0,0,0,1,1,0,0,0,0,0,0,1,0,0,0,1,0,0,1,0,0,0,0,0,0,1,0,0,0,0,0,0,1,0,0,0,0,0
103224,78.0,2,1528156800,57.71150987874626,46.0,0,0.000346774957991,0.000662922722333,0.000391230315611,-0.8082441236980006,0,0,1,0,0,0,0,0,0,0,0,0,0,0,0,0,0,1,0,0,0,0,0,1,1,0,0,0,0,0,0,0,0,0,0,0,0,0,0,0,0,0,0,0,0,1,1,0,0,0,1,1,1,0,0,0,0,0
4,63.64285714285715,14,1393286400,69.9033737218165,334.0,0,0.00013909347909,0.000290568051224,0.000160393190914,-0.9444710133330914,0,0,1,0,0,0,0,0,0,0,0,0,0,0,0,0,0,1,0,0,0,0,0,1,0,0,0,0,0,0,1,0,0,0,0,1,0,0,0,0,0,0,0,0,0,1,0,0,0,0,0,1,0,0,0,0,0,0
68461,82.8,5,1510012800,82.14634180484494,46.0,3,0.000223574896567,0.000344455038786,0.00024057254943,-0.5025289965314406,0,0,0,0,0,0,0,0,1,0,0,0,0,0,1,0,0,0,0,0,0,0,0,1,1,0,0,0,0,0,0,0,0,0,0,0,0,0,0,0,0,0,0,0,0,1,1,1,0,0,0,0,1,0,0,0,0,0
28086,85.0,2,1516924800,78.38304971761146,27.0,0,6.2554758981e-05,7.9384015345e-05,6.4921217627e-05,-0.25923424207307805,0,0,0,0,0,0,0,0,0,1,0,1,0,0,0,0,0,0,0,0,0,0,0,0,0,0,0,0,0,0,0,0,1,0,0,0,0,0,0,0,0,0,0,0,0,1,0,0,0,0,0,0,0,1,0,0,0,0
117271,91.33333333333333,3,1670457600,83.03593822166958,27.0,0,4.8899737847e-05,3.2459677676e-05,4.6588006319e-05,0.35289003376251377,0,0,0,0,0,0,0,0,1,0,0,1,0,0,0,0,0,1,1,0,0,0,0,1,1,0,0,0,0,0,0,0,0,0,0,0,0,0,0,0,0,0,0,0,0,1,0,0,0,0,0,0,0,1,0,0,0,0
134101,72.375,8,1602201600,68.53016709164044,119.0,0,0.000344231690247,0.000655911039693,0.000388058718318,-0.8033315726833651,0,0,0,0,0,0,0,0,0,1,1,0,0,0,0,0,0,0,0,0,0,0,0,0,0,0,0,0,0,0,0,0,0,0,1,0,0,0,0,0,0,0,0,0,0,1,1,1,1,0,0,0,1,1,0,0,0,0
18968,77.24,25,1478217600,70.72686794283162,400.0,0,0.000136245340134,0.000558777170393,0.000195659973854,-2.1597322992075387,0,0,1,0,0,0,0,0,0,0,0,0,0,0,0,0,0,1,0,0,0,0,0,1,0,1,0,0,0,0,0,0,0,0,0,0,0,0,0,1,0,0,0,0,0,1,1,1,1,0,0,1,0,0,0,0,0,0
37777,80.0,17,1536883200,77.61902045188134,653.0,0,0.0005350008398,0.000625608802829,0.00054774174723,-0.16546625504554865,0,0,1,0,0,1,0,0,0,0,0,0,0,0,0,0,0,1,0,0,0,0,0,1,0,0,0,0,1,1,1,0,0,0,0,0,0,0,0,0,0,0,0,1,0,1,0,1,0,0,0,0,1,0,0,0,0,0
1880,78.4,5,1353974400,84.33373950108248,90.0,9,0.000121330719517,6.2516750812e-05,0.000113060548709,0.5202282678065422,0,0,0,0,0,0,0,0,1,0,0,1,0,0,0,0,0,1,0,0,0,0,0,0,1,0,0,0,0,0,0,0,0,0,0,0,0,0,0,0,0,0,0,0,0,1,1,1,0,0,0,0,0,1,0,0,0,0
1882,72.625,8,1378771200,67.2351472144036,245.0,0,6.3268799452e-05,0.000169506202005,7.8207452372e-05,-1.3584582230323339,0,0,0,0,0,1,0,0,0,0,0,0,0,0,0,0,0,1,1,0,0,0,0,1,0,0,1,0,1,0,1,0,0,0,0,0,0,0,0,0,0,0,0,0,0,1,0,0,0,0,0,1,0,0,0,0,0,0
6059,68.5,10,1442880000,78.06124198533641,24.0,0,5.6136417673e-05,9.2818987676e-05,6.129456507e-05,-0.5984820052268718,0,0,0,0,0,0,0,0,1,1,1,1,1,0,0,0,0,0,0,0,0,0,0,0,1,0,0,0,0,0,0,1,0,0,0,0,0,0,0,0,0,0,0,0,0,1,1,0,0,0,0,0,0,1,0,0,0,0
20392,73.75,4,1495065600,67.98040118799163,35.0,0,0.000145158811626,0.000176174655425,0.000149520128022,-0.20745141739796363,0,0,0,0,0,0,0,0,1,0,0,0,0,0,0,0,0,1,1,0,0,0,0,1,1,0,0,0,1,1,0,0,0,0,0,1,0,0,0,0,0,0,0,0,0,1,1,1,0,0,0,1,1,1,0,0,0,0
8864,80.0,4,1410998400,84.37393228540378,60.0,4,4.5345581347e-05,3.2410644931e-05,4.3526725454e-05,0.2971787513706069,0,0,0,0,0,0,0,0,1,0,0,1,1,0,0,0,0,1,1,0,0,0,0,0,1,1,0,0,0,0,0,0,0,0,0,1,0,0,0,0,0,0,0,0,0,1,0,0,0,0,0,0,0,1,0,0,0,0
5319,82.14285714285714,14,1430956800,75.54386672335089,98.0,0,9.1637868037e-05,0.000146411778764,9.9339943029e-05,-0.5514059061273335,0,0,0,0,0,0,1,0,0,1,1,0,0,0,0,0,0,0,0,0,0,0,0,1,0,0,0,0,0,0,0,0,0,0,0,0,0,0,0,0,0,0,0,0,0,1,1,0,0,0,0,1,1,0,0,0,0,1
152258,68.0,3,1670371200,79.79489348670809,16.0,0,9.8601768357e-05,0.000166662302752,0.000108172152012,-0.6292212384599996,0,0,0,0,0,0,0,0,0,1,0,1,0,0,0,0,0,0,1,0,0,0,0,0,0,0,0,0,1,0,0,0,0,0,0,0,0,0,0,0,0,0,0,0,0,1,0,0,0,0,0,0,0,1,0,0,0,0
107927,70.0,1,1583366400,64.0902820577463,20.0,0,5.0271658302e-05,2.5595093274e-05,4.6801744398e-05,0.5272697159915021,0,0,0,0,0,1,0,0,1,1,0,0,0,0,0,0,0,1,1,0,0,0,0,0,1,0,0,0,0,0,0,0,0,0,0,0,0,0,0,0,0,0,0,0,0,1,0,0,0,0,0,0,0,0,1,0,0,0
9333,55.0,1,1317168000,74.93200902534426,42.0,9,4.1470507782e-05,3.2802906897e-05,4.0251706511e-05,0.215339325410328,0,0,0,0,0,0,0,0,0,0,0,1,1,0,0,0,0,0,0,0,0,0,0,1,0,0,0,0,0,0,0,1,0,0,0,0,0,0,0,0,0,0,0,0,0,1,1,1,0,0,0,0,1,1,0,0,0,0
121435,44.57142857142857,7,1571702400,55.3242486385831,25.0,0,2.0193706343e-05,0.000165926811566,4.0686077444e-05,-3.5819641266152944,0,0,0,0,0,0,0,0,0,1,1,0,0,0,0,0,0,0,0,0,0,0,0,1,0,0,0,0,0,0,0,0,0,0,1,0,0,0,0,0,0,0,0,0,0,1,1,1,0,0,0,0,1,0,1,0,0,0
127358,77.5,4,1637020800,77.48474874765115,28.0,0,7.7637861057e-05,5.8152836441e-05,7.4897959545e-05,0.2601640207498162,0,0,0,0,0,0,0,0,1,0,0,0,1,0,0,0,0,1,1,0,0,0,0,0,1,0,0,0,0,0,0,0,0,0,0,0,0,0,0,0,0,0,0,0,0,1,0,0,0,0,0,0,0,1,1,0,0,0
132675,65.0,1,1603843200,72.15185595100911,9.0,0,4.7728390558e-05,0.000173330756172,6.5390062444e-05,-1.9208801375603706,0,0,0,0,0,0,0,0,1,0,0,0,0,0,0,0,0,1,0,0,0,0,0,1,1,0,0,0,0,0,0,0,0,0,0,0,0,0,0,0,0,0,0,0,0,1,0,0,0,0,0,0,1,0,0,0,0,0
121231,59.66666666666666,3,1579132800,58.89768790550314,5.0,0,7.5583991838e-05,0.000278996323231,0.000104186971066,-1.9524795239270991,0,0,0,0,0,0,0,0,0,1,0,1,1,0,0,0,0,0,0,0,0,0,0,0,0,0,0,0,0,0,0,0,0,0,0,0,0,0,0,0,0,0,0,0,0,1,0,0,0,0,0,0,0,0,0,0,0,0
1827,70.41666666666667,12,1370217600,73.26275399781724,266.0,0,0.000107226414491,0.000133957461347,0.000110985220915,-0.2408656754813022,0,0,0,0,1,0,0,0,0,0,0,0,0,0,0,0,0,1,0,0,0,0,0,1,0,1,0,0,0,0,1,0,0,0,0,0,0,0,0,0,0,0,0,0,0,1,0,0,0,0,0,0,1,0,0,0,0,0
194504,85.0,1,1699920000,70.17584625137474,25.0,0,5.4106617234e-05,4.6483042957e-05,5.3034622556e-05,0.14375093221141091,0,1,0,0,0,1,0,0,1,0,0,1,1,0,0,0,0,1,1,0,0,1,0,1,1,0,0,0,0,0,0,0,0,0,0,0,0,0,0,0,0,0,0,0,0,1,0,0,0,0,0,0,1,0,1,0,0,0
153,69.4,5,1063670400,83.83000751547229,412.0,0,0.000102260222903,2.5693158765e-05,9.1493687118e-05,0.8368945355469307,0,0,1,0,0,0,0,0,0,0,0,0,0,0,0,0,0,1,0,0,0,0,0,1,0,1,0,0,0,0,0,0,0,0,0,0,0,0,0,0,0,0,0,0,0,1,1,0,0,0,0,1,1,0,0,0,0,0
3173,85.0,4,1383868800,77.28620457359382,161.0,0,0.000221817875634,9.6986771063e-05,0.000204264655205,0.6111867630891885,0,0,1,0,1,0,0,0,1,0,0,0,0,0,1,0,0,1,1,0,0,0,0,1,1,1,0,0,1,0,0,0,0,0,0,0,0,0,0,0,0,0,0,0,0,1,1,1,0,0,0,0,0,0,1,0,0,0
8209,66.0,3,1447891200,88.71525312466096,12.0,0,4.5425810613e-05,0.000117629557018,5.5578795167e-05,-1.2991600963653525,0,0,0,0,0,0,0,0,1,1,0,1,1,1,0,0,0,0,0,0,0,0,0,0,1,0,0,0,1,0,0,0,0,0,0,0,0,0,0,1,0,0,0,0,0,1,1,0,0,0,0,0,1,0,0,0,0,0
9902,68.5,2,1399507200,82.6178966639147,48.0,10,0.000263914171694,0.000118316015458,0.000243440776547,0.5981573007060691,0,0,0,0,0,0,0,1,0,1,0,1,0,0,0,0,0,0,0,0,0,0,0,0,1,0,0,0,0,1,0,0,0,0,0,0,0,0,0,0,0,0,0,0,0,1,1,1,0,0,0,0,0,1,0,0,0,0
224705,65.0,1,1680652800,75.65114158381516,19.0,0,7.3225251407e-05,4.2854619772e-05,6.895466201e-05,0.4404586700299078,0,1,1,0,1,0,0,0,1,0,0,1,0,0,0,0,0,1,1,1,0,0,0,1,0,1,0,0,0,0,0,0,0,0,0,0,0,0,0,0,0,0,0,0,0,1,0,0,0,0,0,0,0,0,1,0,0,0
5574,36.125,8,1721865600,68.92075463431966,202.0,0,0.002630629391775,0.002067073461938,0.002551384547353,0.22116405347390125,0,0,1,0,0,0,0,0,1,1,0,1,0,0,0,0,0,1,1,0,0,0,0,1,0,0,1,0,1,0,0,0,0,0,0,1,0,0,1,0,0,0,0,0,0,1,1,1,1,0,0,1,1,0,0,0,0,1
35282,81.125,8,1537401600,89.04014436389468,105.0,0,0.00012595192526,5.7221214272e-05,0.000116287304215,0.5910766237905003,0,0,1,0,0,1,0,0,1,0,0,0,0,0,0,0,0,1,1,0,0,0,0,1,0,1,0,0,0,0,0,0,0,0,0,0,0,0,0,0,0,0,0,0,0,1,0,0,0,0,0,0,0,1,0,0,0,0
16612,78.75,8,1629331200,66.92361194410368,219.0,0,4.3275666275e-05,9.8604851673e-05,5.1055821636e-05,-1.0837274976978868,1,0,0,0,0,1,0,0,0,0,0,0,0,0,0,0,0,1,1,0,0,0,0,1,0,0,0,1,0,0,0,0,0,0,0,0,0,0,0,0,0,0,0,1,0,1,0,0,0,0,0,0,0,1,0,0,0,0
28225,70.0,1,1568851200,55.83969244210913,14.0,0,5.9417794667e-05,6.3497405726e-05,5.999145227e-05,-0.06800524531913567,0,0,1,0,0,0,0,0,0,1,0,1,0,1,0,0,0,0,1,1,0,0,0,1,0,0,0,0,0,0,1,0,0,0,0,0,0,0,0,0,0,0,0,0,0,1,1,1,0,0,0,0,0,1,0,0,0,0
165351,88.83333333333333,6,1660176000,80.4275604190319,223.0,0,0.000791951111173,0.000221480912484,0.000711734011594,0.801806822269585,0,0,0,0,0,0,0,0,1,1,0,1,0,0,1,0,0,1,1,0,0,0,0,1,1,0,0,0,0,0,0,1,0,0,0,0,0,0,0,0,0,0,0,0,0,1,1,1,1,0,0,0,0,1,0,0,0,0
31551,91.88888888888889,9,1687392000,82.91826144591502,193.0,0,0.000146362250622,0.000235357179527,0.000158876340035,-0.5601966805913486,0,0,0,0,0,0,0,0,1,0,0,0,0,0,0,0,0,1,0,0,0,0,0,1,1,0,0,0,0,0,0,0,0,0,0,0,0,0,0,0,0,0,0,0,0,1,0,0,0,0,0,0,1,0,0,0,0,0
152063,90.85714285714286,7,1632441600,88.52714551243038,131.0,10,0.000294417338764,0.000138223310226,0.000272453996998,0.573363970199945,0,0,1,0,0,0,0,0,1,0,0,0,0,0,0,0,0,1,0,0,0,0,0,1,0,1,0,0,1,0,1,0,0,0,0,0,0,0,1,0,0,0,0,0,0,1,0,0,0,0,0,0,1,0,0,0,0,0
891,80.0,1,1191974400,82.85910372410683,880.0,0,0.008378053460691,0.005747030062074,0.008008090110374,0.3298594413816451,0,0,1,0,0,0,0,0,0,0,0,0,0,0,0,0,0,0,0,0,0,0,0,1,0,0,0,0,0,0,0,1,0,0,0,0,0,0,0,0,0,0,0,0,0,0,1,1,0,0,0,1,0,0,0,0,0,0
731,88.125,8,1209427200,83.45130204223733,1836.0,0,0.001159256738426,0.001504863999344,0.001207854565496,-0.28630594316441194,0,0,1,0,0,0,1,0,0,0,0,0,0,0,0,0,0,1,0,0,0,0,0,1,0,0,0,0,0,0,0,0,0,0,0,0,0,0,1,0,0,0,0,0,0,1,1,0,0,0,0,0,1,0,0,0,0,0
911,77.57142857142857,5,1111968000,84.56062664288721,350.0,0,3.8389703954e-05,1.7063395516e-05,3.5390888921e-05,0.6026038470490611,0,0,1,0,0,0,0,0,0,0,0,0,0,1,0,0,0,0,0,0,0,0,0,1,0,0,0,0,0,0,1,0,0,0,0,0,0,0,0,0,0,0,0,0,0,1,1,1,0,0,0,1,1,0,0,0,0,0
111846,81.375,8,1559001600,72.59256946212241,59.0,0,3.6319788881e-05,3.6235199098e-05,3.6307894225e-05,0.002329832683353706,0,0,1,0,0,0,0,0,0,0,0,1,0,0,0,0,0,0,0,1,0,0,0,1,0,1,0,0,0,0,0,0,0,0,0,0,0,0,0,0,0,0,0,0,0,1,0,0,0,0,0,1,0,0,0,0,0,0
12524,76.0,1,1198195200,69.63309573162906,52.0,0,5.5783408901e-05,1.3974332534e-05,4.9904393923e-05,0.8378043755253793,0,0,0,0,0,0,0,0,1,1,0,0,0,0,0,0,0,0,1,0,0,0,0,1,1,0,0,0,0,0,0,1,1,0,0,0,0,0,0,0,0,0,0,0,0,1,0,0,0,0,0,0,0,1,0,1,0,0
6656,79.42857142857143,14,1397779200,70.77894589363828,111.0,10,0.000113708939213,7.5314297449e-05,0.000108310047546,0.35450747053636,0,1,0,0,0,0,0,0,0,0,0,0,0,0,0,0,0,0,0,1,0,0,0,1,0,0,0,0,0,0,0,0,0,0,0,0,0,0,0,0,0,0,0,0,0,1,1,0,0,0,0,0,0,0,1,0,0,0
21634,76.57142857142857,7,1469059200,64.66644435779814,36.0,0,6.9895736853e-05,3.2999037879e-05,6.4707479548e-05,0.5702260846051442,0,0,0,0,0,0,0,0,1,0,0,0,0,0,0,0,0,1,1,0,0,0,0,1,0,0,1,0,1,0,0,0,0,0,0,0,0,0,0,0,0,0,0,0,0,1,1,1,0,0,0,0,0,1,0,0,0,0
15,89.1,10,1225152000,83.35060249771459,1737.0,0,0.000136189179647,0.000193924509381,0.000144307676819,-0.4001138174505196,0,0,1,0,0,0,0,0,1,0,0,0,0,0,0,0,0,0,0,0,0,0,0,1,0,1,0,0,1,0,1,0,0,0,0,1,0,0,1,0,0,0,0,0,0,1,0,0,0,0,0,1,1,0,0,0,0,0
119342,86.33333333333333,3,1623110400,79.64058658601053,55.0,0,0.000302247715161,0.000455416142384,0.000323785609703,-0.473131659223181,0,1,0,0,0,0,0,0,0,0,0,0,0,1,1,0,0,0,1,0,0,0,0,1,0,0,0,0,0,1,0,0,0,0,0,0,0,0,0,1,0,0,0,0,0,0,1,0,0,0,0,1,1,0,0,0,0,0
126381,86.0,1,1773273600,79.68997471691947,15.0,0,0.000242821897567,6.9234236977e-05,0.000218412737041,0.7948557356590822,0,0,0,0,0,0,0,0,0,1,0,1,0,0,0,0,0,0,1,0,0,0,0,0,0,0,0,0,1,0,0,0,0,0,0,1,0,0,0,0,0,0,0,0,0,1,0,0,0,0,0,0,0,1,0,0,0,0
1255,71.5,2,1379376000,88.8918928236402,22.0,0,7.8544451767e-05,0.000119149572135,8.4254171559e-05,-0.48195632534270305,0,0,0,0,0,0,0,0,0,1,0,1,0,0,0,0,0,0,0,0,0,0,0,1,0,1,0,0,0,0,0,0,0,0,0,0,0,0,0,0,0,0,0,0,0,0,1,0,0,1,0,1,0,0,0,0,0,0
5506,66.5,2,1381708800,78.69343079361217,54.0,0,4.3171368229e-05,9.1298972558e-05,4.9938867807e-05,-0.963754449220555,0,0,0,0,0,0,0,0,0,1,0,1,0,0,0,0,0,0,1,0,0,0,0,0,0,0,0,0,0,0,0,0,0,0,0,0,1,0,0,0,0,0,0,0,0,1,0,0,0,0,0,0,0,0,0,1,0,0
107315,85.2,5,1620864000,75.35088571442921,131.0,4,0.000702864533806,0.000443893447136,0.000666449118075,0.38871290483864884,0,0,0,0,0,0,0,0,0,0,0,0,0,0,0,0,0,1,1,0,0,0,0,0,0,1,0,0,1,0,0,0,0,0,0,0,0,0,1,0,0,0,0,0,0,1,0,0,0,0,0,1,0,0,0,0,0,0
27117,90.0,10,1519689600,82.68673470287311,264.0,0,0.000153446494842,5.3445692851e-05,0.000139384806238,0.7174940642708931,0,0,0,0,0,1,0,0,1,1,0,1,1,0,0,0,0,0,1,0,0,0,0,0,0,1,0,0,0,0,0,0,0,0,0,0,0,0,0,0,0,0,0,0,0,1,0,0,0,0,0,0,0,1,0,0,0,0
7621,72.6,15,1495756800,76.24506992183157,228.0,0,3.6785118626e-05,2.4222176393e-05,3.5018570978e-05,0.35875713511413687,0,0,0,0,1,1,0,0,0,0,0,0,0,0,0,0,0,1,1,0,0,0,0,1,1,0,0,0,0,0,0,0,0,0,0,0,0,1,1,0,0,0,0,0,0,1,0,0,0,0,0,0,1,0,0,0,0,0
75247,78.0,6,1516579200,78.896439520284,81.0,0,9.6732426451e-05,3.8343607165e-05,8.8522038351e-05,0.6596256105738835,0,0,0,0,0,1,0,0,0,1,0,0,0,0,0,0,0,1,1,0,1,0,0,0,0,1,0,1,0,0,0,0,0,0,0,0,0,0,0,0,0,0,0,0,0,1,0,0,0,0,0,0,0,0,1,0,0,0
1970,84.57142857142857,21,1383004800,83.24861528807241,1745.0,0,0.000504979048328,0.000398587190077,0.000490018676502,0.21717115739564366,0,0,0,0,0,0,0,0,0,0,0,0,0,0,0,0,0,1,0,0,0,0,0,1,1,1,0,0,0,1,1,0,0,0,0,1,0,0,1,0,0,0,0,0,0,1,1,1,0,0,0,0,1,0,0,0,0,0
137001,76.88888888888889,9,1605225600,73.73252544884016,197.0,0,0.00012673817207,0.000192355461517,0.000135964996984,-0.48263708769782765,0,0,1,0,0,0,0,0,0,0,0,0,0,0,0,0,0,0,0,0,0,0,0,1,0,0,0,0,0,1,0,0,0,0,0,0,0,0,0,1,0,0,0,0,0,1,1,1,1,0,0,1,0,0,0,0,0,0
47101,0.0,0,1220313600,70.53703184288105,28.0,0,5.3922089921e-05,7.2323299959e-05,5.6509590024e-05,-0.32563906316973157,0,0,0,0,0,0,0,0,1,0,0,1,0,0,0,0,0,1,0,0,0,0,0,0,1,0,0,0,0,0,0,0,0,0,0,0,0,0,0,0,0,0,0,0,0,1,1,1,0,1,0,0,1,0,0,0,0,0
16136,72.0909090909091,11,1472515200,74.0957963111552,58.0,0,6.1816649731e-05,5.5554100917e-05,6.0936036681e-05,0.10277563098335016,0,0,1,0,1,0,0,0,1,1,0,0,0,0,0,0,0,1,1,0,0,0,0,1,0,0,1,0,1,0,0,0,0,0,0,0,0,0,0,0,0,0,0,0,0,1,0,0,0,0,0,0,0,0,1,0,0,0
18645,76.0909090909091,11,1510012800,70.06915714555169,30.0,0,3.846993322e-05,4.3393979975e-05,3.9162331788e-05,-0.12573672067340746,0,0,0,0,0,0,0,0,1,0,0,0,1,0,1,0,0,1,1,0,0,1,0,1,1,0,0,0,0,0,0,0,0,0,0,0,0,0,0,0,0,0,0,0,0,1,0,0,0,0,0,0,1,0,0,0,0,0
488,69.42857142857143,7,1282003200,67.89922042475959,126.0,0,4.6661341315e-05,0.000150089234694,6.1204932973e-05,-1.6899137613790451,0,0,1,0,0,0,0,0,0,0,0,0,0,0,0,0,0,1,0,0,0,0,0,1,0,0,0,0,0,0,0,0,0,0,0,0,0,0,1,0,0,0,0,0,0,1,1,1,0,0,0,0,1,0,0,0,0,0
5541,74.71428571428571,14,1411948800,79.65009808776564,173.0,0,5.1900312409e-05,3.540164242e-05,4.9580339417e-05,0.33277462769430216,0,0,0,0,0,1,0,0,0,0,0,0,0,0,0,0,0,1,0,0,0,0,0,1,0,0,0,0,0,0,0,0,0,0,0,0,0,0,1,0,0,0,0,1,0,1,0,0,0,0,0,1,1,0,0,0,0,0
117008,75.0,1,1568851200,74.04962862189089,48.0,0,6.3300891159e-05,3.9226196588e-05,5.9915609726e-05,0.4018220944241317,0,0,0,0,0,1,0,0,0,1,0,0,0,0,0,0,0,0,1,1,1,0,0,0,0,0,0,0,0,0,0,0,0,1,0,0,0,0,0,0,0,0,0,0,0,1,0,0,0,0,0,0,0,1,1,0,0,0
297683,70.0,1,1777420800,,,0,5.6272807425e-05,5.8250901933e-05,5.6550958685e-05,-0.03497996294036208,0,0,0,0,0,0,0,0,0,0,0,0,0,0,0,0,0,0,1,0,0,0,0,1,1,0,0,0,0,0,0,0,0,0,0,0,0,0,0,0,0,0,0,0,0,1,1,1,0,0,0,0,0,1,0,0,0,0
8713,75.0,2,1461196800,50.0,3.0,0,3.2043568984e-05,8.9582826457e-05,4.0134495306e-05,-1.4336896896571643,0,0,0,0,0,0,0,1,0,0,0,1,0,1,0,0,0,0,0,0,0,0,0,0,0,1,0,0,0,0,0,0,0,0,0,0,0,0,0,1,0,0,0,0,0,1,1,1,0,0,0,0,0,1,0,0,0,0
3115,80.0,1,1407283200,55.9416180599643,21.0,0,1.4465336725e-05,0.000266640071305,4.9925078253e-05,-5.0511894677730895,1,0,0,0,0,0,0,1,0,1,0,1,0,0,0,0,0,0,1,0,0,0,0,0,0,0,0,0,0,0,0,0,0,0,0,1,0,0,1,0,0,1,0,0,0,1,1,0,0,0,0,0,0,1,0,0,0,0
2192,77.0,5,1252368000,78.03787381025118,57.0,0,3.2581105069e-05,2.3192488733e-05,3.1260917663e-05,0.30033549190172903,0,0,0,0,1,0,0,0,0,0,0,0,0,0,0,0,0,1,0,0,0,0,0,1,0,0,0,0,0,0,1,0,0,0,0,0,0,0,1,0,0,0,0,0,0,1,0,0,0,0,0,0,1,0,0,0,0,0
28951,83.27272727272727,11,1503619200,78.55680662397188,33.0,0,4.1671080948e-05,3.6970690284e-05,4.101013195e-05,0.11461770108159619,0,0,0,0,0,0,1,0,0,1,1,0,0,0,0,0,0,0,0,0,0,0,0,0,0,0,0,0,0,0,0,0,0,0,1,0,0,0,0,0,0,0,0,0,0,1,1,0,0,0,0,1,1,0,0,0,0,0
185642,60.0,1,1682380800,74.94156903845263,12.0,0,5.2357619227e-05,9.208349649e-05,5.7943703583e-05,-0.6856142380890067,0,0,0,0,1,0,0,0,1,0,0,0,0,0,1,0,0,1,1,0,0,0,0,1,1,0,0,0,0,0,0,0,0,0,0,0,0,0,0,0,0,0,0,0,0,1,0,0,0,0,0,0,0,0,1,0,0,0
182179,59.0,2,1665705600,69.82486642036555,9.0,0,2.4534109653e-05,0.0001511679551,4.2340823858e-05,-2.9908847958051026,0,1,0,0,0,0,0,0,0,0,0,0,0,0,0,0,0,0,0,0,0,0,0,1,0,0,0,0,1,0,0,0,0,0,0,0,0,0,0,0,1,0,0,0,0,1,1,1,0,0,0,0,1,0,0,0,0,0
121881,73.0,4,1629676800,68.84175934822805,11.0,0,2.6652162285e-05,9.840872069e-05,3.6742265159e-05,-1.9530063357729164,0,0,0,0,0,0,0,0,1,0,0,1,1,0,0,0,0,1,0,0,0,0,0,0,1,0,0,0,0,1,0,0,0,0,0,0,0,0,0,1,0,0,0,0,0,1,0,0,0,0,0,0,1,0,0,0,0,0
37294,56.0,3,1516665600,53.13899218381302,5.0,0,3.0013768546e-05,4.873854926e-05,3.2646767785e-05,-0.5735663171140737,0,0,0,0,0,0,0,0,1,1,0,0,0,0,0,0,0,0,1,0,0,0,0,0,0,0,0,0,0,0,0,0,0,0,0,0,0,0,0,0,0,0,0,0,0,1,1,1,0,0,0,0,0,0,0,0,0,0
100359,73.0,6,1535414400,59.52872993670014,76.0,0,2.6098580347e-05,0.000130868398366,4.0830867755e-05,-2.565998781960905,0,0,0,0,0,0,0,0,0,1,1,0,0,0,0,0,0,0,0,0,0,0,0,0,0,0,0,0,0,0,0,0,0,0,1,0,0,0,0,0,0,0,0,0,0,1,1,1,0,0,0,0,0,1,0,0,0,0
25741,85.5,2,1478736000,69.71027565324069,10.0,4,2.8465343705e-05,6.0016080779e-05,3.2901874524e-05,-0.9589501074577131,0,0,0,0,0,0,0,1,1,1,0,1,0,0,0,0,0,0,1,0,0,0,0,0,0,1,0,0,0,0,0,0,0,0,0,0,0,0,0,1,0,0,0,0,0,1,1,1,0,0,0,0,0,1,0,0,0,0
113107,81.42857142857143,7,1568851200,76.94029384523566,108.0,0,6.4841293073e-05,1.3042710365e-05,5.7557596086e-05,0.899969368374133,0,0,0,1,0,0,0,0,0,0,0,0,0,0,0,0,0,1,1,1,0,0,0,1,1,0,0,0,0,0,0,0,0,0,0,0,0,0,0,0,0,0,0,0,0,1,0,0,0,0,0,0,1,0,0,0,0,0
217597,79.83333333333333,6,1676937600,77.71477363619532,38.0,8,3.660861424e-05,4.6090780991e-05,3.7941956308e-05,-0.24991717767176472,0,0,0,0,0,0,0,0,1,0,0,0,0,0,1,0,0,1,0,0,0,0,0,1,0,0,0,0,0,1,0,0,0,0,0,0,0,0,0,0,0,0,0,0,0,1,0,0,0,0,0,0,1,0,0,0,0,0
127348,68.14285714285714,7,1624233600,49.91281267910657,17.0,0,1.8637258576e-05,0.000116943098577,3.2460608813e-05,-3.028514840630642,0,0,0,0,0,0,0,0,1,0,0,0,0,0,0,0,0,0,0,0,0,0,0,1,1,0,0,0,0,0,0,0,0,0,0,0,0,0,0,0,0,0,0,0,0,0,0,1,0,0,0,0,1,0,0,0,0,0
27134,81.83333333333333,6,1589328000,80.62394869236995,248.0,0,0.002676344027747,0.000461545235601,0.002364908416095,0.9376332056594326,0,0,1,0,0,0,0,0,0,0,0,0,0,0,0,0,0,1,1,0,0,0,0,1,0,1,0,0,0,0,0,0,0,0,0,0,0,0,0,0,0,0,0,0,0,1,1,1,0,0,0,1,0,0,0,0,0,0
116578,75.0,1,1637020800,78.75504032817646,10.0,0,3.9360478077e-05,1.9269869074e-05,3.6535421857e-05,0.5499040380275109,0,0,0,0,0,1,0,0,0,1,0,1,0,0,0,0,0,1,1,0,0,1,0,0,0,0,0,0,0,0,0,0,0,0,0,0,0,0,0,0,0,0,0,0,0,1,0,0,0,0,0,0,1,0,0,0,0,0
111117,80.0,1,1542844800,62.6305598920012,45.0,0,3.7442998611e-05,1.8681476125e-05,3.4804832899e-05,0.5390587288374162,0,0,0,0,0,0,0,0,0,0,0,0,0,0,0,0,0,1,1,0,0,0,0,0,0,0,0,0,0,0,0,1,0,0,0,0,0,0,0,0,0,0,0,1,0,1,0,0,0,0,0,1,0,0,0,0,0,0
144153,73.8,10,1629676800,65.71727757601161,37.0,0,0.000158308388383,0.000245114695928,0.000170514723144,-0.5091273446113288,0,0,1,0,0,0,0,0,1,0,0,0,0,0,0,0,0,0,0,0,0,0,0,1,0,1,1,0,0,0,0,0,0,0,0,0,0,0,0,0,0,0,0,0,0,1,1,1,0,0,0,0,1,0,0,0,0,0
1331,84.0,10,1279670400,80.98931147176117,1572.0,0,0.000425560097557,0.000207947874661,0.000394960389818,0.551081069856657,0,0,0,0,1,1,0,0,0,0,0,0,0,0,0,0,0,1,1,0,0,0,0,1,0,0,1,0,0,0,0,0,0,0,0,0,0,0,0,0,0,0,0,0,0,1,0,0,0,0,0,0,0,0,1,0,0,0
11171,72.9,20,1488758400,72.57258946735297,269.0,0,0.000618872514853,0.000953147544337,0.000665876851607,-0.5021744025670498,0,0,1,0,0,0,0,0,0,0,0,0,0,1,0,0,0,1,0,0,0,0,0,1,0,0,0,0,0,0,1,0,0,0,0,0,0,0,1,0,0,0,0,0,0,1,1,1,0,0,0,1,1,0,0,0,0,0
101448,82.5,2,1603756800,79.7687593971582,37.0,0,6.6165075968e-05,1.4415627246e-05,5.8888287994e-05,0.8787990649437508,0,0,0,0,0,1,0,0,1,0,0,0,0,0,0,0,0,1,1,0,0,0,0,0,0,0,0,0,0,0,0,0,0,0,0,0,0,1,0,0,0,0,0,0,0,1,0,0,0,0,0,0,1,0,0,0,0,0
10637,89.33333333333333,3,1461801600,68.47969375700006,28.0,0,3.4466492829e-05,6.2958045523e-05,3.8472854116e-05,-0.7405767370482574,0,0,0,0,0,0,0,1,0,1,0,1,0,0,0,0,0,0,1,0,0,0,0,0,0,1,0,0,0,0,0,0,0,0,0,0,0,0,0,0,0,0,0,0,0,1,1,1,0,0,0,0,0,1,0,0,0,0
204360,70.0,3,1668556800,69.86399300972138,48.0,0,8.1649324375e-05,1.068913857e-05,7.1671204039e-05,0.9901149231006205,0,0,0,0,0,0,0,0,0,1,0,0,0,0,0,0,0,1,0,0,0,0,0,1,0,0,0,0,0,0,0,1,0,0,0,1,0,0,0,0,0,0,0,0,0,1,1,1,0,0,0,0,1,0,0,0,0,0
1081,70.4375,16,1396569600,71.7949923974705,348.0,0,0.001006853224047,0.001403121051945,0.001062574725159,-0.37312982638776826,0,0,0,0,0,0,0,0,1,0,0,0,0,0,0,0,0,1,0,0,0,0,0,1,1,0,0,0,0,0,0,0,0,0,0,0,0,0,1,0,0,0,0,0,0,1,1,1,0,1,0,1,1,0,0,0,0,0
26602,94.28571428571429,7,1728604800,86.77237383674027,89.0,0,0.000253853421692,0.000156855753605,0.00024021402104,0.40384535965294044,0,0,0,0,0,0,0,0,1,0,0,0,1,0,0,0,0,1,0,0,0,0,0,1,1,0,0,0,0,0,0,0,0,0,0,0,0,0,0,0,0,0,0,0,0,1,0,0,0,0,0,0,1,0,0,0,0,0
7046,85.5,2,1597363200,86.24142451703287,293.0,0,0.001674946393813,0.000315721849786,0.001483818003846,0.9167112895419142,0,0,0,0,0,0,0,0,0,1,0,1,0,0,0,0,0,0,1,0,0,0,0,0,0,1,0,0,1,0,0,0,0,0,0,1,0,0,0,0,0,0,0,0,0,1,1,1,0,0,0,0,0,1,0,0,0,0
37001,90.75,12,1583798400,87.1387696250228,557.0,0,0.001058938063769,0.000230502937699,0.000942447030309,0.8794398159659604,0,0,0,0,1,0,0,0,0,0,0,0,0,0,0,0,0,1,0,0,0,0,0,1,1,0,0,0,0,0,0,0,0,0,0,0,0,0,0,0,0,0,0,0,0,1,0,0,0,0,0,0,0,0,1,0,0,0
219442,77.16666666666667,6,1669680000,72.65062800111096,82.0,0,0.000239933643978,0.000966043156465,0.00034203608369,-2.1232662805674347,0,0,0,0,0,0,1,0,0,0,0,0,0,0,0,0,0,0,0,0,0,0,0,1,0,0,0,0,0,0,0,0,0,0,0,0,0,0,0,0,0,0,0,0,0,1,1,0,0,0,0,0,1,0,0,0,0,0
3102,86.57142857142857,7,1430092800,86.16908368380656,196.0,0,0.000971448048802,0.000298021028576,0.000876753597689,0.7684282033899639,0,0,0,0,0,0,0,0,0,1,0,0,0,0,0,0,0,0,1,0,0,0,0,0,0,1,0,0,0,0,0,0,0,0,0,1,1,0,1,0,0,0,0,0,0,1,0,0,0,0,0,1,1,1,0,0,0,0
11800,91.3076923076923,13,1505347200,87.60989851170466,437.0,0,0.001461504453587,0.000390202590557,0.001310862529742,0.8177851224946453,0,0,0,0,0,0,0,0,1,0,0,1,0,0,0,0,0,1,0,0,0,0,0,0,1,0,0,0,0,0,0,0,0,0,0,0,0,0,0,0,0,0,0,0,0,1,1,1,0,0,0,0,0,1,0,0,0,0
1338,81.07692307692308,12,1444089600,75.53766089758946,188.0,0,0.000516989369502,0.000386917396593,0.000498699200397,0.260887532012865,0,0,0,0,0,0,0,0,0,1,0,1,0,0,0,0,0,1,1,0,0,0,0,1,0,0,0,0,0,0,0,0,1,0,1,1,0,0,0,0,0,0,0,0,0,1,1,0,0,0,0,0,0,1,0,0,0,0
28171,45.0,1,1491955200,60.3187785408823,26.0,0,7.4645309422e-05,0.00013979235809,8.3806011072e-05,-0.777387894420138,0,0,0,0,0,0,0,0,0,1,0,1,0,0,0,0,0,1,1,0,0,0,0,1,0,0,0,0,0,0,0,0,0,0,0,1,0,0,0,1,0,0,0,0,0,1,0,0,0,0,0,0,0,0,0,0,0,0
2593,0.0,0,1569801600,64.89823722094583,28.0,0,5.5133551843e-05,0.000573732157842,0.000128056688082,-4.050017363936671,0,0,0,0,0,0,0,0,1,0,0,0,0,0,0,0,0,1,1,0,0,0,0,0,1,0,0,0,0,0,0,0,0,0,0,1,0,0,0,0,0,0,0,0,0,1,1,1,0,0,0,0,1,0,0,0,0,0
17012,80.0,1,1453334400,77.58557974303861,50.0,0,0.00016702128671,0.000118414080949,0.000160186347613,0.30346592881867723,0,0,0,0,1,0,0,0,0,0,0,0,0,0,0,0,0,0,1,1,0,0,0,1,0,0,0,0,0,0,0,1,0,0,0,0,0,0,0,0,1,0,0,0,0,1,1,1,1,0,0,0,0,0,1,0,0,0
8366,67.91666666666667,12,1403568000,70.96616342132067,196.0,0,0.000179095791297,0.000235062983052,0.000186965660406,-0.29937274813952747,0,0,1,0,0,0,0,0,0,1,0,0,0,1,0,0,0,1,0,0,0,0,0,1,0,0,0,0,0,1,1,0,0,0,0,0,0,0,0,1,0,0,0,0,0,1,1,1,0,0,0,1,1,0,0,0,0,0
9694,85.0,8,1343260800,83.42160071288676,256.0,0,0.00020549121993,4.8934680243e-05,0.000183476903384,0.8533548289438636,0,0,0,0,0,0,0,0,0,0,0,0,0,0,0,0,0,1,0,0,1,0,0,1,0,0,0,1,0,0,0,0,0,0,0,0,0,0,0,0,0,0,0,1,0,1,0,0,0,0,0,1,1,0,0,0,0,0
7223,68.66666666666667,6,1289520000,71.94629525045923,44.0,0,3.3888842111e-05,0.000121405078439,4.6195004046e-05,-1.8945394534814637,0,0,0,0,0,0,0,0,1,0,0,0,0,0,0,0,0,0,0,0,0,0,0,1,1,0,0,0,0,0,0,0,0,0,0,0,0,0,1,0,0,0,0,0,0,1,1,1,0,0,0,0,1,0,0,0,0,0
20850,60.0,1,1359072000,69.97504089621061,16.0,11,2.4205169661e-05,0.000107332680413,3.5894207622e-05,-2.315944776287228,0,0,1,0,0,0,0,0,0,1,0,0,0,0,0,0,0,0,0,0,0,0,0,1,0,0,0,0,0,0,0,0,0,0,0,0,0,0,0,1,0,0,0,0,0,1,1,1,0,0,0,1,1,0,0,0,0,0
25951,78.0,1,1499990400,80.0,4.0,0,5.7147306429e-05,4.2217194078e-05,5.5047897359e-05,0.2712278579053663,0,0,0,0,0,0,0,1,0,1,0,1,0,1,0,0,0,0,1,0,0,0,0,0,0,0,0,0,0,1,0,0,0,0,0,0,0,0,0,1,0,0,0,0,0,1,0,0,0,0,0,0,0,1,0,0,0,0
18389,75.0,2,1457913600,76.36510393903154,31.0,0,4.1687126801e-05,1.1228498773e-05,3.7404163724e-05,0.8143263912797994,0,0,1,0,0,0,0,0,0,0,0,0,0,0,0,0,0,0,1,0,0,0,0,1,0,0,0,1,0,0,1,0,0,0,0,0,0,0,0,0,0,0,0,0,0,1,0,0,0,0,0,0,0,0,1,0,0,0
17231,85.25,4,1378944000,77.11687015552056,13.0,0,3.5998871816e-05,3.6725526555e-05,3.6101050923e-05,-0.020128717498303937,0,0,0,0,0,0,0,0,1,0,0,1,1,0,0,0,0,0,0,0,0,1,0,0,0,0,0,0,0,1,0,0,0,0,0,0,0,0,0,0,0,0,0,0,0,1,1,1,0,0,0,0,0,0,0,0,0,0
7637,56.0,1,1362009600,63.28271845531982,20.0,0,3.2613196776e-05,2.6281551714e-05,3.1722867704e-05,0.19959562135172196,0,0,1,0,0,0,0,0,0,0,0,0,0,1,0,0,0,0,0,0,0,0,0,1,0,0,1,0,0,1,1,0,0,0,0,0,0,0,0,1,0,0,0,0,0,1,1,1,0,0,0,0,0,0,0,0,0,0
25341,79.0,2,1477353600,60.0,4.0,0,3.4691134774e-05,4.4815929602e-05,3.6114840477e-05,-0.28035504299189024,0,0,0,0,0,0,0,0,0,0,0,0,0,0,0,0,0,1,0,0,0,0,0,1,0,0,0,0,0,0,0,0,0,0,0,0,0,0,0,0,0,0,0,0,0,0,1,0,0,0,0,1,0,0,0,0,0,0
122318,0.0,0,1569283200,49.83802221645292,12.0,0,9.2929559226e-05,5.0258564378e-05,8.6929344927e-05,0.49089118913503776,0,0,0,0,0,0,0,0,0,1,0,0,0,0,0,0,0,0,1,0,1,0,0,0,0,0,0,0,0,0,0,0,0,1,0,0,0,0,0,0,0,0,0,0,0,1,0,0,0,0,0,0,0,0,1,1,0,0
23636,66.66666666666667,3,1401753600,61.08652581817178,13.0,0,0.00020024422591,0.00088229522675,0.000296151344596,-2.303389815591832,0,0,1,0,0,0,0,0,0,1,1,0,0,0,0,0,0,1,0,0,0,0,0,1,0,0,0,0,0,0,0,0,0,0,0,0,0,0,0,0,0,0,0,0,0,1,1,1,0,0,0,1,0,0,0,0,0,0
13215,80.0,1,1474329600,67.81865909319423,25.0,8,9.6756495231e-05,0.000131898086026,0.000101697956669,-0.3455662122404813,0,0,0,0,0,0,0,1,0,0,0,1,0,0,0,0,0,0,0,0,0,0,0,1,1,0,0,0,0,1,0,0,0,0,0,0,0,0,0,0,0,0,0,0,0,1,1,1,0,0,0,0,0,1,0,0,0,0
19409,63.85714285714285,7,1477353600,76.19653620794723,20.0,0,0.000187568001825,7.9923375548e-05,0.000172431471073,0.6243286448873653,0,0,0,0,0,0,0,0,0,1,0,1,0,0,0,0,0,0,0,0,0,0,0,0,0,0,0,0,0,0,0,0,1,0,0,0,0,0,0,0,0,0,0,0,0,1,1,1,0,0,0,0,1,0,0,0,0,0
7887,70.0,1,1286928000,61.01192746647637,18.0,0,4.2521511171e-05,0.000125670927318,5.4213629375e-05,-1.533777963236573,0,0,0,0,0,0,0,0,1,0,0,0,0,0,1,0,0,1,0,0,0,0,0,1,1,0,0,0,0,1,0,0,0,0,0,0,0,0,0,0,0,0,0,0,0,1,1,1,0,1,0,1,1,0,0,0,0,0
2047,65.0,3,1366761600,75.44906202053195,34.0,0,5.0841286093e-05,4.3835274687e-05,4.9856130486e-05,0.14052807513462465,0,0,0,0,0,1,0,0,0,0,1,1,1,0,0,0,0,0,0,0,0,1,0,0,0,0,0,0,0,0,0,1,0,0,0,0,0,0,0,0,0,0,0,0,0,1,0,0,0,0,0,1,0,0,0,0,0,0
26671,60.0,1,1469404800,68.33253430167282,19.0,0,9.2359931434e-05,2.8978352729e-05,8.3447482682e-05,0.7595702248605968,0,0,0,0,0,0,0,0,0,0,0,0,0,0,0,0,0,0,1,0,0,0,0,0,0,0,0,0,0,0,0,1,0,0,0,0,0,0,0,0,0,0,0,0,0,1,0,0,0,0,0,0,0,0,1,0,0,0
8774,78.0,6,1423008000,70.87016507375803,108.0,0,4.0194862447e-05,2.2309899309e-05,3.7679954793e-05,0.4746635229909534,0,0,0,0,1,0,0,0,0,0,0,0,0,0,0,0,0,1,0,0,0,0,0,0,0,1,0,0,0,0,0,0,0,0,0,0,0,0,1,0,0,0,0,0,0,1,0,0,0,0,0,0,1,0,0,0,0,0
9609,90.0,1,1537228800,78.34975924552076,29.0,0,5.3336416277e-05,2.6575748188e-05,4.9573444641e-05,0.5398319924420913,0,0,0,0,0,0,1,0,0,0,0,0,0,0,0,0,0,1,1,1,0,0,0,1,0,0,0,0,1,0,0,0,0,0,0,0,0,0,0,0,0,0,0,0,0,1,1,1,1,0,0,1,1,0,0,0,0,1
7630,61.66666666666666,5,1474588800,56.7687094365631,9.0,0,5.0335841715e-05,0.000307925643214,8.6557026984e-05,-2.9760836112069726,0,0,1,0,0,0,0,0,1,0,0,0,0,0,0,0,0,1,0,0,0,0,0,1,0,1,0,0,0,0,0,0,0,0,0,0,0,0,0,0,0,0,0,0,0,0,1,1,0,1,0,0,1,0,0,0,0,0
18093,50.0,1,1421280000,56.03133035400833,8.0,0,0.000366776114095,0.001551396075046,0.000533352348208,-2.2216754960895915,0,0,1,0,0,0,0,0,1,0,0,0,0,0,0,0,0,1,0,0,0,0,0,1,0,0,1,0,1,0,0,0,0,0,0,0,0,0,0,0,0,0,0,0,0,0,1,0,0,1,0,0,0,0,0,0,0,0
2959,75.0,1,1321488000,75.29090927674557,93.0,0,5.9923239045e-05,0.000240113355863,8.526080896e-05,-2.1134891925662025,0,0,0,0,0,0,0,1,0,1,0,1,0,0,0,0,0,0,0,0,0,0,0,0,0,1,0,0,0,0,0,0,0,0,0,1,0,0,0,0,0,0,0,0,0,1,1,1,0,0,0,0,0,1,0,0,0,0
18967,85.44444444444444,9,1415664000,82.29523550968193,39.0,9,9.3170247025e-05,6.1928357863e-05,8.8777145089e-05,0.35192927068136287,0,0,0,0,0,0,0,0,1,0,0,1,1,1,0,0,0,0,0,0,0,0,0,1,1,0,0,0,0,0,0,0,0,1,0,0,0,0,0,1,0,0,0,0,0,1,0,0,0,0,0,0,1,0,0,0,0,0
19549,79.66666666666667,3,1490227200,70.97236911134668,14.0,0,0.000145792622831,0.000190394151688,0.000152064300633,-0.2933293332855246,0,0,1,0,0,0,0,0,0,0,0,1,0,1,0,0,0,0,1,0,0,0,0,1,0,0,0,0,0,0,0,0,0,0,0,0,0,0,0,1,0,0,0,0,0,0,1,1,0,0,0,1,0,0,0,0,0,0
140972,89.0,3,1612483200,86.57262013116936,12.0,3,0.000320636263011,0.000271200116659,0.000313684761804,0.15762289294908569,0,0,0,0,0,0,0,0,1,0,0,0,0,0,1,0,0,1,0,0,0,0,0,1,1,0,0,0,0,1,0,0,0,0,0,0,0,0,0,0,0,0,0,0,0,1,1,1,0,0,0,0,1,0,0,0,0,0
24539,76.25,4,1458777600,70.03610433344137,6.0,0,5.0640712927e-05,3.9765556791e-05,4.91114946e-05,0.22144353923613075,0,0,0,0,0,0,0,0,0,0,0,0,0,0,0,0,0,1,1,0,0,0,0,0,0,0,0,0,0,0,0,0,0,0,0,0,0,0,0,0,0,0,0,1,0,1,0,0,0,0,0,0,1,0,0,0,0,0
150512,78.2,5,1660003200,69.72942801306158,28.0,0,4.5818934019e-05,4.035394974e-05,4.505047111e-05,0.12131077086385487,0,0,0,0,0,0,0,0,0,1,0,1,0,0,0,0,0,0,1,0,0,0,0,1,0,0,0,0,0,0,0,1,1,0,0,1,0,0,0,0,0,0,0,0,0,1,0,0,0,0,0,0,0,1,0,0,0,0
216178,82.5,2,1667865600,63.48961348147944,38.0,0,0.000141564540493,9.8653884418e-05,0.00013553062605,0.3166337020204563,0,0,0,0,0,0,0,0,0,1,1,0,0,0,0,0,0,0,0,0,0,0,0,0,0,0,0,0,0,0,0,0,1,0,0,0,0,0,0,0,0,0,0,0,0,1,1,0,0,0,0,1,1,0,0,0,0,0
2607,58.07142857142857,14,1382054400,51.08385011733014,50.0,0,2.4822935012e-05,9.1053808829e-05,3.4136039557e-05,-1.940236919688339,0,0,0,0,1,0,0,0,0,0,0,0,0,0,0,0,0,1,0,0,0,0,0,1,0,0,0,0,0,0,0,0,0,0,0,0,0,0,0,0,0,0,0,0,0,1,1,0,0,0,0,0,1,0,1,0,0,0
3066,70.0,1,1351468800,78.14080935417793,11.0,0,3.579829865e-05,6.7223894402e-05,4.0217232627e-05,-0.78141198735573,0,0,1,0,0,0,0,0,0,0,0,0,0,0,0,0,0,0,1,0,0,0,0,1,0,0,0,0,0,0,0,0,0,0,0,0,0,0,0,0,0,0,0,0,0,0,1,0,0,0,0,1,1,0,0,0,0,0
20920,70.0,1,1432166400,25.29338161931401,9.0,0,4.0908902917e-05,6.2516750812e-05,4.3947306834e-05,-0.49168707371541875,0,0,1,0,0,0,0,0,0,0,0,0,0,0,0,0,0,0,1,0,0,0,0,1,0,0,0,0,0,0,0,0,0,0,0,0,0,0,0,0,0,0,0,0,0,0,1,0,0,0,0,1,0,0,0,0,0,0
202864,80.0,2,1653523200,88.09917355371901,8.0,10,0.000143650501419,5.5308937189e-05,0.000131228285375,0.6732341301783352,0,0,0,1,0,0,0,0,0,0,0,0,0,0,0,0,0,0,0,1,0,0,0,1,1,0,0,0,0,0,0,0,0,0,0,0,0,0,0,0,0,0,0,0,0,1,0,0,0,0,0,0,0,0,0,0,0,0
3777,80.0,3,1185062400,78.29629323084382,77.0,11,4.796105543e-05,3.3587430828e-05,4.5939897307e-05,0.3128860882042284,0,0,0,0,0,0,1,0,0,0,0,0,0,0,0,0,0,0,0,1,0,0,0,1,0,0,0,0,0,0,0,0,0,0,0,0,0,0,0,0,0,0,0,0,0,1,1,0,1,0,0,1,1,0,0,0,0,0
17875,80.0,1,1473379200,80.0,4.0,0,3.5982825963e-05,6.5017420844e-05,4.0065547539e-05,-0.7246918688013398,0,0,1,0,0,0,0,0,0,0,0,0,0,0,0,0,0,0,1,0,0,0,0,1,0,1,0,0,0,0,0,0,0,0,0,0,0,0,0,0,0,0,0,0,0,1,1,1,0,0,0,1,0,0,0,0,0,0
154986,79.28571428571429,7,1633046400,73.14005607495066,98.0,0,0.000780574601203,0.001156094078933,0.000833378557323,-0.4507866534894971,0,0,0,0,0,0,0,0,0,1,1,0,0,0,0,0,0,0,0,0,0,0,0,1,0,0,0,0,0,0,0,0,0,0,1,0,0,0,0,0,0,0,0,0,0,1,1,1,1,1,0,0,1,1,0,0,0,0
157446,73.28571428571429,7,1631145600,60.96608729325524,24.0,0,0.000180539918092,0.000813453251739,0.000269537506444,-2.3484621309580747,0,0,0,0,0,0,0,0,0,1,1,0,0,0,0,0,0,0,0,0,0,0,0,1,0,0,0,0,0,0,0,0,1,0,1,0,0,0,0,0,0,0,0,0,0,1,1,1,0,0,0,0,1,0,0,0,0,0
103283,81.28571428571429,7,1529884800,75.6080019771696,204.0,4,0.000106047044276,5.0797924581e-05,9.8278147414e-05,0.5621985761325745,0,0,0,0,0,0,0,0,0,0,0,0,0,0,0,0,0,1,0,0,0,0,0,1,0,0,0,0,0,0,0,0,0,1,0,0,0,0,0,0,0,0,0,0,0,1,0,0,0,0,0,0,0,0,0,0,0,0
7003,83.75,7,1256774400,80.21335721621776,133.0,3,6.036450001e-05,0.00012978967796,7.0126774053e-05,-0.9900300297709668,0,0,0,0,0,0,0,0,0,0,0,0,0,0,0,0,0,1,0,0,0,0,0,1,0,0,0,0,0,0,0,0,0,0,0,1,0,0,1,0,0,0,0,0,0,1,1,0,0,0,0,0,1,0,0,0,0,0
43165,70.2,10,1547510400,79.24718377323475,107.0,0,0.00031827752258,0.000176468851899,0.000298336988818,0.47540140288059723,0,0,0,0,0,0,0,0,1,1,0,0,0,0,0,0,0,1,1,0,0,0,0,1,1,0,0,0,1,0,0,0,0,0,0,1,0,0,1,0,0,0,0,0,0,1,0,0,0,0,0,0,1,0,0,0,0,0
152397,75.0,2,1635292800,76.55794237461988,14.0,9,3.842179566e-05,5.0994055564e-05,4.018965352e-05,-0.3128295827043137,0,0,0,0,0,1,0,0,0,0,0,1,0,0,0,0,0,1,0,0,0,0,0,1,0,0,1,0,1,0,0,0,0,0,0,0,0,0,0,0,0,0,0,0,0,1,0,0,0,0,0,1,1,0,0,0,0,0
118871,72.5,8,1570665600,73.0252342926977,43.0,0,3.6408041074e-05,9.8506786181e-05,4.5140103207e-05,-1.3757200860521572,0,0,0,0,0,0,1,0,0,1,1,0,0,0,0,0,0,0,0,0,0,0,0,1,0,0,0,0,0,0,0,0,0,0,0,0,0,0,0,0,0,0,0,0,0,1,1,0,0,0,0,1,1,0,0,0,0,0
132058,90.5,6,1651104000,77.42227232429664,50.0,0,0.000105445324778,6.5017420844e-05,9.976052441e-05,0.40526972661812566,0,0,0,0,1,0,0,0,1,0,0,0,0,0,0,0,0,1,1,0,0,0,0,1,0,0,0,0,0,0,0,0,0,0,0,0,0,0,0,0,0,0,0,0,0,1,0,0,0,0,0,0,0,0,1,0,0,0
59858,90.0,1,1540339200,90.12610005127445,32.0,0,4.9814351483e-05,9.806549147e-06,4.418862402e-05,0.9054069268201155,0,1,0,0,0,0,0,0,0,0,1,0,0,0,0,0,0,0,1,1,0,0,0,1,0,0,0,0,0,0,0,0,0,0,0,0,0,0,0,0,0,0,0,0,0,1,1,1,0,0,0,0,0,0,1,0,0,0
11006,67.72727272727273,11,1427328000,65.33753236678577,16.0,0,4.02109083e-05,1.4562725483e-05,3.6604369624e-05,0.7006991923472845,0,0,0,0,0,0,0,0,0,0,0,0,0,0,1,0,0,0,0,0,0,0,0,1,0,0,0,0,0,0,0,0,0,0,0,0,0,0,0,0,0,0,0,0,0,1,1,0,0,0,0,0,1,0,0,0,0,0
266683,72.33333333333333,6,1707868800,77.31434656570383,31.0,3,4.9164494426e-05,3.5352609675e-05,4.7222325778e-05,0.2924932356789788,0,0,1,0,0,1,0,0,0,0,0,1,0,0,0,0,0,1,0,0,0,0,0,1,0,0,0,0,0,0,0,0,0,0,0,0,0,0,0,0,0,0,0,0,0,1,0,0,0,0,0,0,1,0,0,0,0,0
182278,75.0,4,1716854400,69.24604569413441,102.0,0,0.000724614687917,0.001367719409524,0.000815045346016,-0.7893631549708855,0,1,0,0,0,0,0,0,0,0,0,0,0,0,0,0,0,0,0,0,0,0,0,1,1,1,0,0,0,0,0,0,0,0,0,0,0,0,0,0,0,0,0,0,0,1,1,1,0,0,0,0,0,0,1,0,0,0
4839,66.0,10,1374105600,65.04775690577105,62.0,0,2.9484255388e-05,4.9621138684e-05,3.2315818502e-05,-0.6231378191127733,0,0,1,0,0,0,0,0,0,0,0,0,0,0,0,0,0,0,0,0,0,0,0,1,0,1,0,0,0,0,0,0,0,0,0,0,0,0,0,1,0,0,0,0,0,1,1,1,0,0,0,0,1,1,0,0,0,0
36911,87.05555555555556,18,1516924800,83.56389663189611,223.0,0,0.000529336653595,0.000343131154652,0.00050315322616,0.37017021909178244,0,1,0,0,0,0,0,0,0,0,0,0,0,0,0,0,0,0,0,0,0,0,0,1,1,1,0,0,0,0,0,0,0,0,0,0,0,0,0,0,0,0,0,0,0,1,1,0,0,0,0,0,0,0,1,0,0,0
55056,77.66666666666667,3,1573689600,88.48091665106375,180.0,9,0.00123602010048,0.000411924096917,0.001120139216022,0.7361205257131094,0,0,0,0,0,0,0,1,0,0,0,1,0,0,0,0,0,0,0,0,0,0,0,0,0,0,0,0,0,1,0,0,0,0,0,0,0,0,0,1,0,0,0,0,0,1,1,1,0,0,0,0,0,1,0,0,0,0
562,85.2,4,1271116800,76.97656173872701,328.0,0,5.1162203158e-05,0.000122532831591,6.1198038196e-05,-1.16625980808995,0,0,1,0,0,0,0,0,0,0,0,0,0,1,0,0,0,0,0,0,0,0,0,1,0,0,0,0,0,0,1,0,0,0,0,0,0,0,0,1,0,0,0,0,0,1,1,1,0,0,0,0,1,0,0,0,0,0
19561,74.6875,16,1556236800,79.68895311507956,580.0,0,0.000767770010292,0.000365097824741,0.000711147955572,0.5664297354457873,0,0,1,0,0,0,0,0,0,0,0,0,0,0,0,0,0,1,0,0,0,0,0,1,0,0,1,0,1,0,0,0,0,0,0,1,0,0,1,0,0,0,0,0,0,1,0,0,0,0,0,0,1,0,0,0,0,0
19,84.28571428571429,6,1066089600,85.91442261421464,1022.0,0,9.0514658308e-05,3.1969350219e-05,8.2282265416e-05,0.711547213488303,0,0,1,0,0,0,0,0,0,0,0,0,0,0,0,0,0,0,0,0,0,0,0,1,0,0,0,1,0,0,0,0,0,0,0,0,0,0,0,0,0,0,0,0,0,1,0,0,0,0,0,0,1,0,0,0,0,0
119313,76.6,9,1596499200,73.61504289877787,553.0,0,0.00309006228559,0.004343761911893,0.00326635220923,-0.38444905671650087,0,0,0,0,1,0,1,0,0,0,0,0,0,0,0,0,0,0,1,0,0,0,0,1,0,0,0,0,0,0,0,1,0,0,0,0,0,0,0,0,1,0,0,0,0,0,1,1,0,0,1,0,1,0,0,0,0,0
150010,71.75,8,1667779200,75.02665841118025,75.0,0,0.000178076879614,0.000111990791258,0.000168784134187,0.3915751066240762,0,0,0,0,1,0,0,0,0,0,0,0,0,0,0,0,0,1,0,0,0,0,0,1,0,1,0,0,0,0,0,0,0,0,0,0,0,0,1,0,0,0,0,0,0,1,0,0,0,0,0,0,1,0,1,0,0,0
173432,70.0,1,1670544000,69.61599649497538,27.0,0,0.000114671690409,6.7272927148e-05,0.000108006677371,0.4388740035356202,0,0,1,0,0,0,0,0,0,0,0,0,0,0,0,0,0,1,1,0,0,0,0,1,0,0,1,0,1,0,0,0,0,0,0,0,0,0,1,0,0,0,0,0,0,1,0,0,0,0,0,1,0,0,0,0,0,0
466,81.0,5,1235001600,78.06491599045762,130.0,0,9.0643025134e-05,7.2372332704e-05,8.8073877864e-05,0.2074564836553569,0,0,0,0,0,0,0,1,0,0,0,1,0,0,0,0,0,0,0,0,0,0,0,0,0,1,0,0,0,0,0,0,0,0,0,0,0,0,0,0,0,0,0,0,0,1,1,1,0,0,0,0,0,1,0,0,0,0
2025,68.6,5,1269993600,84.84443291393349,390.0,0,0.001304784604678,0.000185000549657,0.001147325320642,0.9765550279395099,0,0,1,0,0,0,0,0,1,1,0,1,0,0,0,0,0,1,0,0,0,0,0,1,1,0,0,0,0,1,0,0,0,0,0,1,0,0,1,0,0,1,0,0,0,1,1,0,0,0,0,1,1,0,0,0,0,0
24905,80.0,3,1478649600,74.70719829723711,119.0,0,0.000204135345328,0.000112922413427,0.000191309369742,0.47682796033519653,0,0,0,0,0,0,0,0,1,1,0,1,0,0,0,0,0,1,1,0,0,0,0,0,0,0,0,0,0,0,1,0,0,1,0,0,0,0,0,0,0,0,0,0,0,1,0,0,0,0,0,0,0,0,1,0,0,0
3180,30.0,1,1351123200,68.82892425249051,13.0,0,3.8967354671e-05,1.9416967311e-05,3.6218262128e-05,0.5398034099288126,0,0,0,0,0,0,0,0,0,1,0,1,0,0,0,0,0,0,0,0,0,0,0,0,0,0,0,0,0,0,0,0,0,0,0,0,0,0,0,0,0,0,0,0,0,1,1,1,0,0,0,0,0,0,0,0,0,0
1910,77.18181818181819,11,1378252800,77.17690345271048,684.0,0,0.000972539166825,0.000218587980485,0.000866521749032,0.87046608763992,0,0,0,0,0,0,0,0,0,0,0,0,0,0,0,0,0,1,1,0,0,0,0,1,0,0,1,0,1,0,1,0,0,0,0,0,0,0,0,0,0,0,0,1,0,1,0,0,0,0,0,1,0,0,0,0,0,0
12579,87.61538461538461,13,1484179200,88.93127399546694,199.0,0,0.00013370207239,0.000158130604994,0.000137137109027,-0.17814439700692164,1,0,0,0,0,0,0,0,0,0,0,0,0,0,0,0,0,1,0,0,1,0,0,0,0,1,0,1,1,0,0,0,0,1,0,0,0,0,0,0,0,0,0,1,0,1,0,0,0,0,0,1,1,0,0,0,0,0
144569,95.0,2,1699488000,80.3401955521896,25.0,0,0.000280890684456,4.6237879228e-05,0.00024789480231,0.9466995130394066,0,0,0,0,1,0,0,0,0,0,0,0,0,0,0,0,0,1,1,0,0,0,0,1,0,1,0,0,0,0,0,0,0,0,0,0,0,0,0,0,0,0,0,0,0,1,0,0,0,0,0,0,0,0,1,0,0,0
7675,70.28571428571429,7,1446595200,69.03322708510315,21.0,0,2.876219199e-05,5.7760574475e-05,3.2839821533e-05,-0.8830394709699138,0,0,0,0,0,0,0,0,1,0,0,1,1,1,0,0,0,1,1,0,0,0,0,0,1,0,1,0,0,1,0,0,0,0,0,0,0,0,0,0,0,0,0,0,0,1,0,0,0,0,0,0,0,1,0,0,0,0
152424,80.0,1,1679961600,73.26258466607626,44.0,0,4.9084265159e-05,4.2609456043e-05,4.8173804966e-05,0.13440842128649605,0,0,0,0,0,1,0,0,0,1,0,1,0,0,0,0,0,0,1,0,0,0,0,0,0,1,0,0,0,0,0,0,0,0,0,1,1,0,0,0,0,0,0,0,0,1,0,0,0,0,0,0,0,1,0,0,0,0
306,87.5,2,1080000000,77.81717069203421,535.0,0,6.7440721303e-05,9.0857677846e-05,7.0733514404e-05,-0.33107056693522857,0,0,1,0,0,0,0,0,0,0,0,0,0,0,0,0,0,0,0,0,0,0,0,1,0,1,0,0,0,0,0,0,0,0,0,0,0,0,0,0,0,0,0,0,0,1,1,0,0,0,0,1,0,0,0,0,0,0
7642,66.18181818181819,11,1401321600,69.25189058974004,93.0,0,5.3978250407e-05,4.3001718009e-05,5.2434776981e-05,0.20934236404737303,0,0,0,0,0,1,0,0,0,0,0,0,0,0,0,0,0,1,1,0,0,0,0,1,0,0,1,0,0,0,1,0,0,0,0,0,0,0,0,0,0,0,0,0,0,1,0,0,0,0,0,1,0,0,0,0,0,1
15167,87.58333333333333,12,1449619200,79.61462354087374,102.0,0,4.5104893548e-05,1.9122770837e-05,4.1451397661e-05,0.626822318934162,0,0,0,0,0,0,0,0,1,0,0,1,1,0,0,0,0,1,1,0,0,0,0,1,0,1,0,0,0,0,0,0,0,0,0,0,0,0,0,0,0,0,0,0,0,1,0,0,0,0,0,0,0,0,1,0,0,0
2129,91.42857142857143,7,1346976000,84.46138909402242,308.0,0,0.00012323215313,2.333958697e-05,0.00010918568419,0.9149369738437413,0,0,0,0,1,0,0,0,0,0,0,0,0,0,0,0,0,1,1,0,0,0,0,1,0,0,0,0,0,0,1,0,0,0,0,0,0,0,0,0,0,0,0,0,0,1,0,0,0,0,0,0,0,0,1,0,0,0
